"CountryNum","StateNum","Route","RouteName","Active","Stratum","BCR","RouteTypeID","RouteTypeDetailID","pt_id","name_clean","rteno","RTENAME","SUM_ARC_LE","MIN_rte_le","MAX_rte_le","MIN_date_a","MAX_date_a","line_id","name_clean.line","name_similarity","dist_to_line"
840,"02","001","ST FLORIAN",1,14,27,1,1,1,"st florian",2001,"ST FLORIAN",39343.2,39343.2,39343.2,1998,1998,1,"st florian",1,6.72217711692913
840,"02","002","HILLSBORO",0,14,24,1,1,2,"hillsboro",2002,"HILLSBORO",38721.309,38721.31,38721.31,2001,2001,2,"hillsboro",1,0.0566406427028421
840,"02","004","TRADE",1,13,28,1,1,4,"trade",2004,"TRADE",38132.3,38132.3,38132.3,1998,1998,3,"trade",1,185.806392815548
840,"02","005","SUMMITT",0,13,28,1,1,5,"summitt",2005,"SUMMITT",39093.945,39093.95,39093.95,2001,2001,4,"summitt",1,0.378137089484951
840,"02","006","VALHERMOSO SPGS",0,14,24,1,1,6,"valhermoso spgs",2006,"VALHRMSA SPG",46576,46576,46576,1998,1998,5,"valhrmsa spg",0.883333333333333,6.30249737058807
840,"02","007","SWAIM",1,14,24,1,1,7,"swaim",2007,"SWAIM",44022,44022,44022,1998,1998,6,"swaim",1,1.35524864256023
840,"02","008","PINE GROVE",1,13,28,1,1,8,"pine grove",2008,"PINE GROVE",40435,40435,40435,1998,1998,7,"pine grove",1,20.0481660805186
840,"02","009","DAWSON",0,13,28,1,1,9,"dawson",2009,"DAWSON",40163.5,40163.5,40163.5,1998,1998,8,"dawson",1,1.01748873769957
840,"02","010","MILLERVILLE",1,11,29,1,1,10,"millerville",2010,"MILLERVILLE",40426.6,40426.6,40426.6,1998,1998,9,"millerville",1,14.2808209449387
840,"02","011","DEARMANVILLE",0,13,28,1,1,11,"dearmanville",2011,"DEARMANVILLE",35248.426,35248.43,35248.43,2001,2001,10,"dearmanville",1,0.968203763689876
840,"02","012","SUNNY EVE",1,13,28,1,1,12,"sunny eve",2012,"SUNNY EVE",35108.3,35108.3,35108.3,1998,1998,11,"sunny eve",1,21.2238805248363
840,"02","013","GREENSPORT",1,13,28,1,1,13,"greensport",2013,"GREENSPORT",37452.4,37452.4,37452.4,1998,1998,12,"greensport",1,0.263934214175864
840,"02","014","SMYER LAKE",1,13,28,1,1,14,"smyer lake",2014,"SMYER LAKE",42712.8,42712.8,42712.8,1998,1998,13,"smyer lake",1,436.11966012498
840,"02","015","MT OLIVE",1,13,28,1,1,15,"mt olive",2015,"MT OLIVE",40920.3,40920.3,40920.3,1998,1998,14,"mt olive",1,22.3031785630608
840,"02","016","HOWARD",1,13,27,1,1,16,"howard",2016,"HOWARD",41849.7,41849.7,41849.7,1998,1998,15,"howard",1,44.9258038318398
840,"02","017","MAYTOWN",1,13,28,1,1,17,"maytown",2017,"MAYTOWN",39765.3,39765.3,39765.3,1998,1998,16,"maytown",1,18.6330645574306
840,"02","019","LIBERTY",1,4,27,1,1,19,"liberty",2019,"LIBERTY",41622.1,41622.1,41622.1,1998,1998,17,"liberty",1,0.756137531760129
840,"02","020","RIDERWOOD",1,4,27,1,1,20,"riderwood",2020,"RIDERWOOD",37579.8,37579.8,37579.8,1998,1998,18,"riderwood",1,6.62931735979043
840,"02","021","LINDEN",1,4,27,1,1,21,"linden",2021,"LINDEN",47011.2,47011.2,47011.2,1998,1998,19,"linden",1,0.0975692215876594
840,"02","022","HARRELL",1,4,27,1,1,22,"harrell",2022,"HARRELL",39821.1,39821.1,39821.1,1998,1998,20,"harrell",1,11.0601616843675
840,"02","023","GREENSBORO",1,4,27,1,1,23,"greensboro",2023,"GREENSBORO",38349,38349,38349,1998,1998,21,"greensboro",1,1.05152607638004
840,"02","024","SPRAGUE",1,4,27,1,1,24,"sprague",2024,"SPRAGUE",42658.8,42658.8,42658.8,1998,1998,22,"sprague",1,0.72394844635465
840,"02","025","BILLINGSLEY",1,4,27,1,1,25,"billingsley",2025,"BILLINGSLEY",40750,40750,40750,1998,1998,23,"billingsley",1,1.36583575459301
840,"02","026","WALLSBORO",1,4,27,1,1,26,"wallsboro",2026,"WALLSBORO",42437.3,42437.3,42437.3,1998,1998,24,"wallsboro",1,5.23472323130016
840,"02","027","WARRIOR STD",1,4,27,1,1,27,"warrior std",2027,"WARRIOR STD",41772.3,41772.3,41772.3,1998,1998,25,"warrior std",1,29.4579783774375
840,"02","028","LANETT",1,11,29,1,1,28,"lanett",2028,"LANETT",40098.4,40098.4,40098.4,1998,1998,26,"lanett",1,1.12608535266294
840,"02","029","COTTONTON",1,4,27,1,1,29,"cottonton",2029,"COTTONTON",37971.5,37971.5,37971.5,1998,1998,27,"cottonton",1,29.0666022156064
840,"02","030","NEWTON",1,4,27,1,1,30,"newton",2030,"NEWTON",40052.1,40052.1,40052.1,1998,1998,28,"newton",1,108.714824754423
840,"02","031","GRANGEBURG",1,4,27,1,1,31,"grangeburg",2031,"GRANGEBURG",38757.8,38757.8,38757.8,1998,1998,29,"grangeburg",1,4.54899115851375
840,"02","032","BRUNDIDGE",1,4,27,1,1,32,"brundidge",2032,"BRUNDIDGE",37820,37820,37820,1998,1998,30,"brundidge",1,158.503141703896
840,"02","033","BRANTLEY",1,4,27,1,1,33,"brantley",2033,"BRANTLEY",42784.3,42784.3,42784.3,1998,1998,31,"brantley",1,4.01955095193699
840,"02","034","SOUTH",1,4,27,1,1,34,"south",2034,"SOUTH",40886.6,40886.6,40886.6,1998,1998,32,"south",1,0.927127323085983
840,"02","035","MCLELLAN",1,4,27,1,1,35,"mclellan",2035,"MCLELLAN",39516,39516,39516,1998,1998,33,"mclellan",1,11.1488489780728
840,"02","036","BEATRICE",1,4,27,1,1,36,"beatrice",2036,"BEATRICE",42200.7,42200.8,42200.8,1998,1998,34,"beatrice",1,6.12761621033521
840,"02","037","LATHAM",0,4,27,1,1,37,"latham",2037,"LATHAM",37016.2,37016.2,37016.2,1998,1998,35,"latham",1,9.06176361799926
840,"02","038","CASTLEBERRY",1,4,27,1,1,38,"castleberry",2038,"CASTLEBERRY",40001.3,40001.3,40001.3,1998,1998,36,"castleberry",1,109.164687292259
840,"02","039","MILLRY",1,4,27,1,1,39,"millry",2039,"MILLRY",39681.3,39681.3,39681.3,1998,1998,37,"millry",1,0.384850629481389
840,"02","040","DAUPHIN IS",0,3,27,1,1,40,"dauphin is",2040,"DAUPHIN IS",45708.254,45708.25,45708.25,2001,2001,38,"dauphin is",1,614.239174089718
840,"02","041","ALABAMA PT",0,3,27,1,1,41,"alabama pt",2041,"ALABAMA PT",42733.4,42733.4,42733.4,1998,1998,39,"alabama pt",1,23.0008204712819
840,"02","042","FOLEY",0,3,27,1,1,42,"foley",2042,"FOLEY",40480.973,40480.97,40480.97,2001,2001,40,"foley",1,0.964469954894275
840,"02","043","BLOCTON",1,13,27,1,1,43,"blocton",2043,"BLOCTON",38624.8,38624.8,38624.8,1998,1998,41,"blocton",1,1.03876323807872
840,"02","044","BIRMINGHAM",0,13,28,1,1,44,"birmingham",2044,"BIRMINGHAM",42528.121,42528.12,42528.12,2001,2001,42,"birmingham",1,5.94515109237044
840,"02","045","WHITEHOUSE",1,4,27,1,1,45,"whitehouse",2045,"WHITEHOUSE",48357.2,48357.2,48357.2,1998,1998,43,"whitehouse",1,1.15329904497221
840,"02","046","GUNTERSVILLE",1,13,28,1,1,46,"guntersville",2046,"GUNTERSVILLE",39668.1,39668.1,39668.1,1998,1998,44,"guntersville",1,0.779128617139407
840,"02","047","JENA",1,4,27,1,1,47,"jena",2047,"JENA",39899.9,39899.9,39899.9,1998,1998,45,"jena",1,2.26500343857187
840,"02","048","EPES",1,4,27,1,1,48,"epes",2048,"EPES",40023.6,40023.6,40023.6,1998,1998,46,"epes",1,145.344034730521
840,"02","049","WEDGEWORTH",1,4,27,1,1,49,"wedgeworth",2049,"WEDGEWORTH",40977,40977,40977,1998,1998,47,"wedgeworth",1,146.580207345887
840,"02","050","WHITEHALL",1,4,27,1,1,50,"whitehall",2050,"WHITEHALL",37352.3,37352.3,37352.3,1998,1998,48,"whitehall",1,22.9759169178453
840,"02","051","LIBERTY CITY",0,11,29,1,1,51,"liberty city",2051,"LIBERTY CITY",38701,38701,38701,1998,1998,49,"liberty city",1,10.2199464064532
840,"02","052","ESCATAWPA",1,4,27,1,1,52,"escatawpa",2052,"ESCATAWPA",40825.3,40825.3,40825.3,1998,1998,50,"escatawpa",1,9.44016895109509
840,"02","053","GROVE HILL",1,4,27,1,1,53,"grove hill",2053,"GROVE HILL",41118.4,41118.4,41118.4,1998,1998,51,"grove hill",1,0.842952464524949
840,"02","054","FAIRVIEW",1,4,27,1,1,54,"fairview",2054,"FAIRVIEW",40364.4,40364.4,40364.4,1998,1998,52,"fairview",1,15.1230165610486
840,"02","055","ELAMVILLE",1,4,27,1,1,55,"elamville",2055,"ELAMVILLE",38981.2,38981.2,38981.2,1998,1998,53,"elamville",1,0.348345776021145
840,"02","056","CHILDERSBURG",0,13,28,1,1,56,"childersburg",2056,"CHILDERSBURG",39797.6,39797.6,39797.6,1998,1998,54,"childersburg",1,0.717580002105245
840,"02","057","YOUNGTOWN",1,13,28,1,1,57,"youngtown",2057,"YOUNGTOWN",47952.1,47952.1,47952.1,1998,1998,55,"youngtown",1,0.166146863226386
840,"02","058","MENTONE",1,13,28,1,1,58,"mentone",2058,"MENTONE",53902.6,53902.6,53902.6,1998,1998,56,"mentone",1,63.0964456286094
840,"02","059","CARROLLTON",1,4,27,1,1,59,"carrollton",2059,"CARROLLTON",32598,32598,32598,1998,1998,57,"carrollton",1,297.756842196574
840,"02","060","HOLT",1,4,27,1,1,60,"holt",2060,"HOLT",42480.5,42480.5,42480.5,1998,1998,58,"holt",1,10.4492141138325
840,"02","061","ODENVILLE",1,13,28,1,1,61,"odenville",2061,"ODENVILLE",46215.5,46215.5,46215.5,1998,1998,59,"odenville",1,3.48627347586462
840,"02","062","BORDEN SPRNG",0,11,28,1,1,62,"borden sprng",2062,"BORDEN SPRNG",40167.1,40167.1,40167.1,1998,1998,60,"borden sprng",1,0.369218236456999
840,"02","063","ROCK CHAPEL",1,4,27,1,1,63,"rock chapel",2063,"ROCK CHAPEL",47328.9,47328.9,47328.9,1998,1998,61,"rock chapel",1,1.00749708478767
840,"02","064","NIXBURG",0,11,29,1,1,64,"nixburg",2064,"NIXBURG",44063.2,44063.2,44063.2,1998,1998,62,"nixburg",1,0.719312392324597
840,"02","065","CALEBEE",1,4,27,1,1,65,"calebee",2065,"CALEBEE",42561.1,42561.1,42561.1,1998,1998,63,"calebee",1,19.7044826885802
840,"02","066","APPLETON",1,4,27,1,1,66,"appleton",2066,"APPLETON",48905.1,48905.1,48905.1,1998,1998,64,"appleton",1,2.15452939593034
840,"02","067","MT. GILEAD",1,4,27,1,1,67,"mt gilead",2067,"MT. GILEAD",51129,51129,51129,1998,1998,65,"mt gilead",1,18.030250406167
840,"02","068","MADRID",1,4,27,1,1,68,"madrid",2068,"MADRID",42572.5,42572.5,42572.5,1998,1998,66,"madrid",1,39.152322147999
840,"02","069","GEORGETOWN",1,4,27,1,1,69,"georgetown",2069,"GEORGETOWN",38479.4,38479.4,38479.4,1998,1998,67,"georgetown",1,0.249994905060752
840,"02","070","BON SECOUR",1,3,27,1,1,70,"bon secour",2070,"BON SECOUR",38637.2,38637.2,38637.2,1998,1998,68,"bon secour",1,514.762233282942
840,"02","071","WHEELER DAM",1,14,24,1,1,71,"wheeler dam",2071,"WHEELER DAM",37331.3,37331.3,37331.3,1998,1998,69,"wheeler dam",1,98.8652361528237
840,"02","072","ELKMONT",1,14,24,1,1,72,"elkmont",2072,"ELKMONT",39658.1,39658.1,39658.1,1998,1998,70,"elkmont",1,0.837574352584785
840,"02","073","WOODVILLE",1,21,28,1,1,73,"woodville",2073,"WOODVILLE",41350.3,41350.3,41350.3,1998,1998,71,"woodville",1,0.674070468259817
840,"02","102","COURTLAND",1,14,24,1,1,75,"courtland",2102,"COURTLAND",46160,46160,46160,1998,1998,72,"courtland",1,15.0306123827794
840,"02","105","BROOKSVILLE",1,13,28,1,1,76,"brooksville",2105,"BROOKSVILLE",41326.3,41326.3,41326.3,1998,1998,73,"brooksville",1,3.91973324562802
840,"02","106","VALHERMOSO SPG 2",0,14,24,1,1,77,"valhermoso spg 2",2006,"VALHRMSA SPG",46576,46576,46576,1998,1998,5,"valhrmsa spg",0.868055555555555,6.30249737058807
840,"02","109","LAKEVIEW",1,13,28,1,1,78,"lakeview",2109,"LAKEVIEW",41067.672,41067.67,41067.67,2001,2001,74,"lakeview",1,31.1356451558693
840,"02","111","CHOCCOLOCCO",1,13,28,1,1,79,"choccolocco",2111,"CHOCCOLOCCO",40479.5,40479.5,40479.5,1998,1998,75,"choccolocco",1,184.783827928673
840,"02","137","LATHAM 2",1,4,27,1,1,80,"latham 2",2137,"LATHAM II",46820.504,46820.49,46820.49,2011,2011,76,"latham ii",0.884259259259259,9.87764367089632
840,"02","140","DAUPHIN IS 2",0,3,27,1,1,81,"dauphin is 2",2040,"DAUPHIN IS",45708.254,45708.25,45708.25,2001,2001,38,"dauphin is",0.944444444444444,618.576198900047
840,"02","141","ALABAMA PT 2",0,3,27,1,1,82,"alabama pt 2",2141,"ALABAMA PT 2",42838.178,42838.17,42838.17,2011,2011,78,"alabama pt 2",1,69.7590819509614
840,"02","142","ELBERTA",1,3,27,1,1,83,"elberta",2142,"ELBERTA",39443.4,39443.4,39443.4,1998,1998,79,"elberta",1,19.2258989636099
840,"02","156","KYMULGA",1,13,28,1,1,85,"kymulga",2156,"KYMULGA",46162.547,46162.55,46162.55,2001,2001,80,"kymulga",1,0.865785031898622
840,"02","162","Borden Springs 2",1,11,28,1,1,86,"borden springs 2",2162,"BORDEN SPRINGS II",39287.725,39287.72,39287.72,2011,2011,81,"borden springs ii",0.939950980392157,1.7824577583505
840,"02","164","NIXBURG 2",1,11,29,1,1,87,"nixburg 2",2164,"NIXBURG 2",48665.266,48665.26,48665.26,2011,2011,82,"nixburg 2",1,19.3675418332827
840,"02","201","VINA",1,4,27,1,1,88,"vina",2201,"VINA",40307.9,40307.9,40307.9,1998,1998,83,"vina",1,0.921869799775198
840,"02","203","CARTER GROVE",1,14,24,1,1,89,"carter grove",2203,"CARTER GROVE",49362.5,49362.5,49362.5,1998,1998,84,"carter grove",1,3.01394928560546
840,"02","204","STEVENSON",1,13,28,1,1,90,"stevenson",2204,"STEVENSON",44896.5,44896.5,44896.5,1998,1998,85,"stevenson",1,0.833959368470444
840,"02","206","JASPER",0,13,28,1,1,92,"jasper",2206,"JASPER",48351.1,48351.1,48351.1,1998,1998,87,"jasper",1,51.7608095452931
840,"02","207","ONEONTA",1,13,28,1,1,93,"oneonta",2207,"ONEONTA",39705.8,39705.8,39705.8,1998,1998,88,"oneonta",1,12.6206697306181
840,"02","208","TALLADEGA",1,13,28,1,1,94,"talladega",2208,"TALLADEGA",57196.5,57196.5,57196.5,1998,1998,89,"talladega",1,46.8309759926064
840,"02","211","AUTAUGAVILLE",1,4,27,1,1,97,"autaugaville",2211,"AUTAUGAVILLE",45302,45302,45302,1998,1998,92,"autaugaville",1,9.37531881452355
840,"02","212","SEALE",1,4,27,1,1,98,"seale",2212,"SEALE",48881.8,48881.8,48881.8,1998,1998,93,"seale",1,0.0997337705473653
840,"02","214","CLAIBORNE",1,4,27,1,1,100,"claiborne",2214,"CLAIBORNE",74832,74832,74832,1998,1998,95,"claiborne",1,0.0585218204445882
840,"02","215","HELICON",1,4,27,1,1,101,"helicon",2215,"HELICON",69052,69052,69052,1998,1998,96,"helicon",1,0.787033662391368
840,"02","216","EUFAULA",1,4,27,1,1,102,"eufaula",2216,"EUFAULA",35388,35388,35388,1998,1998,97,"eufaula",1,18.6606555095068
840,"02","217","ST. ELMO",1,3,27,1,1,103,"st elmo",2217,"ST. ELMO",45497.9,45497.9,45497.9,1998,1998,98,"st elmo",1,22.6393870001581
840,"02","218","BAY MINETTE",1,3,27,1,1,104,"bay minette",2218,"BAY MINETTE",37593.1,37593.1,37593.1,1998,1998,99,"bay minette",1,58.5200643538816
840,"02","306","DRUMMOND",1,13,28,1,1,106,"drummond",2306,"DRUMMOND",49838.785,49838.79,49838.79,2001,2001,100,"drummond",1,27.4586552442393
840,"02","750","TRIANA",0,14,24,2,2,107,"triana",2750,"TRIANA",38259.617,38259.62,38259.62,2001,2001,101,"triana",1,238.015868893056
840,"02","753","GAINESTOWN FERRY",0,4,27,2,2,110,"gainestown ferry",2753,"GAINESTOWN FERRY",38875.879,38875.88,38875.88,2001,2001,104,"gainestown ferry",1,216.345655515099
840,"02","754","Chacaloochee Bay",0,4,27,2,2,111,"chacaloochee bay",2754,"CHACALOOCHEE BAY",45667.743,45667.73,45667.73,2011,2011,105,"chacaloochee bay",1,0.246733772067263
840,"02","900","ELKMONT",0,14,24,1,2,112,"elkmont",2072,"ELKMONT",39658.1,39658.1,39658.1,1998,1998,70,"elkmont",1,710.164124296595
840,"03","001","EAGLE",1,25,4,1,1,114,"eagle",3001,"EAGLE",36381.402,36381.4,36381.4,2001,2001,106,"eagle",1,16.0382439268073
840,"03","002","CIRCLE",1,25,4,1,1,115,"circle",3002,"CIRCLE",40035.563,40035.56,40035.56,2001,2001,107,"circle",1,302.772805163666
840,"03","003","CHATANIKA R",1,25,4,1,1,116,"chatanika r",3003,"CHATANIKA R",41016.121,41016.12,41016.12,2001,2001,108,"chatanika r",1,274.973358222426
840,"03","004","BIRCH LAKE",1,25,4,1,1,117,"birch lake",3004,"BIRCH LAKE",40324.5,40324.5,40324.5,2001,2001,109,"birch lake",1,70.1132208815058
840,"03","005","LIVENGOOD",1,25,4,1,1,118,"livengood",3005,"LIVENGOOD",34110.559,34110.56,34110.56,2001,2001,110,"livengood",1,50.9407778339908
840,"03","006","NEBESNA",0,68,4,1,1,119,"nebesna",3006,"NEBESNA",43855.617,43855.62,43855.62,2001,2001,111,"nebesna",1,1.47128148903867
840,"03","007","SLANA",1,68,4,1,1,120,"slana",3007,"SLANA",43648.93,43648.93,43648.93,2001,2001,112,"slana",1,48.9732175315779
840,"03","008","TOWER BLUFFS",1,25,4,1,1,121,"tower bluffs",3008,"TOWER BLUFFS",41501.09,41501.09,41501.09,2001,2001,113,"tower bluffs",1,231.593023143646
840,"03","009","CHISTOCHINA",1,68,4,1,1,122,"chistochina",3009,"CHISTOCHINA",43526.582,43526.58,43526.58,2001,2001,114,"chistochina",1,411.566199830101
840,"03","010","NORTHWAY",1,25,4,1,1,123,"northway",3010,"NORTHWAY",40219.063,40219.06,40219.06,2001,2001,115,"northway",1,24.2716651850987
840,"03","011","MACLAREN",1,68,4,1,1,124,"maclaren",3011,"MACLAREN",40461.797,40461.8,40461.8,2001,2001,116,"maclaren",1,73.0550190936376
840,"03","012","MONAHAN",1,68,4,1,1,125,"monahan",3012,"MONAHAN",38928.891,38928.89,38928.89,2001,2001,117,"monahan",1,35.5028729314757
840,"03","013","CANTWELL",1,68,4,1,1,126,"cantwell",3013,"CANTWELL",40263.48,40263.48,40263.48,2001,2001,118,"cantwell",1,21.519721160121
840,"03","015","TOKLAT",1,68,4,1,1,127,"toklat",3015,"TOKLAT",38167.535,38167.54,38167.54,2001,2001,119,"toklat",1,158.348104286595
840,"03","017","GOOSE BAY",0,96,4,1,1,129,"goose bay",3017,"GOOSE BAY",41520.5,41520.5,41520.5,2001,2001,121,"goose bay",1,1.1817168485563
840,"03","018","SKILAK LAKE",0,96,4,1,1,130,"skilak lake",3018,"SKILAK LAKE",41596.563,41596.56,41596.56,2001,2001,122,"skilak lake",1,4.85266266170922
840,"03","020","JUNEAU ALT",0,94,5,1,1,132,"juneau alt",3020,"JUNEAU ALT",46640.974,46640.97,46640.97,2001,2001,123,"juneau alt",1,28.8925734301911
840,"03","021","JUNEAU",1,94,5,1,1,133,"juneau",3021,"JUNEAU",39618.887,39618.89,39618.89,2001,2001,124,"juneau",1,743.793500373104
840,"03","023","CRAIG",1,94,5,1,1,134,"craig",3023,"CRAIG",29734.08,29734.08,29734.08,2001,2001,125,"craig",1,152.192767960839
840,"03","024","KETCHIKAN",1,94,5,1,1,135,"ketchikan",3024,"KETCHIKAN",42336.699,42336.7,42336.7,2001,2001,126,"ketchikan",1,64.0947089896972
840,"03","025","HAINES",1,94,5,1,1,136,"haines",3025,"HAINES",41286.77,41286.77,41286.77,2001,2001,127,"haines",1,356.711048828671
840,"03","028","KALIFONSKY",1,96,4,1,1,138,"kalifonsky",3028,"KALIFONSKY",43245.23,43245.23,43245.23,2001,2001,128,"kalifonsky",1,23.1414970956391
840,"03","029","MATANUSKA",0,96,4,1,1,139,"matanuska",3029,"MATANUSKA",39761.969,39761.97,39761.97,2001,2001,129,"matanuska",1,122.08799008097
840,"03","030","WILLOW",1,96,4,1,1,140,"willow",3030,"WILLOW",27794.777,27794.78,27794.78,2001,2001,130,"willow",1,16.9025285952641
840,"03","040","CHENA RIVER",0,25,4,1,1,142,"chena river",3142,"CHENA HOT SPRING 2",41838.043,41838.04,41838.04,2001,2001,158,"chena hot spring 2",0.723905723905724,67.3040867289288
840,"03","041","L SALCHA",1,25,4,1,1,143,"l salcha",3041,"L SALCHA",41815.337,41815.34,41815.34,2011,2011,133,"l salcha",1,9.27617878282236
840,"03","042","CHENA HOT SP",0,25,4,1,1,144,"chena hot sp",3042,"CHENA HOT SP",27492.107,27492.11,27492.11,2001,2001,134,"chena hot sp",1,0.32550937607764
840,"03","050","CORDOVA",1,96,5,1,1,145,"cordova",3050,"CORDOVA",42955.168,42955.17,42955.17,2001,2001,135,"cordova",1,323.730753149231
840,"03","051","THOMPSON PAS",1,68,5,1,1,146,"thompson pas",3051,"THOMPSON PAS",35966.391,35966.39,35966.39,2001,2001,136,"thompson pas",1,129.585967169179
840,"03","052","KENNY LAKE",1,68,4,1,1,147,"kenny lake",3052,"KENNY LAKE",40850.688,40850.69,40850.69,2001,2001,137,"kenny lake",1,107.019134894254
840,"03","053","SHEEP MTN",1,68,5,1,1,148,"sheep mtn",3053,"SHEEP MTN",39937.543,39937.54,39937.54,2001,2001,138,"sheep mtn",1,87.0899401818973
840,"03","054","SOURDOUGH",1,68,4,1,1,149,"sourdough",3054,"SOURDOUGH",44284.047,44284.05,44284.05,2001,2001,139,"sourdough",1,36.7841550916448
840,"03","055","TONSINA",1,68,4,1,1,150,"tonsina",3055,"TONSINA",44161.633,44161.63,44161.63,2001,2001,140,"tonsina",1,11.6717085451481
840,"03","060","KATMAI N.P.",1,25,2,1,1,151,"katmai n p",3060,"KATMAI N.P.",36983.09,36983.09,36983.09,2001,2001,141,"katmai n p",1,243.110799002183
840,"03","084","BEAR CREEK",0,25,4,2,1,152,"bear creek",3084,"BEAR CREEK",50891.278,50891.28,50891.28,2011,2011,142,"bear creek",1,103.597093102429
840,"03","090","ADAK",0,99,1,1,1,153,"adak",3090,"ADAK",44198.41,44198.41,44198.41,2001,2001,143,"adak",1,34.9000220632686
840,"03","101","CHICKEN",1,25,4,1,1,154,"chicken",3101,"CHICKEN",40417.023,40417.02,40417.02,2001,2001,144,"chicken",1,108.978676171812
840,"03","112","GLENALLEN",0,68,4,1,1,155,"glenallen",3112,"GLENALLEN",39435.004,39435,39435,2001,2001,145,"glenallen",1,403.912258768194
840,"03","113","CHULITNA",0,68,4,1,1,156,"chulitna",3113,"CHULITNA",44375.195,44375.2,44375.2,2001,2001,146,"chulitna",1,56.7715674678207
840,"03","115","SAVAGE",1,68,4,1,1,157,"savage",3115,"SAVAGE",41532.484,41532.48,41532.48,2001,2001,147,"savage",1,10.4191620336243
840,"03","116","MOOSE PASS",0,96,5,1,1,158,"moose pass",3116,"MOOSE PASS",34143.664,34143.66,34143.66,2001,2001,148,"moose pass",1,1.32284417272349
840,"03","117","HATCHER PASS",1,96,4,1,1,159,"hatcher pass",3117,"HATCHER PASS",38473.953,38473.95,38473.95,2001,2001,149,"hatcher pass",1,31.5813770214355
840,"03","118","SWAN LAKE RD",1,96,4,1,1,160,"swan lake rd",3118,"SWAN LAKE RD",39321.91,39321.91,39321.91,2001,2001,150,"swan lake rd",1,29.0689071476683
840,"03","119","ANCHOR RIVER",1,96,4,1,1,161,"anchor river",3119,"ANCHOR RIVER",41321.633,41321.63,41321.63,2001,2001,151,"anchor river",1,15.0729999045911
840,"03","121","PETERSBURG",0,94,5,1,1,162,"petersburg",3121,"PETERSBURG",42958.695,42958.7,42958.7,2001,2001,152,"petersburg",1,274.251711048142
840,"03","122","SITKA",1,94,5,1,1,163,"sitka",3122,"SITKA",37833.151,37833.15,37833.15,2001,2001,153,"sitka",1,535.719232952993
840,"03","123","THORNE BAY",0,94,5,1,1,164,"thorne bay",3123,"THORNE BAY",38486.457,38486.46,38486.46,2001,2001,154,"thorne bay",1,539.694632419943
840,"03","124","ZIMOVIA STRT",0,94,5,1,1,165,"zimovia strt",3124,"ZIMOVIA STRT",28663.084,28663.08,28663.08,2001,2001,155,"zimovia strt",1,93.0987782610124
840,"03","125","YAKUTAT",1,94,5,1,1,166,"yakutat",3125,"YAKUTAT",38336.656,38336.66,38336.66,2001,2001,156,"yakutat",1,598.487029759302
840,"03","131","CHINIAK",1,96,2,1,1,167,"chiniak",3131,"CHINIAK",38215.27,38215.27,38215.27,2001,2001,157,"chiniak",1,239.897051069564
840,"03","142","CHENA HOT SPRING 2",1,25,4,1,1,169,"chena hot spring 2",3142,"CHENA HOT SPRING 2",41838.043,41838.04,41838.04,2001,2001,158,"chena hot spring 2",1,340.395584176206
840,"03","180","DILLINGHAM",1,25,2,1,1,170,"dillingham",3180,"DILLINGHAM",48014.699,48014.7,48014.7,2001,2001,159,"dillingham",1,35.1828105188209
840,"03","191","COLD BAY",1,99,2,1,1,171,"cold bay",3891,"COLD BAY",25076.324,25076.32,25076.32,2001,2001,234,"cold bay",1,691.64841406069
840,"03","192","KING SALMON",1,25,2,1,1,172,"king salmon",3892,"KING SALMON",33362.328,33362.33,33362.33,2001,2001,235,"king salmon",1,120.350791523358
840,"03","212","LAKE LOUISE",1,68,4,1,1,173,"lake louise",3212,"LAKE LOUISE",50441.492,50441.49,50441.49,2001,2001,162,"lake louise",1,26.7676729089685
840,"03","213","SU BRIDGE",0,68,4,1,1,174,"su bridge",3213,"SU BRIDGE",41208.332,41208.33,41208.33,2001,2001,163,"su bridge",1,247.161575611604
840,"03","216","HOPE",1,96,5,1,1,175,"hope",3216,"HOPE",46293.121,46293.12,46293.12,2001,2001,164,"hope",1,32.589480238688
840,"03","218","COHOE",1,96,4,1,1,177,"cohoe",3218,"COHOE",43328.207,43328.21,43328.21,2001,2001,166,"cohoe",1,254.620327704
840,"03","219","SELDOVIA",0,96,4,1,1,178,"seldovia",3219,"SELDOVIA",19752.652,19752.65,19752.65,2001,2001,167,"seldovia",1,4.21260671232189
840,"03","221","MITKOF ISLE",1,94,5,1,1,179,"mitkof isle",3221,"MITKOF ISLE",45146.143,45146.15,45146.15,2001,2001,168,"mitkof isle",1,805.580518887668
840,"03","224","ZIMOVIA STRT",1,94,5,1,1,181,"zimovia strt",3124,"ZIMOVIA STRT",28663.084,28663.08,28663.08,2001,2001,155,"zimovia strt",1,76.8927342425994
840,"03","231","Kodiak 2",1,96,2,1,1,182,"kodiak 2",3031,"KODIAK",23449.686,23449.69,23449.69,2001,2001,131,"kodiak",0.916666666666667,74.9110651442863
840,"03","284","NICHOLAI SL",1,25,4,2,1,183,"nicholai sl",3284,"NICHOLAI SL",41855.055,41855.05,41855.05,2001,2001,171,"nicholai sl",1,2.51664232222824
840,"03","313","PETERSVILLE",1,68,4,1,1,184,"petersville",3313,"PETERSVILLE",38553.148,38553.15,38553.15,2001,2001,172,"petersville",1,176.213909431902
840,"03","318","SEVEN LAKES",1,96,4,1,1,185,"seven lakes",3318,"SEVEN LAKES",41096.132,41096.14,41096.14,2011,2011,173,"seven lakes",1,17.8427836871252
840,"03","319","KACHEMAK",1,96,4,1,1,186,"kachemak",3319,"KACHEMAK",37741.344,37741.34,37741.34,2001,2001,174,"kachemak",1,72.6023190908435
840,"03","321","HARLEQUIN L.",1,94,5,1,1,187,"harlequin l",3821,"HARLEQUIN L",24581.438,24581.44,24581.44,2001,2001,224,"harlequin l",1,367.926158787981
840,"03","372","DIETRICH CMP",1,99,3,1,1,188,"dietrich cmp",3372,"DIETRICH CMP",57785.043,57785.04,57785.04,2001,2001,176,"dietrich cmp",1,752.159476160212
840,"03","401","BURMA ROAD",1,96,4,1,1,189,"burma road",3401,"BURMA ROAD",37206.828,37206.83,37206.83,2001,2001,177,"burma road",1,74.6942548688072
840,"03","402","CAPE NOME",1,99,2,1,1,190,"cape nome",3402,"CAPE NOME",47197.816,47197.82,47197.82,2001,2001,178,"cape nome",1,897.468651406453
840,"03","403","CARIBOU MTN.",1,99,4,1,1,191,"caribou mtn",3403,"CARIBOU MTN.",55635.473,55635.47,55635.47,2001,2001,179,"caribou mtn",1,27.8935417797179
840,"03","404","COLDFOOT",1,99,4,1,1,192,"coldfoot",3404,"COLDFOOT",49300.613,49300.61,49300.61,2001,2001,180,"coldfoot",1,80.6590009276059
840,"03","405","COUNCIL",1,99,2,1,1,193,"council",3405,"COUNCIL",50261.305,50261.3,50261.3,2001,2001,181,"council",1,92.5498115001116
840,"03","406","DONELLY DOME",1,25,4,1,1,194,"donelly dome",3406,"DONELLY DOME",42761.945,42761.95,42761.95,2001,2001,182,"donelly dome",1,72.9027258996625
840,"03","407","UNALAKLEET RIVER",1,25,4,2,1,195,"unalakleet river",3407,"UNALAKLEET RIVER",51491.969,51491.97,51491.97,2001,2001,183,"unalakleet river",1,1.50196714888489
840,"03","410","HATHER CREEK",1,25,4,2,1,198,"hather creek",3410,"HATHER CREEK",46246.087,46246.09,46246.09,2011,2011,186,"hather creek",1,16.0812031209291
840,"03","412","WHALE PASS",1,94,5,1,1,200,"whale pass",3412,"WHALE PASS",42792.102,42792.1,42792.1,2001,2001,188,"whale pass",1,544.121252333965
840,"03","413","TANGLE LAKES",0,68,4,1,1,201,"tangle lakes",3413,"TANGLE LAKES",60082.93,60082.93,60082.93,2001,2001,189,"tangle lakes",1,1.50250122346602
840,"03","414","KANUTI CANYN",1,25,4,2,1,202,"kanuti canyn",3414,"KANUTI CANYN",37387.273,37387.27,37387.27,2001,2001,190,"kanuti canyn",1,446.954188305217
840,"03","415","MCGRATH",0,25,4,1,1,203,"mcgrath",3415,"MCGRATH",38913.837,38913.84,38913.84,2011,2011,191,"mcgrath",1,131.70917311908
840,"03","416","KOYUKUK RIV.",0,25,4,2,1,204,"koyukuk riv",3416,"KOYUKUK RIV.",42180.59,42180.59,42180.59,2001,2001,192,"koyukuk riv",1,1.39207787499438
840,"03","418","MANLEY HT SP",1,25,4,1,1,206,"manley ht sp",3418,"MANLEY HT SP",41028.84,41028.84,41028.84,2001,2001,194,"manley ht sp",1,152.789501920914
840,"03","419","MOOSE CREEK",1,25,4,1,1,207,"moose creek",3419,"MOOSE CREEK",53616.996,53617,53617,2001,2001,195,"moose creek",1,146.981334076822
840,"03","420","MT. FAIRPLAY",1,25,4,1,1,208,"mt fairplay",3420,"MT. FAIRPLAY",44138.008,44138.01,44138.01,2001,2001,196,"mt fairplay",1,62.9507807811254
840,"03","421","MUD RIVER",1,25,4,2,1,209,"mud river",3421,"MUD RIVER",38075.371,38075.37,38075.37,2001,2001,197,"mud river",1,65.3083533912865
840,"03","422","NOME",1,99,2,1,1,210,"nome",3422,"NOME",47211.688,47211.69,47211.69,2001,2001,198,"nome",1,368.484894283269
840,"03","424","SALMON LAKE",1,99,2,1,1,212,"salmon lake",3424,"SALMON LAKE",43862.602,43862.6,43862.6,2001,2001,200,"salmon lake",1,438.840960485622
840,"03","425","SKAGWAY",1,94,5,1,1,213,"skagway",3425,"SKAGWAY",39659.434,39659.43,39659.43,2001,2001,201,"skagway",1,48.5154211423245
840,"03","426","ST. MARY'S",1,99,2,1,1,214,"st mary s",3426,"ST. MARY",44783.012,44783.01,44783.01,2001,2001,202,"st mary",0.925925925925926,75.2164351182672
840,"03","427","TELLER",1,99,2,1,1,215,"teller",3427,"TELLER",45353.293,45353.29,45353.29,2001,2001,203,"teller",1,441.341398918424
840,"03","428","MURPHY DOME",1,25,4,1,1,216,"murphy dome",3428,"MURPHY DOME",44313.156,44313.16,44313.16,2001,2001,204,"murphy dome",1,1.43913751385427
840,"03","429","ZAREMBO",1,94,5,1,1,217,"zarembo",3429,"ZAREMBO",41761.039,41761.04,41761.04,2011,2011,205,"zarembo",1,1.67115163340555
840,"03","430","PORCUPINE R.",0,25,4,2,1,218,"porcupine r",3430,"PORCUPINE R.",37216.617,37216.62,37216.62,2001,2001,206,"porcupine r",1,875.957961065262
840,"03","431","DELTA",1,25,4,1,1,219,"delta",3431,"DELTA",38029.707,38029.71,38029.71,2001,2001,207,"delta",1,189.713158603175
840,"03","433","ANVIK RIVER",1,25,4,2,1,221,"anvik river",3433,"ANVIK RIVER",66587.727,66587.73,66587.73,2001,2001,209,"anvik river",1,116.358157315799
840,"03","434","TOGIAK RIVER",0,99,2,2,1,222,"togiak river",3434,"TOGIAK RIVER",28387.219,28387.22,28387.22,2001,2001,210,"togiak river",1,129.482933321868
840,"03","436","GWEEK RIVER",0,99,2,2,1,224,"gweek river",3436,"GWEEK RIVER",50252.824,50252.82,50252.82,2001,2001,212,"gweek river",1,301.319459694439
840,"03","437","TUPUKNUK",0,99,2,2,1,225,"tupuknuk",3437,"TUPUKNUK",41197.152,41197.15,41197.15,2001,2001,213,"tupuknuk",1,931.970164647944
840,"03","438","RED DOG",1,99,3,1,1,226,"red dog",3438,"RED DOG",47041.771,47041.77,47041.77,2011,2011,214,"red dog",1,7.18197567427886
840,"03","442","KANEKTOK RIV",0,99,2,2,1,229,"kanektok riv",3442,"KANEKTOK RIV",51166.355,51166.36,51166.36,2001,2001,217,"kanektok riv",1,165.021162519038
840,"03","444","KOTZEBUE",1,99,2,1,1,230,"kotzebue",3444,"KOTZEBUE",38574.276,38574.28,38574.28,2011,2011,218,"kotzebue",1,182.319071902101
840,"03","445","Kanuti Lake",1,25,4,2,1,231,"kanuti lake",3445,"KANUTI LAKE",71740.253,71740.26,71740.26,2011,2011,219,"kanuti lake",1,118.368186684503
840,"03","760","GOODNEWS BAY",0,25,2,2,1,232,"goodnews bay",3760,"GOODNEWS BAY",41510.961,41510.96,41510.96,2001,2001,220,"goodnews bay",1,129.404430174245
840,"03","811","KOBUK RIVER (Short)",0,25,4,2,3,233,"kobuk river short",3811,"KOBUK RIVER",20988.678,20988.68,20988.68,2001,2001,221,"kobuk river",0.882352941176471,1.49820561389474
840,"03","812","PINOCHE TRAL (Short)",0,68,4,1,3,234,"pinoche tral short",3812,"PINOCHE TRAL",21437.533,21437.53,21437.53,2011,2011,222,"pinoche tral",0.888888888888889,359.543859518277
840,"03","816","KENAI LAKE (Short)",0,96,5,1,3,235,"kenai lake short",3816,"KENAI LAKE",16472.814,16472.81,16472.81,2001,2001,223,"kenai lake",0.875,1.37944621135698
840,"03","821","HARLEQUIN L (Short)",0,94,5,1,3,237,"harlequin l short",3821,"HARLEQUIN L",24581.438,24581.44,24581.44,2001,2001,224,"harlequin l",0.882352941176471,364.517726424128
840,"03","822","SITKA (Short)",0,94,5,1,3,238,"sitka short",3122,"SITKA",37833.151,37833.15,37833.15,2001,2001,153,"sitka",0.818181818181818,35.6826451276883
840,"03","832","ALPENGLOW (Short)",0,96,5,1,3,241,"alpenglow short",3832,"ALPENGLOW",24128.387,24128.39,24128.39,2001,2001,226,"alpenglow",0.866666666666667,1.23830102201772
840,"03","850","COPPER RIVER",0,96,5,1,2,242,"copper river",3850,"COPPER RIVER",44382.195,44382.2,44382.2,2001,2001,227,"copper river",1,57.566831743477
840,"03","880","DILLINGHAM (Short)",0,25,2,1,3,244,"dillingham short",3880,"DILLINGHAM",26534.131,26534.13,26534.13,2001,2001,229,"dillingham",0.875,95.8858861470545
840,"03","882","SELAWIK (Short)",0,25,2,2,3,246,"selawik short",3882,"SELAWIK",28054.393,28054.39,28054.39,2001,2001,231,"selawik",0.846153846153846,470.728331093377
840,"03","883","GALENA (Short)",1,25,4,1,3,247,"galena short",3883,"GALENA",17452.746,17452.75,17452.75,2001,2001,232,"galena",0.833333333333333,505.235775896557
840,"03","884","KOTZEBUE (Short)",0,99,2,1,3,248,"kotzebue short",3444,"KOTZEBUE",38574.276,38574.28,38574.28,2011,2011,218,"kotzebue",0.857142857142857,3.32365309871358
840,"03","891","COLD BAY (Short)",0,99,2,1,3,249,"cold bay short",3891,"COLD BAY",25076.324,25076.32,25076.32,2001,2001,234,"cold bay",0.857142857142857,518.891632222416
840,"03","892","KING SALMON (Short)",0,99,2,1,3,250,"king salmon short",3892,"KING SALMON",33362.328,33362.33,33362.33,2001,2001,235,"king salmon",0.882352941176471,120.350791523358
840,"03","901","PAXSON LAKE",0,68,4,1,2,251,"paxson lake",3901,"PAXSON LAKE",36865.535,36865.54,36865.54,2001,2001,236,"paxson lake",1,28.4890224247666
840,"03","902","NABESNA ROAD",1,68,4,1,2,252,"nabesna road",3902,"NABESNA ROAD",40691.789,40691.79,40691.79,2001,2001,237,"nabesna road",1,32.134851146631
840,"03","905","MCCARTHY RD2",1,68,4,1,2,254,"mccarthy rd2",3905,"MCCARTHY RD2",37088.852,37088.85,37088.85,2001,2001,239,"mccarthy rd2",1,1.53137836264573
840,"03","906","STIKINE RIVER",1,94,5,2,2,255,"stikine river",3906,"STIKINE RIVER",61526.231,61526.23,61526.23,2011,2011,240,"stikine river",1,20.0115987330006
840,"03","907","KUIU ISLAND",0,94,5,1,2,256,"kuiu island",3907,"KUIU ISLAND",43580.395,43580.39,43580.39,2011,2011,241,"kuiu island",1,145.354663351389
840,"06","001","MT TRUMBULL",0,87,16,1,1,475,"mt trumbull",6001,"MT TRUMBULL",39531.008,39531.01,39531.01,2001,2001,242,"mt trumbull",1,1.22405831021697
840,"06","002","HOUSE ROCK",1,87,16,1,1,476,"house rock",6002,"HOUSE ROCK",43122.6,43122.6,43122.6,1998,1998,243,"house rock",1,1.13123492610688
840,"06","003","THE GAP",0,87,16,1,1,477,"the gap",6003,"THE GAP",38323,38323,38323,1998,1998,244,"the gap",1,0.846617552524398
840,"06","004","BLACK MESA",1,84,16,1,1,478,"black mesa",6004,"BLACK MESA",48444.9,48444.9,48444.9,1998,1998,245,"black mesa",1,0.794969703138623
840,"06","005","ROUND ROCK",0,84,16,1,1,479,"round rock",6005,"ROUND ROCK",40135.367,40135.37,40135.37,2001,2001,246,"round rock",1,0.0413455580251019
840,"06","006","SQUAW PEAK",0,83,33,1,1,480,"squaw peak",6006,"SQUAW PEAK",35375.906,35375.91,35375.91,2001,2001,247,"squaw peak",1,1.19977804973936
840,"06","007","YAMPAI",0,87,16,1,1,481,"yampai",6007,"YAMPAI",53597.16,53597.16,53597.16,2001,2001,248,"yampai",1,1.02569742724532
840,"06","008","ROSE WELLS",0,87,16,1,1,482,"rose wells",6008,"ROSE WELLS",36975.602,36975.6,36975.6,2001,2001,249,"rose wells",1,1.06186386812612
840,"06","009","FLAGSTAFF",1,84,34,1,1,483,"flagstaff",6009,"FLAGSTAFF",41069.8,41069.8,41069.8,1998,1998,250,"flagstaff",1,924.752140640148
840,"06","010","ORAIBI",1,87,16,1,1,484,"oraibi",6010,"ORAIBI",39988.6,39988.6,39988.6,1998,1998,251,"oraibi",1,0.996639328657177
840,"06","011","SAWMILL",1,84,16,1,1,485,"sawmill",6011,"SAWMILL",41400.4,41400.4,41400.4,1998,1998,252,"sawmill",1,17.1633866932504
840,"06","012","OATMAN",1,83,33,1,1,486,"oatman",6012,"OATMAN",39724.5,39724.5,39724.5,1998,1998,253,"oatman",1,0.90231943763121
840,"06","013","WIKIEUP",1,82,33,1,1,487,"wikieup",6013,"WIKIEUP",39616.9,39616.9,39616.9,1998,1998,254,"wikieup",1,1.01043785609527
840,"06","014","PRESCOTT",1,84,34,1,1,488,"prescott",6014,"PRESCOTT",40420.5,40420.5,40420.5,1998,1998,255,"prescott",1,426.174379131611
840,"06","015","MORMON LAKE",0,84,34,1,1,489,"mormon lake",6015,"MORMON LAKE",44980.676,44980.68,44980.68,2001,2001,256,"mormon lake",1,1.18011510647073
840,"06","016","ZENIFF",0,87,16,1,1,490,"zeniff",6016,"ZENIFF",39681.16,39681.16,39681.16,2001,2001,257,"zeniff",1,7.71095901520858
840,"06","017","HUNT",1,87,16,1,1,491,"hunt",6017,"HUNT",52161.7,52161.7,52161.7,1998,1998,258,"hunt",1,0.0384128579374174
840,"06","018","QUARTZSITE",1,82,33,1,1,492,"quartzsite",6018,"QUARTZSITE",39534.4,39534.4,39534.4,1998,1998,259,"quartzsite",1,13.2033549787241
840,"06","019","VICKSBURG",0,82,33,1,1,493,"vicksburg",6019,"VICKSBURG",40928.004,40928,40928,2001,2001,260,"vicksburg",1,1.23289759255475
840,"06","020","NEW RIVER",0,82,33,1,1,494,"new river",6020,"NEW RIVER",38211.2,38211.2,38211.2,1998,1998,261,"new river",1,787.674110001095
840,"06","021","FLORENCE",0,82,33,1,1,495,"florence",6021,"FLORENCE",39796.203,39796.2,39796.2,2001,2001,262,"florence",1,1.19175902260508
840,"06","022","AZTEC PEAK",0,81,34,1,1,496,"aztec peak",6022,"AZTEC PEAK",39553.965,39553.96,39553.96,2001,2001,263,"aztec peak",1,92.2709912523713
840,"06","023","BLUE",0,84,34,1,1,497,"blue",6023,"BLUE",39109.836,39109.84,39109.84,2001,2001,264,"blue",1,24.4202636312344
840,"06","024","LAGUNA",1,82,33,1,1,498,"laguna",6024,"LAGUNA",44699.7,44699.7,44699.7,1998,1998,265,"laguna",1,22.4662206690754
840,"06","025","DATELAND",1,82,33,1,1,499,"dateland",6025,"DATELAND",41328.6,41328.6,41328.6,1998,1998,266,"dateland",1,1.40553664959507
840,"06","026","AJO",0,82,33,1,1,500,"ajo",6026,"AJO",42781,42781,42781,1998,1998,267,"ajo",1,0.808816390806474
840,"06","027","COOLIDGE",0,82,33,1,1,501,"coolidge",6027,"COOLIDGE",37954.18,37954.18,37954.18,2001,2001,268,"coolidge",1,0.325839264919471
840,"06","028","POMERENE",1,81,34,1,1,502,"pomerene",6028,"POMERENE",45002.7,45002.7,45002.7,1998,1998,269,"pomerene",1,1.45881292090829
840,"06","029","SAN SIMON",1,56,34,1,1,503,"san simon",6029,"SAN SIMON",41460.7,41460.7,41460.7,1998,1998,270,"san simon",1,0.943849038141765
840,"06","030","LUKEVILLE",0,82,33,1,1,504,"lukeville",6030,"LUKEVILLE",41848.336,41848.34,41848.34,2001,2001,271,"lukeville",1,1.23135147955948
840,"06","031","PEÑA BLANCA",1,81,34,1,1,505,"peï¿½a blanca",6031,"PENA BLANCA",43736,43736,43736,1998,1998,272,"pena blanca",0.939393939393939,44.95932980122
840,"06","032","PATAGONIA",1,81,34,1,1,506,"patagonia",6032,"PATAGONIA",44507.7,44507.7,44507.7,1998,1998,273,"patagonia",1,0.214760679434222
840,"06","033","SUNIZONA",0,81,34,1,1,507,"sunizona",6033,"SUNIZONA",40670.7,40670.7,40670.7,1998,1998,274,"sunizona",1,0.566123560719858
840,"06","051","TOROWEAP",1,87,16,1,1,508,"toroweap",6051,"TOROWEAP",28328.8,28328.8,28328.8,1998,1998,275,"toroweap",1,0.998980625936277
840,"06","052","DRY PARK",1,84,16,1,1,509,"dry park",6052,"DRY PARK",35526.2,35526.2,35526.2,1998,1998,276,"dry park",1,3.17166662480217
840,"06","053","PAGE",1,87,16,1,1,510,"page",6053,"PAGE",35178.6,35178.6,35178.6,1998,1998,277,"page",1,36.9265753798543
840,"06","054","COW SPRINGS",1,87,16,1,1,511,"cow springs",6054,"COW SPRINGS",37691.1,37691.1,37691.1,1998,1998,278,"cow springs",1,0.881315232451712
840,"06","055","MANY FARMS",1,87,16,1,1,512,"many farms",6055,"MANY FARMS",40327.4,40327.4,40327.4,1998,1998,279,"many farms",1,1.35174352049719
840,"06","056","RIVIERA",1,82,33,1,1,513,"riviera",6056,"RIVIERA",40848,40848,40848,1998,1998,280,"riviera",1,16.2530691364414
840,"06","057","ANTARES",1,87,33,1,1,514,"antares",6057,"ANTARES",27069.6,27069.6,27069.6,1998,1998,281,"antares",1,1.32715992850758
840,"06","058","WILLIAMS",1,84,34,1,1,515,"williams",6058,"WILLIAMS",46684.7,46684.7,46684.7,1998,1998,282,"williams",1,0.832445712691671
840,"06","059","MAINE",1,84,34,1,1,516,"maine",6059,"MAINE",43777.5,43777.5,43777.5,1998,1998,283,"maine",1,1.32831361995609
840,"06","060","CASTLE BUTTE",1,87,16,1,1,517,"castle butte",6060,"CASTLE BUTTE",41329.5,41329.5,41329.5,1998,1998,284,"castle butte",1,0.846642324524151
840,"06","061","GREASEWOOD",0,87,16,1,1,518,"greasewood",6061,"GREASEWOOD",40367.7,40367.7,40367.7,1998,1998,285,"greasewood",1,1.19883143372891
840,"06","063","ALAMO RES.",1,82,33,1,1,519,"alamo res",6063,"ALAMO RES.",39043.5,39043.5,39043.5,1998,1998,286,"alamo res",1,18.0920017023696
840,"06","064","SKULL VALLEY",0,87,34,1,1,520,"skull valley",6064,"SKULL VALLEY",42280.9,42280.9,42280.9,1998,1998,287,"skull valley",1,71.5313214811373
840,"06","065","TONTO VILL.",1,84,34,1,1,521,"tonto vill",6065,"TONTO VILL.",46810.5,46810.5,46810.5,1998,1998,288,"tonto vill",1,0.341711977480665
840,"06","066","FOREST LAKES",1,84,34,1,1,522,"forest lakes",6066,"FOREST LAKES",63269.6,63269.6,63269.6,1998,1998,289,"forest lakes",1,80.296155892298
840,"06","067","PINETOP",1,84,34,1,1,523,"pinetop",6067,"PINETOP",41743.2,41743.2,41743.2,1998,1998,290,"pinetop",1,0.805471371191132
840,"06","068","CIBOLA LAKE",1,82,33,1,1,524,"cibola lake",6068,"CIBOLA LAKE",43632.4,43632.4,43632.4,1998,1998,291,"cibola lake",1,9.82112132511947
840,"06","069","GILA BEND",1,82,33,1,1,525,"gila bend",6069,"GILA BEND",45079.4,45079.4,45079.4,1998,1998,292,"gila bend",1,1.30551138998609
840,"06","070","PALO VERDE",0,82,33,1,1,526,"palo verde",6070,"PALO VERDE",36870.5,36870.5,36870.5,1998,1998,293,"palo verde",1,26.0038347353941
840,"06","071","BARTLETT RES",1,82,34,1,1,527,"bartlett res",6071,"BARTLETT RES",45887.9,45887.9,45887.9,1998,1998,294,"bartlett res",1,1.20600271786666
840,"06","072","CUTTER",0,82,34,1,1,528,"cutter",6072,"CUTTER",38063.3,38063.3,38063.3,1998,1998,295,"cutter",1,16.3049582221158
840,"06","073","ALPINE",1,84,34,1,1,529,"alpine",6073,"ALPINE",39071.9,39071.9,39071.9,1998,1998,296,"alpine",1,72.1472102762819
840,"06","074","ARABY",1,82,33,1,1,530,"araby",6074,"ARABY",54642,54642,54642,1998,1998,297,"araby",1,0.55387909062234
840,"06","076","PISINIMO",0,82,33,1,1,531,"pisinimo",6076,"PISINIMO",43380.6,43380.6,43380.6,1998,1998,298,"pisinimo",1,0.814750492066754
840,"06","077","RED ROCK",0,82,33,1,1,532,"red rock",6077,"RED ROCK",45664.8,45664.8,45664.8,1998,1998,299,"red rock",1,30.7724682887113
840,"06","078","REDINGTON",1,81,34,1,1,533,"redington",6078,"REDINGTON",35812,35812,35812,1998,1998,300,"redington",1,1.35115929458386
840,"06","079","MT. GRAHAM",1,81,34,1,1,534,"mt graham",6079,"MT. GRAHAM",35960.4,35960.4,35960.4,1998,1998,301,"mt graham",1,57.15208145885
840,"06","080","CABEZA PRIET",1,82,33,1,1,535,"cabeza priet",6080,"CABEZA PRIET",40929.5,40929.5,40929.5,1998,1998,302,"cabeza priet",1,114.204600266751
840,"06","081","AMADO",1,81,34,1,1,536,"amado",6081,"AMADO",45558,45558,45558,1998,1998,303,"amado",1,0.951001040851711
840,"06","082","SAHUARITA",1,81,34,1,1,537,"sahuarita",6082,"SAHUARITA",47943,47943,47943,1998,1998,304,"sahuarita",1,0.730101478378306
840,"06","083","MCNEAL",1,56,34,1,1,538,"mcneal",6083,"MCNEAL",51553.3,51553.3,51553.3,1998,1998,305,"mcneal",1,46.653784356222
840,"06","101","NAVAJO TRAIL",1,87,16,1,1,540,"navajo trail",6101,"NAVAJO TRAIL",53331.3,53331.3,53331.3,1998,1998,306,"navajo trail",1,0.830023555468269
840,"06","103","KAIBITO",1,87,16,1,1,541,"kaibito",6103,"KAIBITO",40764.1,40764.1,40764.1,1998,1998,307,"kaibito",1,0.0050960090941847
840,"06","105","TSAILE",1,84,16,1,1,542,"tsaile",6105,"TSAILE",35033.2,35033.2,35033.2,1998,1998,308,"tsaile",1,0.949556107771944
840,"06","106","WILLOW BEACH",0,83,33,1,1,543,"willow beach",6106,"WILLOW BEACH",41889.6,41889.6,41889.6,1998,1998,309,"willow beach",1,0.295292596803756
840,"06","107","PEACH SPRING",1,87,16,1,1,544,"peach spring",6107,"PEACH SPRING",40553.1,40553.1,40553.1,1998,1998,310,"peach spring",1,34.433083569189
840,"06","108","SELIGMAN",1,87,16,1,1,545,"seligman",6108,"SELIGMAN",40509.9,40509.9,40509.9,1998,1998,311,"seligman",1,1.36457717278903
840,"06","115","HAPPY JACK",1,84,34,1,1,546,"happy jack",6115,"HAPPY JACK",39562.8,39562.8,39562.8,1998,1998,312,"happy jack",1,96.8435425361681
840,"06","116","CLAY SPRING",1,84,34,1,1,547,"clay spring",6116,"CLAY SPRING",41683.3,41683.3,41683.3,1998,1998,313,"clay spring",1,41.623825749367
840,"06","119","HOPE",0,82,33,1,1,548,"hope",6119,"HOPE",53485.7,53485.7,53485.7,1998,1998,314,"hope",1,1.16417486863489
840,"06","121","CASA GRANDE",0,82,33,1,1,549,"casa grande",6121,"CASA GRANDE",44915.1,44915.1,44915.1,1998,1998,315,"casa grande",1,0.649872685232882
840,"06","122","CARR MTN",1,81,34,1,1,550,"carr mtn",6122,"CARR MTN",41534.1,41534.2,41534.2,1998,1998,316,"carr mtn",1,1.21893760549725
840,"06","123","SPRUCEDALE",1,84,34,1,1,551,"sprucedale",6123,"SPRUCEDALE",39563.6,39563.6,39563.6,1998,1998,317,"sprucedale",1,1.41256832571188
840,"06","126","Ajo 2",0,82,33,1,1,552,"ajo 2",6126,"AJO 2",40639.115,40639.11,40639.11,2011,2011,318,"ajo 2",1,2.40828062247471
840,"06","127","CACTUS FOREST",1,82,33,1,1,553,"cactus forest",6127,"CATUS FOREST",40202.3,40202.3,40202.3,1998,1998,319,"catus forest",0.974358974358974,1.27227926104016
840,"06","130","ORGAN PIPE",1,82,33,1,1,554,"organ pipe",6130,"ORGAN PIPE",45882.2,45882.2,45882.2,1998,1998,320,"organ pipe",1,0.678528857222811
840,"06","133","PORTAL",1,81,34,1,1,555,"portal",6133,"PORTAL",38643,38643,38643,1998,1998,321,"portal",1,0.865338750059298
840,"06","161","KLAGETOH",1,87,16,1,1,556,"klagetoh",6161,"KLAGETOH",51689.198,51689.19,51689.19,2011,2011,322,"klagetoh",1,14.5067168214174
840,"06","170","PALO VERDE 2",1,82,33,1,1,558,"palo verde 2",6070,"PALO VERDE",36870.5,36870.5,36870.5,1998,1998,293,"palo verde",0.944444444444444,26.0038347353941
840,"06","176","BATES WELL",1,82,33,1,1,560,"bates well",6176,"BATES WELL",47108.9,47108.9,47108.9,1998,1998,323,"bates well",1,1.12803210459823
840,"06","177","RED ROCK 2",1,82,33,1,1,561,"red rock 2",6077,"RED ROCK",45664.8,45664.8,45664.8,1998,1998,299,"red rock",0.933333333333333,30.7021999849059
840,"06","206","WILLOW BEACH 2",1,83,33,1,1,562,"willow beach 2",6206,"WILLOW BEACH 2",46157.609,46157.61,46157.61,2001,2001,324,"willow beach 2",1,0.884488291539601
840,"06","900","DRAGOON",0,81,34,1,2,565,"dragoon",6900,"DRAGOON",38502.1,38502.1,38502.1,1998,1998,325,"dragoon",1,0.952489312398784
840,"06","901","RUCKER",0,81,34,1,2,566,"rucker",6901,"RUCKER",39037,39037,39037,1998,1998,326,"rucker",1,36.0479952293645
840,"07","001","OLD MILO",1,4,25,1,1,567,"old milo",7001,"OLD MILO",40152.9,40152.9,40152.9,1998,1998,327,"old milo",1,13.2511549278074
840,"07","002","EUDORA",1,5,26,1,1,568,"eudora",7002,"EUDORA",40890.9,40890.9,40890.9,1998,1998,328,"eudora",1,9.28683930983931
840,"07","004","LOCUST BAYOU",0,4,25,1,1,570,"locust bayou",7004,"LOCUST BAYOU",39981.8,39981.8,39981.8,1998,1998,330,"locust bayou",1,0.494524018566706
840,"07","005","STAMPS",1,4,25,1,1,571,"stamps",7005,"STAMPS",40703.1,40703.1,40703.1,1998,1998,331,"stamps",1,0.797246879329162
840,"07","006","HOPE",1,4,25,1,1,572,"hope",7006,"HOPE",40795.3,40795.3,40795.3,1998,1998,332,"hope",1,6.4410136458432
840,"07","007","ASHDOWN",1,4,25,1,1,573,"ashdown",7007,"ASHDOWN",38819.5,38819.5,38819.5,1998,1998,333,"ashdown",1,1.18346931506251
840,"07","008","HUGHES",1,5,26,1,1,574,"hughes",7008,"HUGHES",40113,40113,40113,1998,1998,334,"hughes",1,5.48022280529768
840,"07","009","WEST TYLER",0,5,26,1,1,575,"west tyler",7009,"WEST TYLER",42873.965,42873.96,42873.96,2001,2001,335,"west tyler",1,0.604320445107417
840,"07","010","SOUTH BEND",1,5,26,1,1,576,"south bend",7010,"SOUTH BEND",41681.7,41681.7,41681.7,1998,1998,336,"south bend",1,0.90391371608842
840,"07","012","POYEN",0,4,25,1,1,578,"poyen",7012,"POYEN",41015.1,41015.1,41015.1,1998,1998,338,"poyen",1,17.1321771295783
840,"07","013","HOLLYWOOD",1,4,25,1,1,579,"hollywood",7013,"HOLLYWOOD",39207.4,39207.4,39207.4,1998,1998,339,"hollywood",1,8.47351713328197
840,"07","014","BLAKELY",0,19,25,1,1,580,"blakely",7014,"BLAKELY",39843.5,39843.5,39843.5,1998,1998,340,"blakely",1,10.9214002795
840,"07","015","WALDRON",1,19,25,1,1,581,"waldron",7015,"WALDRON",37069.2,37069.2,37069.2,1998,1998,341,"waldron",1,61.964780729013
840,"07","016","HARRISBURG",1,5,26,1,1,582,"harrisburg",7016,"HARRISBURG",39423.6,39423.6,39423.6,1998,1998,342,"harrisburg",1,0.939944863161389
840,"07","017","WHITTON",0,5,26,1,1,583,"whitton",7017,"WHITTON",44498.004,44498,44498,2001,2001,343,"whitton",1,0.792920381580048
840,"07","018","AUGUSTA",0,5,26,1,1,584,"augusta",7018,"AUGUSTA",40170.6,40170.6,40170.6,1998,1998,344,"augusta",1,0.99629036231829
840,"07","019","SAFFELL",1,19,26,1,1,585,"saffell",7019,"SAFFELL",38908.6,38908.6,38908.6,1998,1998,345,"saffell",1,17.5475029686039
840,"07","020","RUPERT",1,19,24,1,1,586,"rupert",7020,"RUPERT",40829.7,40829.7,40829.7,1998,1998,346,"rupert",1,0.29375770309537
840,"07","021","STARK",1,19,25,1,1,587,"stark",7021,"STARK",38270.9,38270.9,38270.9,1998,1998,347,"stark",1,14.463147479662
840,"07","022","COAL HILL",1,19,25,1,1,588,"coal hill",7022,"COAL HILL",39647.7,39647.7,39647.7,1998,1998,348,"coal hill",1,15.6751955415614
840,"07","023","LURTON",1,19,24,1,1,589,"lurton",7023,"LURTON",36665.8,36665.8,36665.8,1998,1998,349,"lurton",1,0.8335160146318
840,"07","024","MASSARD",1,19,25,1,1,590,"massard",7024,"MASSARD",39045,39045,39045,1998,1998,350,"massard",1,57.2301399524306
840,"07","025","MAYNARD",1,5,26,1,1,591,"maynard",7025,"MAYNARD",39688.7,39688.7,39688.7,1998,1998,351,"maynard",1,0.669421220240806
840,"07","026","ZION",1,19,24,1,1,592,"zion",7026,"ZION",40871,40871,40871,1998,1998,352,"zion",1,0.0881080940053719
840,"07","027","FULTON",1,19,24,1,1,593,"fulton",7027,"FULTON",37256.9,37256.9,37256.9,1998,1998,353,"fulton",1,0.741190043192352
840,"07","028","COMPTON",1,19,24,1,1,594,"compton",7028,"COMPTON",38910.9,38910.9,38910.9,1998,1998,354,"compton",1,0.612651167758611
840,"07","029","AVOCA",1,19,24,1,1,595,"avoca",7029,"AVOCA",42763.4,42763.4,42763.4,1998,1998,355,"avoca",1,1.00632951980917
840,"07","030","Centerton",1,19,24,1,1,596,"centerton",7030,"CENTERTON",43601.691,43601.68,43601.68,2011,2011,356,"centerton",1,5.41603712552034
840,"07","031","Farwell",1,19,24,1,1,597,"farwell",7031,"FARWELL",43578.555,43578.55,43578.55,2011,2011,357,"farwell",1,2.5374466326564
840,"07","032","Yellville",1,19,24,1,1,598,"yellville",7032,"YELLVILLE",43535.845,43535.84,43535.84,2011,2011,358,"yellville",1,3.41821501855441
840,"07","033","Ravenden Springs",1,5,24,1,1,599,"ravenden springs",7033,"RAVENDEN SPRINGS",43222.219,43222.21,43222.21,2011,2011,359,"ravenden springs",1,5.84545816139434
840,"07","034","Lafe",1,5,26,1,1,600,"lafe",7034,"LAFE",43599.619,43599.61,43599.61,2011,2011,360,"lafe",1,4.86950867142319
840,"07","035","Dell",1,5,26,1,1,601,"dell",7035,"DELL",43465.552,43465.54,43465.54,2011,2011,361,"dell",1,6.29058987672934
840,"07","036","Hickory Ridge",1,5,26,1,1,602,"hickory ridge",7036,"HICKORY RIDGE",43404.95,43404.94,43404.94,2011,2011,362,"hickory ridge",1,0.994073270703113
840,"07","037","Russell",1,5,24,1,1,603,"russell",7037,"RUSSELL",44362.256,44362.25,44362.25,2011,2011,363,"russell",1,0.0715180435133424
840,"07","038","Marshall",1,19,24,1,1,604,"marshall",7038,"MARSHALL",43517.23,43517.22,43517.22,2011,2011,364,"marshall",1,1.76151824147937
840,"07","039","Havana",1,19,25,1,1,605,"havana",7039,"HAVANA",43529.265,43529.26,43529.26,2011,2011,365,"havana",1,1.89947734337858
840,"07","040","Hatfield",0,19,25,1,1,606,"hatfield",7040,"HATFIELD",43632.974,43632.97,43632.97,2011,2011,366,"hatfield",1,8.67896131586545
840,"07","041","Sims",1,19,25,1,1,607,"sims",7041,"SIMS",43007.849,43007.84,43007.84,2011,2011,367,"sims",1,0.961951910909077
840,"07","042","England",1,4,26,1,1,608,"england",7042,"ENGLAND",43523.76,43523.75,43523.75,2011,2011,368,"england",1,0.0105333807987316
840,"07","043","Gillett",1,5,26,1,1,609,"gillett",7043,"GILLETT",43585.482,43585.47,43585.47,2011,2011,369,"gillett",1,1.29858231340751
840,"07","045","Lockesburg",1,4,25,1,1,610,"lockesburg",7045,"LOCKESBURG",41156.781,41156.77,41156.77,2011,2011,370,"lockesburg",1,0.655209495279033
840,"07","046","Springhill",1,4,25,1,1,611,"springhill",7046,"SPRINGHILL",43194.01,43194,43194,2011,2011,371,"springhill",1,0.241098059089712
840,"07","047","Stephens",1,4,25,1,1,612,"stephens",7047,"STEPHENS",43711.868,43711.86,43711.86,2011,2011,372,"stephens",1,1.82022329991762
840,"07","048","Kelso",1,5,26,1,1,613,"kelso",7048,"KELSO",43563.675,43563.67,43563.67,2011,2011,373,"kelso",1,0.532465998823725
840,"07","049","Rudy",1,19,24,1,1,614,"rudy",7049,"RUDY",43620.974,43620.97,43620.97,2011,2011,374,"rudy",1,0.602261944582422
840,"07","102","EUDORA 2",0,5,26,1,1,615,"eudora 2",7102,"EUDORA 2",42081.9,42081.89,42081.89,2011,2011,375,"eudora 2",1,671.506604873835
840,"07","103","PRINCETON",0,4,25,1,1,616,"princeton",7103,"PRINCETON",39619.4,39619.4,39619.4,1998,1998,376,"princeton",1,0.729814862622916
840,"07","109","ULM",1,5,26,1,1,617,"ulm",7109,"ULM",43866.6,43866.6,43866.6,1998,1998,377,"ulm",1,13.2665262687
840,"07","111","NANCE",1,19,25,1,1,618,"nance",7111,"NANCE",39547.4,39547.4,39547.4,1998,1998,378,"nance",1,20.2191484551932
840,"07","112","Poyen 2",1,4,25,1,1,619,"poyen 2",7112,"POYEN 2",40812.173,40812.16,40812.16,2011,2011,379,"poyen 2",1,2.27462666237474
840,"07","114","DRY FORK",0,19,25,1,1,620,"dry fork",7114,"DRY FORK",39883.691,39883.69,39883.69,2001,2001,380,"dry fork",1,0.0385210485008574
840,"07","117","WILSON",1,5,26,1,1,621,"wilson",7117,"WILSON",39290.3,39290.3,39290.3,1998,1998,381,"wilson",1,0.527805716420541
840,"07","118","AUGUSTA 2",1,5,26,1,1,622,"augusta 2",7118,"AUGUSTA 2",42907.824,42907.82,42907.82,2011,2011,382,"augusta 2",1,3.24560132544499
840,"07","140","Hatfield 2",1,19,25,1,1,623,"hatfield 2",7040,"HATFIELD",43632.974,43632.97,43632.97,2011,2011,366,"hatfield",0.933333333333333,4.01474621602421
840,"07","203","Princeton 2",1,4,25,1,1,624,"princeton 2",7103,"PRINCETON",39619.4,39619.4,39619.4,1998,1998,376,"princeton",0.939393939393939,15.7222976460417
840,"07","900","OZARK NF",1,19,24,1,2,626,"ozark nf",7900,"OZARK NF",41434.8,41434.8,41434.8,1998,1998,383,"ozark nf",1,13.5084926260802
840,"07","901","MAGAZINE MTN",1,19,25,1,2,627,"magazine mtn",7901,"MAGAZINE MTN",41753.5,41753.5,41753.5,1998,1998,384,"magazine mtn",1,1.12323036604531
840,"07","902","BOSTON MTN.",1,19,24,1,2,628,"boston mtn",7902,"BOSTON MTN.",39381.9,39381.9,39381.9,1998,1998,385,"boston mtn",1,26.9149692114015
840,"07","903","FOUR LAKES",0,4,25,1,2,629,"four lakes",7903,"FOUR LAKES",42423.4,42423.4,42423.4,1998,1998,386,"four lakes",1,18.1067049400216
840,"14","001","HORSE CREEK",1,93,5,1,1,817,"horse creek",14001,"HORSE CREEK",44440.6,44440.6,44440.6,1998,1998,387,"horse creek",1,12.3104419151224
840,"14","002","CARRVILLE",0,66,5,1,1,818,"carrville",14002,"CARRVILLE",39544.887,39544.89,39544.89,2001,2001,388,"carrville",1,66.456614314605
840,"14","003","NUBIEBER",1,85,9,1,1,819,"nubieber",14003,"NUBIEBER",42789.3,42789.3,42789.3,1998,1998,389,"nubieber",1,274.896021987844
840,"14","004","CRESCENT CTY",1,93,5,1,1,820,"crescent cty",14004,"CRESCENT CTY",43165.3,43165.3,43165.3,1998,1998,390,"crescent cty",1,36.6923343999849
840,"14","005","HONEYDEW",1,93,5,1,1,821,"honeydew",14005,"HONEYDEW",42734.1,42734.1,42734.1,1998,1998,391,"honeydew",1,1.15582155216112
840,"14","006","HOLMES",1,93,5,1,1,822,"holmes",14006,"HOLMES",44272.3,44272.3,44272.3,1998,1998,392,"holmes",1,0.882406491563217
840,"14","007","RED BLUFF",1,92,32,1,1,823,"red bluff",14007,"RED BLUFF",40346.3,40346.3,40346.3,1998,1998,393,"red bluff",1,747.654268178562
840,"14","008","LASSEN PARK",0,66,15,1,1,824,"lassen park",14008,"LASSEN PARK",46033.488,46033.49,46033.49,2001,2001,394,"lassen park",1,1.38099285172523
840,"14","009","EAGLE LAKE",1,85,15,1,1,825,"eagle lake",14009,"EAGLE LAKE",40207.5,40207.5,40207.5,1998,1998,395,"eagle lake",1,1.18301514865091
840,"14","010","CALPELLA",0,93,32,1,1,826,"calpella",14010,"CALPELLA",49607.613,49607.61,49607.61,2001,2001,396,"calpella",1,0.54665386126983
840,"14","011","HULLVILLE",1,92,5,1,1,827,"hullville",14011,"HULLVILLE",39667.1,39667.1,39667.1,1998,1998,397,"hullville",1,17.571703381276
840,"14","012","PENNINGTON",1,91,32,1,1,828,"pennington",14012,"PENNINGTON",41563.1,41563.1,41563.1,1998,1998,398,"pennington",1,0.991995471253775
840,"14","013","WESTVILLE",1,66,15,1,1,829,"westville",14013,"WESTVILLE",40814.6,40814.6,40814.6,1998,1998,399,"westville",1,211.053485204997
840,"14","014","FISH ROCK",1,93,5,1,1,830,"fish rock",14014,"FISH ROCK",43278,43278,43278,1998,1998,400,"fish rock",1,30.7840914645517
840,"14","015","RUMSEY",0,92,32,1,1,831,"rumsey",14015,"RUMSEY",42769.1,42769.1,42769.1,1998,1998,401,"rumsey",1,1.4692492553421
840,"14","017","COTTAGE SPGS",0,66,15,1,1,833,"cottage spgs",14017,"COTTAGE SPGS",42243.168,42243.17,42243.17,2001,2001,403,"cottage spgs",1,1.05961954275789
840,"14","018","DARDANELLE",1,66,15,1,1,834,"dardanelle",14018,"DARDANELLE",46406.3,46406.3,46406.3,1998,1998,404,"dardanelle",1,0.891147086597117
840,"14","019","COLMA",0,92,32,1,1,835,"colma",14019,"COLMA",41085.18,41085.18,41085.18,2001,2001,405,"colma",1,42.6545621383603
840,"14","020","COLLEGEVILLE",0,91,32,1,1,836,"collegeville",14020,"COLLEGEVILLE",43074.7,43074.7,43074.7,1998,1998,406,"collegeville",1,1.35022048085169
840,"14","021","HUGHSON",1,91,32,1,1,837,"hughson",14021,"HUGHSON",44978.3,44978.3,44978.3,1998,1998,407,"hughson",1,297.629110181405
840,"14","022","BASS LAKE",1,92,15,1,1,838,"bass lake",14022,"BASS LAKE",50512.9,50512.8,50512.8,1998,1998,408,"bass lake",1,0.425898772518829
840,"14","023","BIG PINE",1,88,9,1,1,839,"big pine",14023,"BIG PINE",43835.8,43835.8,43835.8,1998,1998,409,"big pine",1,108.986271814741
840,"14","024","CARUTHERS",1,91,32,1,1,840,"caruthers",14024,"CARUTHERS",43888.5,43888.5,43888.5,1998,1998,410,"caruthers",1,1.12728771320465
840,"14","025","TRES PINOS",0,92,32,1,1,841,"tres pinos",14025,"TRES PINOS",40474.3,40474.3,40474.3,1998,1998,411,"tres pinos",1,0.92299136281561
840,"14","026","OILFIELDS",1,91,32,1,1,842,"oilfields",14026,"OILFIELDS",40097.2,40097.2,40097.2,1998,1998,412,"oilfields",1,7.46710724311319
840,"14","027","GRAVESBORO",0,91,32,1,1,843,"gravesboro",14027,"GRAVESBORO",44386,44386,44386,1998,1998,413,"gravesboro",1,140.959583209928
840,"14","028","YOKOHL VAL",1,92,32,1,1,844,"yokohl val",14028,"YOKOHL VAL",47862.9,47862.9,47862.9,1998,1998,414,"yokohl val",1,17.6552877148227
840,"14","029","UBEHEBE",1,80,33,1,1,845,"ubehebe",14029,"UBEHEBE",43720.8,43720.8,43720.8,1998,1998,415,"ubehebe",1,11.4925470941472
840,"14","030","HAIWEE RES",1,80,33,1,1,846,"haiwee res",14030,"HAIWEE RES",44137.9,44137.9,44137.9,1998,1998,416,"haiwee res",1,93.6621686280743
840,"14","031","WILDROSE",1,80,33,1,1,847,"wildrose",14031,"WILDROSE",46166.3,46166.3,46166.3,1998,1998,417,"wildrose",1,0.9486737763844
840,"14","032","PARKFIELD",1,92,32,1,1,848,"parkfield",14032,"PARKFIELD",42025.7,42025.7,42025.7,1998,1998,418,"parkfield",1,0.302211788466192
840,"14","033","BAKERSFIELD",1,91,32,1,1,849,"bakersfield",14033,"BAKERSFIELD",41574.5,41574.5,41574.5,1998,1998,419,"bakersfield",1,0.672525212029693
840,"14","034","ONYX",1,90,33,1,1,850,"onyx",14034,"ONYX",41489.5,41489.5,41489.5,1998,1998,420,"onyx",1,1.16225106853905
840,"14","035","CALIF CITY",1,83,33,1,1,851,"calif city",14035,"CALIF CITY",43865.2,43865.2,43865.2,1998,1998,421,"calif city",1,1.13110483691969
840,"14","036","GOLDSTONE",0,83,33,1,1,852,"goldstone",14036,"GOLDSTONE",43774.7,43774.7,43774.7,1998,1998,422,"goldstone",1,1.01227081213239
840,"14","037","VALLEY WELLS",1,83,33,1,1,853,"valley wells",14037,"VALLEY WELLS",45017.6,45017.6,45017.6,1998,1998,423,"valley wells",1,38.2091281458453
840,"14","038","SANTA YNEZ",1,92,32,1,1,854,"santa ynez",14038,"SANTA YNEZ",49324.2,49324.2,49324.2,1998,1998,424,"santa ynez",1,1.01120701050424
840,"14","039","FOSTER PARK",0,92,32,1,1,855,"foster park",14039,"FOSTER PARK",52140.2,52140.2,52140.2,1998,1998,425,"foster park",1,1.62269088889699
840,"14","040","WILLOW SPGS",0,83,33,1,1,856,"willow spgs",14040,"WILLOW SPGS",43697.4,43697.4,43697.4,1998,1998,426,"willow spgs",1,0.915594720739438
840,"14","041","BARSTOW",1,83,33,1,1,857,"barstow",14041,"BARSTOW",41003.6,41003.6,41003.6,1998,1998,427,"barstow",1,1.80491744083671
840,"14","042","MT PINOS",0,95,32,1,1,858,"mt pinos",14042,"MT PINOS",43281.2,43281.2,43281.2,1998,1998,428,"mt pinos",1,0.672065634694407
840,"14","043","CADIZ",1,82,33,1,1,859,"cadiz",14043,"CADIZ",40696.1,40696.1,40696.1,1998,1998,429,"cadiz",1,45.7814257297424
840,"14","044","PARKER DAM",1,82,33,1,1,860,"parker dam",14044,"PARKER DAM",40083.1,40083.1,40083.1,1998,1998,430,"parker dam",1,1.16395439909528
840,"14","045","HARBOR LAKE",0,90,32,1,1,861,"harbor lake",14045,"HARBOR LAKE",42261.5,42261.5,42261.5,1998,1998,431,"harbor lake",1,0.784464810326693
840,"14","046","MORENO",1,90,32,1,1,862,"moreno",14046,"MORENO",46406.2,46406.2,46406.2,1998,1998,432,"moreno",1,0.95654016913496
840,"14","047","OAK GROVE",1,90,32,1,1,863,"oak grove",14047,"OAK GROVE",41829,41829,41829,1998,1998,433,"oak grove",1,297.860876870469
840,"14","048","GLAMIS",1,82,33,1,1,864,"glamis",14048,"GLAMIS",41088.7,41088.7,41088.7,1998,1998,434,"glamis",1,0.841468857955485
840,"14","049","PALO VERDE",1,82,33,1,1,865,"palo verde",14049,"PALO VERDE",41172.9,41172.9,41172.9,1998,1998,435,"palo verde",1,884.801341938575
840,"14","050","SAN YSIDRO",0,90,32,1,1,866,"san ysidro",14050,"SAN YSIDRO",41533.6,41533.6,41533.6,1998,1998,436,"san ysidro",1,21.6936938720554
840,"14","051","ANZA BORREGO",1,90,33,1,1,867,"anza borrego",14051,"ANZA BORREGO",47068.5,47068.5,47068.5,1998,1998,437,"anza borrego",1,36.0153505999907
840,"14","052","HOLLISTER",0,92,32,1,1,868,"hollister",14052,"HOLLISTER",41264.9,41264.9,41264.9,1998,1998,438,"hollister",1,1.94308464159472
840,"14","053","COALINGA",1,92,32,1,1,869,"coalinga",14053,"COALINGA",45218.7,45218.7,45218.7,1998,1998,439,"coalinga",1,30.1083096517722
840,"14","054","ORANGE COVE",1,92,32,1,1,870,"orange cove",14054,"ORANGE COVE",45204.3,45204.3,45204.3,1998,1998,440,"orange cove",1,1.21046671307545
840,"14","055","LAKE SUCCESS",1,92,32,1,1,871,"lake success",14055,"LAKE SUCCESS",40289.2,40289.2,40289.2,1998,1998,441,"lake success",1,32.5301738904847
840,"14","056","DARWIN",1,80,33,1,1,872,"darwin",14056,"DARWIN",51262.7,51262.7,51262.7,1998,1998,442,"darwin",1,424.376068098177
840,"14","057","MORRO BAY",1,92,32,1,1,873,"morro bay",14057,"MORRO BAY",40313.6,40313.7,40313.7,1998,1998,443,"morro bay",1,61.6075387069089
840,"14","058","EUREKA VAL",1,80,33,1,1,874,"eureka val",14058,"EUREKA VAL",42516.3,42516.3,42516.3,1998,1998,444,"eureka val",1,0.0799086130610973
840,"14","059","INYOKERN",1,83,33,1,1,875,"inyokern",14059,"INYOKERN",43561.7,43561.7,43561.7,1998,1998,445,"inyokern",1,9.30857137242554
840,"14","060","LENWOOD",0,83,33,1,1,876,"lenwood",14060,"LENWOOD",42534,42534,42534,1998,1998,446,"lenwood",1,33.2169477119978
840,"14","061","LANE MTN",0,83,33,1,1,877,"lane mtn",14061,"LANE MTN",43330.504,43330.5,43330.5,2001,2001,447,"lane mtn",1,0.949871717425363
840,"14","062","IVANPAH",1,83,33,1,1,878,"ivanpah",14062,"IVANPAH",43092.6,43092.6,43092.6,1998,1998,448,"ivanpah",1,9.3345167423178
840,"14","064","TECOPA",1,83,33,1,1,880,"tecopa",14064,"TECOPA",40324.9,40324.9,40324.9,1998,1998,450,"tecopa",1,3.4416832971987
840,"14","065","SODA LAKE",1,83,33,1,1,881,"soda lake",14065,"SODA LAKE",44273.6,44273.6,44273.6,1998,1998,451,"soda lake",1,77.6666469063388
840,"14","066","BIG BEAR",0,95,32,1,1,882,"big bear",14066,"BIG BEAR",42658.5,42658.5,42658.5,1998,1998,452,"big bear",1,0.590046675429176
840,"14","067","ESSEX",1,83,33,1,1,883,"essex",14067,"ESSEX",43499.2,43499.2,43499.2,1998,1998,453,"essex",1,38.2219009162534
840,"14","068","FLYNN",1,83,33,1,1,884,"flynn",14068,"FLYNN",50984,50984,50984,1998,1998,454,"flynn",1,48.4617599427753
840,"14","069","IRON MTNS",0,82,33,1,1,885,"iron mtns",14069,"IRON MTNS",46691.5,46691.5,46691.5,1998,1998,455,"iron mtns",1,1.50923577340454
840,"14","070","COACHELLA CN",0,82,33,1,1,886,"coachella cn",14070,"COACHELLA CN",40274.6,40274.6,40274.6,1998,1998,456,"coachella cn",1,44.1924777529889
840,"14","071","POINT REYES",1,93,32,1,1,887,"point reyes",14071,"POINT REYES",44480.4,44480.4,44480.4,1998,1998,457,"point reyes",1,515.263025841472
840,"14","072","AUBURN",0,92,32,1,1,888,"auburn",14072,"AUBURN",42051.711,42051.71,42051.71,2001,2001,458,"auburn",1,229.949431406751
840,"14","073","INGALLS",1,85,9,1,1,889,"ingalls",14073,"INGALLS",41552,41552,41552,1998,1998,459,"ingalls",1,0.737871298132984
840,"14","074","MARTINS FY",1,93,5,1,1,890,"martins fy",14074,"MARTINS FY",47203.3,47203.3,47203.3,1998,1998,460,"martins fy",1,10.4870057943204
840,"14","075","RIO DELL",1,93,5,1,1,891,"rio dell",14075,"RIO DELL",44415.7,44415.7,44415.7,1998,1998,461,"rio dell",1,1.44176202061008
840,"14","076","RAVENDALE",1,89,9,1,1,892,"ravendale",14076,"RAVENDALE",47939.4,47939.4,47939.4,1998,1998,462,"ravendale",1,25.410786752716
840,"14","077","SHASTA LAKE",1,92,5,1,1,893,"shasta lake",14077,"SHASTA LAKE",48331.1,48331.1,48331.1,1998,1998,463,"shasta lake",1,50.7949493171827
840,"14","078","JOHNSVILLE",1,66,15,1,1,894,"johnsville",14078,"JOHNSVILLE",42592.4,42592.4,42592.4,1998,1998,464,"johnsville",1,1.21845747301946
840,"14","079","COHASSET",1,92,32,1,1,895,"cohasset",14079,"COHASSET",45656.3,45656.3,45656.3,1998,1998,465,"cohasset",1,14.5883941833351
840,"14","080","ORLAND",1,91,32,1,1,896,"orland",14080,"ORLAND",43369.1,43369.1,43369.1,1998,1998,466,"orland",1,1.2716280873647
840,"14","081","NAVARRO",1,93,5,1,1,897,"navarro",14081,"NAVARRO",42052.9,42052.9,42052.9,1998,1998,467,"navarro",1,1.55050198829933
840,"14","082","WOODFORDS",1,66,15,1,1,898,"woodfords",14082,"WOODFORDS",48884.2,48884.3,48884.3,1998,1998,468,"woodfords",1,0.355457655273102
840,"14","083","FAIRFAX",1,93,32,1,1,899,"fairfax",14083,"FAIRFAX",44007.1,44007.2,44007.2,1998,1998,469,"fairfax",1,1.17046889434653
840,"14","084","BENTON",1,88,9,1,1,900,"benton",14084,"BENTON",45260.4,45260.4,45260.4,1998,1998,470,"benton",1,1.45725207823168
840,"14","085","LUCERNE VAL",1,83,33,1,1,901,"lucerne val",14085,"LUCERNE VAL",46266.8,46266.8,46266.8,1998,1998,471,"lucerne val",1,1.21495894313783
840,"14","086","HAVASU LAKE",1,82,33,1,1,902,"havasu lake",14086,"HAVASU LAKE",47635.1,47635.1,47635.1,1998,1998,472,"havasu lake",1,212.155361438212
840,"14","088","COTTONWOOD",1,82,33,1,1,904,"cottonwood",14088,"COTTONWOOD",51193.8,51193.8,51193.8,1998,1998,473,"cottonwood",1,1.42671960322179
840,"14","089","NILAND",1,82,33,1,1,905,"niland",14089,"NILAND",41293.2,41293.2,41293.2,1998,1998,474,"niland",1,1.22891302855639
840,"14","090","BLYTHE",1,82,33,1,1,906,"blythe",14090,"BLYTHE",51657.6,51657.6,51657.6,1998,1998,475,"blythe",1,1.06819600366455
840,"14","091","POWAY",0,90,32,1,1,907,"poway",14091,"POWAY",40120.223,40120.22,40120.22,2001,2001,476,"poway",1,1.12086525243761
840,"14","092","ALAMO RIVER",1,82,33,1,1,908,"alamo river",14092,"ALAMO RIVER",43417.3,43417.3,43417.3,1998,1998,477,"alamo river",1,0.768787172572271
840,"14","093","IMPERIAL DAM",0,82,33,1,1,909,"imperial dam",14093,"IMPERIAL DAM",41599.7,41599.7,41599.7,1998,1998,478,"imperial dam",1,1.38508369602863
840,"14","094","FT IRWIN",0,83,33,1,1,910,"ft irwin",14094,"FT IRWIN",48419.7,48419.7,48419.7,1998,1998,479,"ft irwin",1,0.408328420042764
840,"14","095","LUMBERYARD",1,66,15,1,1,911,"lumberyard",14095,"LUMBERYARD",40728.9,40728.9,40728.9,1998,1998,480,"lumberyard",1,1.50129966746624
840,"14","096","BODIE",1,88,9,1,1,912,"bodie",14096,"BODIE",45048.6,45048.6,45048.6,1998,1998,481,"bodie",1,0.927923050684391
840,"14","097","ONO",1,92,32,1,1,913,"ono",14097,"ONO",49522.9,49522.9,49522.9,1998,1998,482,"ono",1,17.6564831427016
840,"14","098","FOLSOM",1,92,32,1,1,914,"folsom",14098,"FOLSOM",41456.3,41456.3,41456.3,1998,1998,483,"folsom",1,1.49975491018863
840,"14","099","S CATALINA",1,90,32,1,1,915,"s catalina",14099,"S CATALINA",42238,42238,42238,1998,1998,484,"s catalina",1,5.62478411975468
840,"14","103","SAWMILL MTN",1,92,32,1,1,917,"sawmill mtn",14103,"SAWMILL MTN",38346.4,38346.4,38346.4,1998,1998,485,"sawmill mtn",1,933.223546727468
840,"14","104","TUJUNGA",1,95,32,1,1,918,"tujunga",14104,"TUJUNGA",43614.1,43614.1,43614.1,1998,1998,486,"tujunga",1,11.2048862062227
840,"14","105","EL TORO",0,90,32,1,1,919,"el toro",14105,"EL TORO",39227.5,39227.5,39227.5,1998,1998,487,"el toro",1,121.9201424315
840,"14","106","MESA GRANDE",1,90,32,1,1,920,"mesa grande",14106,"MESA GRANDE",41340.8,41340.8,41340.8,1998,1998,488,"mesa grande",1,29.5466993277577
840,"14","107","LAKE HEMET",0,95,32,1,1,921,"lake hemet",14107,"LAKE HEMET",42303.2,42303.2,42303.2,1998,1998,489,"lake hemet",1,28.6795182398796
840,"14","108","CARMEL VAL",1,92,32,1,1,922,"carmel val",14108,"CARMEL VAL",43250.9,43250.9,43250.9,1998,1998,490,"carmel val",1,0.0354862822871599
840,"14","109","CIMA",1,83,33,1,1,923,"cima",14109,"CIMA",41252.2,41252.2,41252.2,1998,1998,491,"cima",1,1.37408071628268
840,"14","110","GREENHORN MT",1,92,15,1,1,924,"greenhorn mt",14110,"GREENHORN MT",50891.6,50891.6,50891.6,1998,1998,492,"greenhorn mt",1,26.8259074452389
840,"14","111","VALYERMO",1,95,32,1,1,925,"valyermo",14111,"VALERMO",46259.2,46259.3,46259.3,1998,1998,493,"valermo",0.958333333333333,112.476611498637
840,"14","112","PEARBLOSSOM",1,90,33,1,1,926,"pearblossom",14112,"PEARBLOSSOM",39977.6,39977.6,39977.6,1998,1998,494,"pearblossom",1,35.6897352034879
840,"14","113","FALLSVALE",0,95,32,1,1,927,"fallsvale",14113,"FALLSVALE",40858.383,40858.38,40858.38,2001,2001,495,"fallsvale",1,12.2892477171679
840,"14","114","SISQUOC",1,92,32,1,1,928,"sisquoc",14114,"SISQUOC",46489.5,46489.5,46489.5,1998,1998,496,"sisquoc",1,1.74749056969233
840,"14","116","LONE PINE",1,80,33,1,1,930,"lone pine",14116,"LONE PINE",43147.4,43147.4,43147.4,1998,1998,497,"lone pine",1,0.665380380030107
840,"14","117","SILVER CITY",1,92,15,1,1,931,"silver city",14117,"SILVER CITY",47812.8,47812.8,47812.8,1998,1998,498,"silver city",1,0.879287948534558
840,"14","118","LOCKWOOD VAL",1,95,32,1,1,932,"lockwood val",14118,"LOCKWOOD VAL",45808.9,45808.9,45808.9,1998,1998,499,"lockwood val",1,760.417376762733
840,"14","119","ELSINORE MTN",1,90,32,1,1,933,"elsinore mtn",14119,"ELSINORE MTN",41366.1,41366.1,41366.1,1998,1998,500,"elsinore mtn",1,303.239592075466
840,"14","120","CP. PENDLETON",0,90,32,1,1,934,"cp pendleton",14120,"CP PENDLETON",42657.4,42657.4,42657.4,1998,1998,501,"cp pendleton",1,197.944167843435
840,"14","121","MT LAGUNA",0,92,32,1,1,935,"mt laguna",14121,"MT LAGUNA",38418.469,38418.47,38418.47,2001,2001,502,"mt laguna",1,1.20604065757853
840,"14","122","CUYAMACA PK",1,92,32,1,1,936,"cuyamaca pk",14122,"CUYAMACA PK",47963.2,47963.2,47963.2,1998,1998,503,"cuyamaca pk",1,32.1745434357476
840,"14","123","ADELAIDA",1,92,32,1,1,937,"adelaida",14123,"ADELAIDA",43119.7,43119.7,43119.7,1998,1998,504,"adelaida",1,52.9733824034413
840,"14","124","DEATH VALLEY",1,80,33,1,1,938,"death valley",14124,"DEATH VALLEY",51317.8,51317.8,51317.8,1998,1998,505,"death valley",1,1.2748990971711
840,"14","125","MARICOPA",1,91,32,1,1,939,"maricopa",14125,"MARICOPA",42957.9,42957.9,42957.9,1998,1998,506,"maricopa",1,4.0534184860118
840,"14","126","ANZA",0,90,32,1,1,940,"anza",14126,"ANZA",43370,43370,43370,1998,1998,507,"anza",1,1.04876818780128
840,"14","127","SANGER",1,91,32,1,1,941,"sanger",14127,"SANGER",46463.551,46463.55,46463.55,2011,2011,508,"sanger",1,20.1708451105586
840,"14","128","KELSO VALLEY",1,92,33,1,1,942,"kelso valley",14128,"KELSO VALLEY",58612.3,58612.3,58612.3,1998,1998,509,"kelso valley",1,142.404461036171
840,"14","129","MT BALDY",1,92,32,1,1,943,"mt baldy",14129,"MT BALDY",40659,40658.9,40658.9,1998,1998,510,"mt baldy",1,1.5145981805585
840,"14","130","GREEN VALLEY",1,95,32,1,1,944,"green valley",14130,"GREEN VALLEY",40850,40850,40850,1998,1998,511,"green valley",1,1.30278662419921
840,"14","132","KINGS CANYON",1,92,15,1,1,946,"kings canyon",14132,"KINGS CANYON",39970.2,39970.2,39970.2,1998,1998,513,"kings canyon",1,981.547360235301
840,"14","133","ELIZABETH LK",1,92,32,1,1,947,"elizabeth lk",14133,"ELIZABETH LK",41364.2,41364.3,41364.3,1998,1998,514,"elizabeth lk",1,34.5900685507345
840,"14","134","VENTUCOPA",1,90,32,1,1,948,"ventucopa",14134,"VENTUCOPA",40863.7,40863.7,40863.7,1998,1998,515,"ventucopa",1,25.5620286173566
840,"14","135","SANTA CRUZ I",0,90,32,1,1,949,"santa cruz i",14135,"SANTA CRUZ I",37022,37022,37022,1998,1998,516,"santa cruz i",1,1.38546786742489
840,"14","136","LAKE CACHUMA",1,92,32,1,1,950,"lake cachuma",14136,"LAKE CACHUMA",46242.9,46243,46243,1998,1998,517,"lake cachuma",1,1.07890652073331
840,"14","137","JACUMBA",1,90,32,1,1,951,"jacumba",14137,"JACUMBA",40419.1,40419.1,40419.1,1998,1998,518,"jacumba",1,1.80951390606603
840,"14","138","CRESTON",1,92,32,1,1,952,"creston",14138,"CRESTON",43490.8,43490.8,43490.8,1998,1998,519,"creston",1,0.888351279652357
840,"14","139","GREENWATER V",1,80,33,1,1,953,"greenwater v",14139,"GREENWATER V",42415.6,42415.6,42415.6,1998,1998,520,"greenwater v",1,47.8423379299409
840,"14","140","CARRIZO PLN",1,91,32,1,1,954,"carrizo pln",14140,"CARRIZO PLN",40899.4,40899.4,40899.4,1998,1998,521,"carrizo pln",1,5.53251220759322
840,"14","141","WHITE RIVER",0,92,32,1,1,955,"white river",14141,"WHITE RIVER",40516,40516,40516,1998,1998,522,"white river",1,1.46926868502309
840,"14","142","MT PINOS 2",1,95,32,1,1,956,"mt pinos 2",14142,"MT PINOS 2",40098.753,40098.75,40098.75,2011,2011,523,"mt pinos 2",1,4.68597665937299
840,"14","145","SHAFTER",0,91,32,1,1,958,"shafter",14145,"SHAFTER",42733.6,42733.6,42733.6,1998,1998,524,"shafter",1,1.19635159169745
840,"14","147","ARVIN",1,91,32,1,1,959,"arvin",14147,"ARVIN",43870.1,43870.1,43870.1,1998,1998,525,"arvin",1,1.25740379436123
840,"14","148","GLENN",1,91,32,1,1,960,"glenn",14148,"GLENN",44102.1,44102.1,44102.1,1998,1998,526,"glenn",1,17.8132774556175
840,"14","149","ATWATER",1,91,32,1,1,961,"atwater",14149,"ATWATER",40894,40894,40894,1998,1998,527,"atwater",1,0.975862070505568
840,"14","150","BRAWLEY",1,82,33,1,1,962,"brawley",14150,"BRAWLEY",43428.4,43428.4,43428.4,1998,1998,528,"brawley",1,0.75348830677703
840,"14","151","LIKELY",1,85,9,1,1,963,"likely",14151,"LIKELY",41826.9,41826.9,41826.9,1998,1998,529,"likely",1,64.2823802450898
840,"14","152","CORDOVA",0,91,32,1,1,964,"cordova",14152,"CORDOVA",39987.398,39987.4,39987.4,2001,2001,530,"cordova",1,1.20635690123974
840,"14","153","GOLD HILL",1,92,32,1,1,965,"gold hill",14153,"GOLD HILL",44385.7,44385.7,44385.7,1998,1998,531,"gold hill",1,0.957170732416135
840,"14","154","CROWLEY LAKE",1,88,9,1,1,966,"crowley lake",14154,"CROWLEY LAKE",42326,42326,42326,1998,1998,532,"crowley lake",1,95.0020825885864
840,"14","155","WESTLEY",1,91,32,1,1,967,"westley",14155,"WESTLEY",42294.5,42294.5,42294.5,1998,1998,533,"westley",1,73.2225966601438
840,"14","156","TUOLUMNE GROVE",1,66,15,1,1,968,"tuolumne grove",14156,"TUOLUMNE GR",50651.5,50651.5,50651.5,1998,1998,534,"tuolumne gr",0.928571428571428,565.12372313202
840,"14","157","JACKSON",0,92,32,1,1,969,"jackson",14157,"JACKSON",46715.5,46715.5,46715.5,1998,1998,535,"jackson",1,0.916650998668185
840,"14","158","SATTLEY",1,85,15,1,1,970,"sattley",14158,"SATTLEY",44254.6,44254.6,44254.6,1998,1998,536,"sattley",1,33.1058606621295
840,"14","159","OROVILLE",1,91,32,1,1,971,"oroville",14159,"OROVILLE",41246.9,41246.9,41246.9,1998,1998,537,"oroville",1,26.6504150453264
840,"14","160","LONGVALE",1,93,5,1,1,972,"longvale",14160,"LONGVALE",40784.7,40784.7,40784.7,1998,1998,538,"longvale",1,1.42099268094458
840,"14","161","TEHAMA",1,92,32,1,1,973,"tehama",14161,"TEHAMA",40660,40660,40660,1998,1998,539,"tehama",1,1.17221480528858
840,"14","162","HONEY LAKE",1,89,9,1,1,974,"honey lake",14162,"HONEY LAKE",44788.5,44788.5,44788.5,1998,1998,540,"honey lake",1,381.121561122034
840,"14","163","REDDING",0,92,32,1,1,975,"redding",14163,"REDDING",41032.8,41032.8,41032.8,1998,1998,541,"redding",1,1.18144031343064
840,"14","164","JUNCTION CTY",1,93,5,1,1,976,"junction cty",14164,"JUNCTION CTY",47874.7,47874.7,47874.7,1998,1998,542,"junction cty",1,1.08613508457982
840,"14","165","DAVIS CREEK",1,85,9,1,1,977,"davis creek",14165,"DAVIS CREEK",40370.8,40370.8,40370.8,1998,1998,543,"davis creek",1,1.49775753048721
840,"14","166","DORRIS",1,85,9,1,1,978,"dorris",14166,"DORRIS",49223.6,49223.6,49223.6,1998,1998,544,"dorris",1,43.4258301198668
840,"14","167","ORLEANS",0,93,5,1,1,979,"orleans",14167,"ORLEANS",40957.2,40957.2,40957.2,1998,1998,545,"orleans",1,1.64501431903078
840,"14","168","MACDOEL",1,85,9,1,1,980,"macdoel",14168,"MACDOEL",43027.2,43027.2,43027.2,1998,1998,546,"macdoel",1,28.0852762056608
840,"14","169","MCCLOUD",1,85,5,1,1,981,"mccloud",14169,"MCCLOUD",52712.6,52712.6,52712.6,1998,1998,547,"mccloud",1,0.9302318499453
840,"14","170","BRIDGEPORT",0,88,9,1,1,982,"bridgeport",14170,"BRIDGEPORT",42060.2,42060.2,42060.2,1998,1998,548,"bridgeport",1,0.838971457390077
840,"14","171","TRANQUILLITY",1,91,32,1,1,983,"tranquillity",14171,"TRANQUILLITY",40382.5,40382.5,40382.5,1998,1998,549,"tranquillity",1,782.596423860505
840,"14","172","MORAGA",1,92,32,1,1,984,"moraga",14172,"MORAGA",40834.2,40834.2,40834.2,1998,1998,550,"moraga",1,39.9748173487591
840,"14","173","LOCKWOOD",1,92,32,1,1,985,"lockwood",14173,"LOCKWOOD",43575.4,43575.5,43575.5,1998,1998,551,"lockwood",1,1.55510686457451
840,"14","174","OFFIELD MTN",1,66,5,1,1,986,"offield mtn",14174,"OFFIELD MTN",41106.6,41106.6,41106.6,1998,1998,552,"offield mtn",1,749.806449859094
840,"14","175","MT SHASTA",1,85,5,1,1,987,"mt shasta",14175,"MT SHASTA",40500.4,40500.4,40500.4,1998,1998,553,"mt shasta",1,35.3555511435769
840,"14","176","CLEAR LK RES",1,85,9,1,1,988,"clear lk res",14176,"CLEAR LK RES",41333.3,41333.3,41333.3,1998,1998,554,"clear lk res",1,30.9293156086612
840,"14","177","CEDARVILLE",1,89,9,1,1,989,"cedarville",14177,"CEDARVILLE",43900,43900,43900,1998,1998,555,"cedarville",1,1.33973478976672
840,"14","178","ALDERPOINT",1,93,5,1,1,990,"alderpoint",14178,"ALDERPOINT",43350.8,43350.8,43350.8,1998,1998,556,"alderpoint",1,122.008959680952
840,"14","179","YOLLA BOLLY",1,92,32,1,1,991,"yolla bolly",14179,"YOLLA BOLLY",42356.2,42356.2,42356.2,1998,1998,557,"yolla bolly",1,0.21051473724735
840,"14","180","BUTTE MEADOW",1,66,15,1,1,992,"butte meadow",14180,"BUTTE MEADOW",44388.8,44388.8,44388.8,1998,1998,558,"butte meadow",1,1.57020122250806
840,"14","181","GENESEE",1,66,15,1,1,993,"genesee",14181,"GENESEE",41169.8,41169.8,41169.8,1998,1998,559,"genesee",1,45.9827624519197
840,"14","182","LAYTONVILLE",1,93,5,1,1,994,"laytonville",14182,"LAYTONVILLE",44431.3,44431.3,44431.3,1998,1998,560,"laytonville",1,14.0553284833495
840,"14","183","BARTLETT SPS",1,92,32,1,1,995,"bartlett sps",14183,"BARTLETT SPS",44529.6,44529.5,44529.5,1998,1998,561,"bartlett sps",1,56.398289992698
840,"14","184","HIGGINS CORN",1,92,15,1,1,996,"higgins corn",14184,"HIGGINS CORN",43115.7,43115.8,43115.8,1998,1998,562,"higgins corn",1,1.69969720913004
840,"14","185","DOWNIEVILLE",1,66,15,1,1,997,"downieville",14185,"DOWNIEVILLE",40511.1,40511.1,40511.1,1998,1998,563,"downieville",1,1.08266466955581
840,"14","186","MARK WEST",1,92,32,1,1,998,"mark west",14186,"MARK WEST",40944.5,40944.5,40944.5,1998,1998,564,"mark west",1,37.6999179154664
840,"14","187","ZAMORA",1,91,32,1,1,999,"zamora",14187,"ZAMORA",45129.6,45129.6,45129.6,1998,1998,565,"zamora",1,1.37469063758249
840,"14","188","RIVERTON",1,66,15,1,1,1000,"riverton",14188,"RIVERTON",40871.8,40871.8,40871.8,1998,1998,566,"riverton",1,1.50496678396382
840,"14","189","COYOTE",1,92,32,1,1,1001,"coyote",14189,"COYOTE",40671.5,40671.5,40671.5,1998,1998,567,"coyote",1,30.9859938331228
840,"14","190","COPPEROPOLIS",1,92,32,1,1,1002,"copperopolis",14190,"COPPEROPOLIS",45114.4,45114.4,45114.4,1998,1998,568,"copperopolis",1,1.08188334353518
840,"14","191","ONEALS",1,92,32,1,1,1003,"oneals",14191,"ONEALS",41259.5,41259.5,41259.5,1998,1998,569,"oneals",1,1.31584327849537
840,"14","192","DEEP SPRINGS",1,88,9,1,1,1004,"deep springs",14192,"DEEP SPRINGS",44951.5,44951.6,44951.6,1998,1998,570,"deep springs",1,0.715266663026321
840,"14","193","BODEGA BAY",1,93,5,1,1,1005,"bodega bay",14193,"BODEGA BAY",43985.5,43985.5,43985.5,1998,1998,571,"bodega bay",1,1.16692241963185
840,"14","194","WATERMAN GAP",1,93,32,1,1,1006,"waterman gap",14194,"WATERMAN GAP",46269.8,46269.8,46269.8,1998,1998,572,"waterman gap",1,1.23215411535968
840,"14","195","GREENFIELD",1,92,32,1,1,1007,"greenfield",14195,"GREENFIELD",40716.4,40716.4,40716.4,1998,1998,573,"greenfield",1,42.3449378169319
840,"14","196","ORA LOMA",1,91,32,1,1,1008,"ora loma",14196,"ORA LOMA",42886.9,42886.9,42886.9,1998,1998,574,"ora loma",1,0.540894508472245
840,"14","197","TIPTON",1,91,32,1,1,1009,"tipton",14197,"TIPTON",43147.5,43147.5,43147.5,1998,1998,575,"tipton",1,0.454757072970187
840,"14","198","YREKA",1,85,5,1,1,1010,"yreka",14198,"YREKA",42567,42567,42567,1998,1998,576,"yreka",1,0.602590437500072
840,"14","199","BARTLE",1,85,9,1,1,1011,"bartle",14199,"BARTLE",41332.4,41332.4,41332.4,1998,1998,577,"bartle",1,14.5944023666635
840,"14","200","KORBEL",1,93,5,1,1,1012,"korbel",14200,"KORBEL",42644,42644,42644,1998,1998,578,"korbel",1,648.275202108729
840,"14","201","HAT CREEK",1,66,15,1,1,1013,"hat creek",14201,"HAT CREEK",40995.1,40995.1,40995.1,1998,1998,579,"hat creek",1,1.17498379461229
840,"14","202","GLEN ELLEN",0,92,32,1,1,1014,"glen ellen",14202,"GLEN ELLEN",40936.4,40936.4,40936.4,1998,1998,580,"glen ellen",1,0.58304573833568
840,"14","203","LIVERMORE",0,91,32,1,1,1015,"livermore",14203,"LIVERMORE",41157.6,41157.6,41157.6,1998,1998,581,"livermore",1,0.312531552905706
840,"14","204","ATHLONE",1,91,32,1,1,1016,"athlone",14204,"ATHLONE",40747.6,40747.6,40747.6,1998,1998,582,"athlone",1,0.587335118521463
840,"14","205","LAKESHORE",1,66,15,1,1,1017,"lakeshore",14205,"LAKESHORE",43362.5,43362.4,43362.4,1998,1998,583,"lakeshore",1,17.6588031155894
840,"14","207","Lake Hemet 2",1,95,32,1,1,1018,"lake hemet 2",14107,"LAKE HEMET",42303.2,42303.2,42303.2,1998,1998,489,"lake hemet",0.944444444444444,25.8498908673789
840,"14","210","UKIAH",1,93,5,1,1,1019,"ukiah",14210,"UKIAH",40877.9,40877.9,40877.9,1998,1998,584,"ukiah",1,1.60666095036058
840,"14","213","TAHOE NF",0,66,15,1,1,1020,"tahoe nf",14213,"TAHOE NF",43076.3,43076.3,43076.3,1998,1998,585,"tahoe nf",1,35.5449190625816
840,"14","220","JOFEGAN",0,90,32,1,1,1021,"jofegan",14220,"JOFEGAN",40609.304,40609.3,40609.3,2011,2011,586,"jofegan",1,127.4403147988
840,"14","221","CLEVELAND NF",0,92,32,1,1,1022,"cleveland nf",14221,"CLEVELAND NF",44761.9,44761.9,44761.9,1998,1998,587,"cleveland nf",1,13.8687190286088
840,"14","225","TRES PINOS 2",1,92,32,1,1,1023,"tres pinos 2",14225,"TRES PINOS 2",37964.346,37964.34,37964.34,2011,2011,588,"tres pinos 2",1,3.52971119597284
840,"14","226","ANZA 2",1,90,32,1,1,1024,"anza 2",14226,"ANZA 2",41003.127,41003.12,41003.12,2011,2011,589,"anza 2",1,9.05764065251529
840,"14","231","JOSHUA TREE 2",1,83,33,1,1,1025,"joshua tree 2",14131,"JOSHUA TREE",45768.3,45768.3,45768.3,1998,1998,512,"joshua tree",0.948717948717949,200.60599277848
840,"14","245","BUENA VISTA",1,91,32,1,1,1028,"buena vista",14245,"BUENA VISTA",42745,42744.9,42744.9,1998,1998,590,"buena vista",1,0.841081344531715
840,"14","252","Hollister 2",1,92,32,1,1,1029,"hollister 2",14052,"HOLLISTER",41264.9,41264.9,41264.9,1998,1998,438,"hollister",0.939393939393939,2.17569992326212
840,"14","260","LENWOOD 2",1,83,33,1,1,1030,"lenwood 2",14060,"LENWOOD",42534,42534,42534,1998,1998,446,"lenwood",0.925925925925926,6.97272147477956
840,"14","267","ORLEANS 2",1,93,5,1,1,1031,"orleans 2",14167,"ORLEANS",40957.2,40957.2,40957.2,1998,1998,545,"orleans",0.925925925925926,11.1962385874385
840,"14","302","GLEN ELLEN 2",0,92,32,1,1,1033,"glen ellen 2",14302,"GLEN ELLEN 2",48984.778,48984.77,48984.77,2011,2011,591,"glen ellen 2",1,64.846805579917
840,"14","303","TRACY",0,91,32,1,1,1034,"tracy",14303,"TRACY",47717,47717,47717,1998,1998,592,"tracy",1,4.15673907423864
840,"14","308","CHAOS CRATER",1,66,15,1,1,1035,"chaos crater",14308,"CHAOS CRATER",41336.8,41336.8,41336.8,1998,1998,593,"chaos crater",1,1.35491579837601
840,"14","313","ANGELUS OAKS",1,95,32,1,1,1036,"angelus oaks",14313,"ANGELUS OAKS",41693.4,41693.4,41693.4,1998,1998,594,"angelus oaks",1,7.7325517426066
840,"14","319","PESCADERO",1,93,32,1,1,1037,"pescadero",14319,"PESCADERO",41432.9,41432.9,41432.9,1998,1998,595,"pescadero",1,1.09611589998703
840,"14","320","COLLEGEVILLE 2",1,91,32,1,1,1038,"collegeville 2",14320,"COLLEGEVILLE 2",41881.256,41881.25,41881.25,2011,2011,596,"collegeville 2",1,10.3725349856134
840,"14","341","CAL HOT SPGS",1,92,32,1,1,1040,"cal hot spgs",14341,"CAL HOT SPGS",41902,41902,41902,1998,1998,597,"cal hot spgs",1,5.56148854605879
840,"14","345","Harbor Lake 2",1,90,32,1,1,1041,"harbor lake 2",14045,"HARBOR LAKE",42261.5,42261.5,42261.5,1998,1998,431,"harbor lake",0.948717948717949,1.59293898992829
840,"14","352","STATEN IS.",1,91,32,1,1,1042,"staten is",14352,"STATEN IS.",41615.1,41615.1,41615.1,1998,1998,598,"staten is",1,7.44556762323864
840,"14","357","POLOMA",1,92,32,1,1,1043,"poloma",14357,"POLOMA",53994.8,53994.8,53994.8,1998,1998,599,"poloma",1,30.0570145205109
840,"14","366","WOODLANDS",0,95,32,1,1,1044,"woodlands",14366,"WOODLANDS",58253.5,58253.5,58253.5,1998,1998,600,"woodlands",1,0.336910959592918
840,"14","401","HIOUCHI",1,93,5,1,1,1045,"hiouchi",14401,"HIOUCHI",55194.7,55194.7,55194.7,1998,1998,601,"hiouchi",1,579.796510408815
840,"14","402","LONESOME RDG",1,93,5,1,1,1046,"lonesome rdg",14402,"LONESOME RDG",42754.7,42754.7,42754.7,1998,1998,602,"lonesome rdg",1,1.62085267789215
840,"14","403","WHISKEYTOWN",1,66,5,1,1,1047,"whiskeytown",14403,"WHISKEYTOWN",50505,50505,50505,1998,1998,603,"whiskeytown",1,25.5311457859148
840,"14","404","DIRIGIO",1,66,5,1,1,1048,"dirigio",14404,"DIRIGIO",52350.1,52350.1,52350.1,1998,1998,604,"dirigio",1,6.41263846709734
840,"14","406","TIONESTA",1,85,9,1,1,1050,"tionesta",14406,"TIONESTA",54934.3,54934.3,54934.3,1998,1998,606,"tionesta",1,1.67582771612911
840,"14","407","CROWDER FLAT",1,85,9,1,1,1051,"crowder flat",14407,"CROWDER FLAT",59548.4,59548.4,59548.4,1998,1998,607,"crowder flat",1,8.68500889899774
840,"14","408","MADELINE",1,85,9,1,1,1052,"madeline",14408,"MADELINE",40572.2,40572.2,40572.2,1998,1998,608,"madeline",1,32.5957012370301
840,"14","409","BURNT RANCH",1,93,5,1,1,1053,"burnt ranch",14409,"BURNT RANCH",41064.1,41064.1,41064.1,1998,1998,609,"burnt ranch",1,1.5697992350286
840,"14","410","FRENCH GULCH",1,66,5,1,1,1054,"french gulch",14410,"FRENCH GULCH",50648.5,50648.5,50648.5,1998,1998,610,"french gulch",1,1.1394159699805
840,"14","411","TOMHEAD",1,92,32,1,1,1055,"tomhead",14411,"TOMHEAD",50339.4,50339.3,50339.3,1998,1998,611,"tomhead",1,1.5215782106229
840,"14","412","FALL RIVER MILLS",1,66,9,1,1,1056,"fall river mills",14412,"FALL RIVER MILLS",46293.7,46293.7,46293.7,1998,1998,612,"fall river mills",1,0.587929692760071
840,"14","413","CHESTER",1,66,15,1,1,1057,"chester",14413,"CHESTER",57560.5,57560.5,57560.5,1998,1998,613,"chester",1,22.5771713695032
840,"14","414","GOUMAZ",1,85,15,1,1,1058,"goumaz",14414,"GOUMAZ",46119.4,46119.4,46119.4,1998,1998,614,"goumaz",1,42.2421486778402
840,"14","415","PAXTON",1,66,15,1,1,1059,"paxton",14415,"PAXTON",43953.5,43953.5,43953.5,1998,1998,615,"paxton",1,998.95298986388
840,"14","416","MEADOW VALLEY",1,66,15,1,1,1060,"meadow valley",14416,"MEADOW VALLEY",51023.1,51023,51023,1998,1998,616,"meadow valley",1,1.51765817719655
840,"14","418","FOREST HILL",1,66,15,1,1,1062,"forest hill",14418,"FOREST HILL",63967.9,63967.9,63967.9,1998,1998,618,"forest hill",1,0.411242850002947
840,"14","419","POLLOCK PINES",1,66,15,1,1,1063,"pollock pines",14419,"POLLOCK PINES",55834.2,55834.2,55834.2,1998,1998,619,"pollock pines",1,27.7086128839262
840,"14","420","PLACERVILLE",1,92,15,1,1,1064,"placerville",14420,"PLACERVILLE",32010.1,32010.1,32010.1,1998,1998,620,"placerville",1,1.06513258779337
840,"14","421","COULTERVILLE",1,92,15,1,1,1065,"coulterville",14421,"COULTERVILLE",64995.6,64995.6,64995.6,1998,1998,621,"coulterville",1,2.45267195038769
840,"14","422","WAWONA",1,92,15,1,1,1066,"wawona",14422,"WAWONA",56426,56426,56426,1998,1998,622,"wawona",1,42.6256162533778
840,"14","423","PINE MOUNTAIN",1,66,15,1,1,1067,"pine mountain",14423,"PINE MOUNTAIN",44360.1,44360.1,44360.1,1998,1998,623,"pine mountain",1,1.28678128701169
840,"14","424","KERNVILLE",1,92,15,1,1,1068,"kernville",14424,"KERNVILLE",54389.9,54389.9,54389.9,1998,1998,624,"kernville",1,186.946016427912
840,"14","425","SOUTH LAKE",1,92,32,1,1,1069,"south lake",14425,"SOUTH LAKE",70355.9,70355.9,70355.9,1998,1998,625,"south lake",1,0.956158891047253
840,"14","426","CRESTVIEW",1,88,15,1,1,1070,"crestview",14426,"CRESTVIEW",71597.7,71597.6,71597.6,1998,1998,626,"crestview",1,254.770047074808
840,"14","427","ALAMAR",1,90,32,1,1,1071,"alamar",14427,"ALAMAR",56843.9,56843.9,56843.9,1998,1998,627,"alamar",1,672.12503877668
840,"14","428","BIG FLAT",1,93,5,1,1,1072,"big flat",14428,"BIG FLAT",47136.3,47136.3,47136.3,1998,1998,628,"big flat",1,1.2477700364887
840,"14","429","CECILVILLE",1,66,5,1,1,1073,"cecilville",14429,"CECILVILLE",38280.383,38280.38,38280.38,2001,2001,629,"cecilville",1,3.33272800019879
840,"14","431","HAY FORK",1,93,5,1,1,1075,"hay fork",14431,"HAY FORK",65719.7,65719.7,65719.7,1998,1998,631,"hay fork",1,1.31581328764811
840,"14","432","HOUGH SPRINGS",0,92,32,1,1,1076,"hough springs",14432,"HOUGH SPRINGS",62981.6,62981.7,62981.7,1998,1998,632,"hough springs",1,79.4285823897048
840,"14","433","CHILCOOT",1,85,15,1,1,1077,"chilcoot",14433,"CHILCOOT",42247.5,42247.5,42247.5,1998,1998,633,"chilcoot",1,61.6256869686904
840,"14","434","STRAWBERRY",1,66,15,1,1,1078,"strawberry",14434,"STRAWBERRY",66507.3,66507.2,66507.2,1998,1998,634,"strawberry",1,38.5373174151963
840,"14","435","FRIDAY RIDGE",1,93,5,1,1,1079,"friday ridge",14905,"FRIDAY RIDGE",39992.301,39992.3,39992.3,2001,2001,643,"friday ridge",1,18.566221227152
840,"14","436","LAST CHANCE",1,66,15,1,1,1080,"last chance",14436,"LAST CHANCE",39461.5,39461.5,39461.5,1998,1998,636,"last chance",1,57.0446927017522
840,"14","502","Glen Ellen 3",1,92,32,1,1,1082,"glen ellen 3",14202,"GLEN ELLEN",40936.4,40936.4,40936.4,1998,1998,580,"glen ellen",0.944444444444444,12.5340116716154
840,"14","503","Tracy 2",1,91,32,1,1,1083,"tracy 2",14503,"TRACY 2",47414.901,47414.9,47414.9,2011,2011,637,"tracy 2",1,2.02078803342548
840,"14","518","FOREST HILL 2",0,66,15,1,1,1084,"forest hill 2",14418,"FOREST HILL",63967.9,63967.9,63967.9,1998,1998,618,"forest hill",0.948717948717949,26.3687682820347
840,"14","536","SQUAW VALLEY",0,66,15,1,1,1086,"squaw valley",14536,"SQUAW VALLEY",41707.684,41707.68,41707.68,2001,2001,638,"squaw valley",1,57.4705130722332
840,"14","900","IRON GATE",1,85,9,1,2,1087,"iron gate",14900,"IRON GATE",42172.3,42172.3,42172.3,1998,1998,639,"iron gate",1,14.2402697321505
840,"14","901","GAZELLE",1,85,5,1,2,1088,"gazelle",14901,"GAZELLE",44232.2,44232.2,44232.2,1998,1998,640,"gazelle",1,1.75226508570733
840,"14","902","SHIP MTN.",0,93,5,1,2,1089,"ship mtn",14902,"SHIP MTN.",39382.5,39382.5,39382.5,1998,1998,641,"ship mtn",1,39.9049499070413
840,"14","903","PILOT CREEK",0,93,5,1,2,1090,"pilot creek",14903,"PILOT CREEK",39293.4,39293.4,39293.4,1998,1998,642,"pilot creek",1,0.0354302493617379
840,"14","905","FRIDAY RIDGE",0,93,5,1,2,1091,"friday ridge",14905,"FRIDAY RIDGE",39992.301,39992.3,39992.3,2001,2001,643,"friday ridge",1,587.677950114422
840,"14","907","CHOLLA GARD.",0,82,33,1,2,1092,"cholla gard",14907,"CHOLLA GARD.",42031.1,42031.1,42031.1,1998,1998,644,"cholla gard",1,4.78196362404574
840,"14","908","REDWOOD N.P.",0,93,5,1,2,1093,"redwood n p",14908,"REDWOOD N.P.",41803.1,41803.1,41803.1,1998,1998,645,"redwood n p",1,13.0876933097915
840,"14","909","SAN BENITO MTN.",0,92,32,1,2,1094,"san benito mtn",14909,"SAN BENITO MTN.",39034.426,39034.42,39034.42,2011,2011,646,"san benito mtn",1,2.46435903041948
840,"14","953","SOUTH FORK MTN",1,93,5,1,2,1096,"south fork mtn",14953,"SOUTH FORK MTN",45733.3,45733.3,45733.3,1998,1998,647,"south fork mtn",1,257.679548422824
840,"17","001","MAYBELL",1,86,10,1,1,1097,"maybell",17001,"MAYBELL",45471.2,45471.2,45471.2,1998,1998,648,"maybell",1,5.11144000116238
840,"17","002","GREAT DIVIDE",1,86,10,1,1,1098,"great divide",17002,"GREAT DIVIDE",42985.8,42985.8,42985.8,1998,1998,649,"great divide",1,11.5525257600244
840,"17","003","YAMPA",1,84,16,1,1,1099,"yampa",17003,"YAMPA",44080.5,44080.5,44080.5,1998,1998,650,"yampa",1,111.852166436351
840,"17","004","HARMONY",1,87,16,1,1,1100,"harmony",17004,"HARMONY",41825.3,41825.3,41825.3,1998,1998,651,"harmony",1,1.24459532313484
840,"17","005","BRIGGSDALE",1,36,18,1,1,1101,"briggsdale",17005,"BRIGGSDALE",40579.9,40579.9,40579.9,1998,1998,652,"briggsdale",1,0.467104998908859
840,"17","006","PINNEO",1,36,18,1,1,1102,"pinneo",17006,"PINNEO",41350.4,41350.4,41350.4,1998,1998,653,"pinneo",1,13.4819106895641
840,"17","007","FLEMING",1,36,18,1,1,1103,"fleming",17007,"FLEMING",40522.1,40522.1,40522.1,1998,1998,654,"fleming",1,0.589524093482688
840,"17","008","DOUGLAS PASS",1,84,16,1,1,1104,"douglas pass",17008,"DOUGLAS PASS",40597.6,40597.6,40597.6,1998,1998,655,"douglas pass",1,1.16158275211751
840,"17","009","BUFORD",1,84,16,1,1,1105,"buford",17009,"BUFORD",47327.7,47327.7,47327.7,1998,1998,656,"buford",1,1.43435988132181
840,"17","010","ASPEN",1,62,16,1,1,1106,"aspen",17010,"ASPEN",39991.8,39991.8,39991.8,1998,1998,657,"aspen",1,0.80349194862128
840,"17","012","KIOWA",0,87,18,1,1,1108,"kiowa",17012,"KIOWA",43373.9,43373.9,43373.9,1998,1998,659,"kiowa",1,64.0353867703162
840,"17","013","LAST CHANCE",0,36,18,1,1,1109,"last chance",17013,"LAST CHANCE",40081.1,40081.1,40081.1,1998,1998,660,"last chance",1,1.26883334107705
840,"17","014","ABARR",1,36,18,1,1,1110,"abarr",17014,"ABARR",40458.9,40458.9,40458.9,1998,1998,661,"abarr",1,0.800414118886579
840,"17","015","DELTA",1,84,16,1,1,1111,"delta",17015,"DELTA",39636.8,39636.8,39636.8,1998,1998,662,"delta",1,818.140989520969
840,"17","016","COLONA",0,62,16,1,1,1112,"colona",17016,"COLONA",39074.8,39074.8,39074.8,1998,1998,663,"colona",1,989.367344760133
840,"17","017","PARLIN",1,62,16,1,1,1113,"parlin",17017,"PARLIN",42592.1,42592.1,42592.1,1998,1998,664,"parlin",1,48.2950259789272
840,"17","018","MOFFAT",1,87,16,1,1,1114,"moffat",17018,"MOFFAT",38513.7,38513.7,38513.7,1998,1998,665,"moffat",1,106.568338782845
840,"17","019","RUSH",1,36,18,1,1,1115,"rush",17019,"RUSH",39607.7,39607.7,39607.7,1998,1998,666,"rush",1,0.967285588423298
840,"17","020","BOYERO",1,36,18,1,1,1116,"boyero",17020,"BOYERO",38365.5,38365.5,38365.5,1998,1998,667,"boyero",1,1.11259899843802
840,"17","021","LAMAR",1,36,18,1,1,1117,"lamar",17021,"LAMAR",43521,43521,43521,1998,1998,668,"lamar",1,1.01055097712989
840,"17","023","FALFA",1,84,16,1,1,1119,"falfa",17023,"FALFA",42781.6,42781.6,42781.6,1998,1998,670,"falfa",1,0.768306014339014
840,"17","024","PAGOSA SPGS",0,62,16,1,1,1120,"pagosa spgs",17024,"PAGOSA SPGS",46488.828,46488.83,46488.83,2001,2001,671,"pagosa spgs",1,398.624098568102
840,"17","025","BLANCA",0,87,16,1,1,1121,"blanca",17025,"BLANCA",42145.141,42145.14,42145.14,2001,2001,672,"blanca",1,1.10428976961112
840,"17","026","MICA BUTTE",0,87,18,1,1,1122,"mica butte",17026,"MICA BUTTE",39712.406,39712.41,39712.41,2001,2001,673,"mica butte",1,0.919672314653028
840,"17","027","GILPIN",1,36,18,1,1,1123,"gilpin",17027,"GILPIN",39865.9,39865.9,39865.9,1998,1998,674,"gilpin",1,0.472994517943099
840,"17","028","TWO BUTTES",1,36,18,1,1,1124,"two buttes",17028,"TWO BUTTES",39501.8,39501.8,39501.8,1998,1998,675,"two buttes",1,0.84200369690612
840,"17","031","WRAY GULCH",1,84,16,1,1,1125,"wray gulch",17031,"WRAY GULCH",42918.6,42918.6,42918.6,1998,1998,676,"wray gulch",1,28.1823423946953
840,"17","032","WILSON CREEK",1,84,16,1,1,1126,"wilson creek",17032,"WILSON CREEK",41404.5,41404.5,41404.5,1998,1998,677,"wilson creek",1,42.2350229745921
840,"17","033","WALDEN",1,86,16,1,1,1127,"walden",17033,"WALDEN",41757.8,41757.8,41757.8,1998,1998,678,"walden",1,2.38754597809264
840,"17","034","LOST LAKE",1,62,16,1,1,1128,"lost lake",17034,"LOST LAKE",50849.6,50849.6,50849.6,1998,1998,679,"lost lake",1,44.9564518696177
840,"17","035","HUDSON",1,36,18,1,1,1129,"hudson",17035,"HUDSON",39564.6,39564.6,39564.6,1998,1998,680,"hudson",1,1.0080291811827
840,"17","036","WILDHORSE L",1,36,18,1,1,1130,"wildhorse l",17036,"WILDHORSE L",39834.6,39834.6,39834.6,1998,1998,681,"wildhorse l",1,1.00278112078211
840,"17","037","WAVERLY",1,36,18,1,1,1131,"waverly",17037,"WAVERLY",39500.1,39500.1,39500.1,1998,1998,682,"waverly",1,0.803117522575186
840,"17","038","FRUITA",0,87,16,1,1,1132,"fruita",17038,"FRUITA",40259.4,40259.4,40259.4,1998,1998,683,"fruita",1,25.433209716901
840,"17","039","WILLOW PEAK",1,62,16,1,1,1133,"willow peak",17039,"WILLOW PEAK",43650.3,43650.3,43650.3,1998,1998,684,"willow peak",1,49.5637554501994
840,"17","040","RED CLIFF",1,62,16,1,1,1134,"red cliff",17040,"RED CLIFF",46209.2,46209.3,46209.3,1998,1998,685,"red cliff",1,69.4647009138149
840,"17","041","TARRYALL",1,62,16,1,1,1135,"tarryall",17041,"TARRYALL",42424.2,42424.2,42424.2,1998,1998,686,"tarryall",1,0.796011470948752
840,"17","042","ADAMS CO.",1,36,18,1,1,1136,"adams co",17042,"ADAMS CO.",39909.8,39909.8,39909.8,1998,1998,687,"adams co",1,1.21325461835336
840,"17","043","GORDON CREEK",1,36,18,1,1,1137,"gordon creek",17043,"GORDON CREEK",40839.4,40839.4,40839.4,1998,1998,688,"gordon creek",1,1.04062169230488
840,"17","044","BETHUNE",1,36,18,1,1,1138,"bethune",17044,"BETHUNE",41412.6,41412.6,41412.6,1998,1998,689,"bethune",1,0.939067160558086
840,"17","045","UNCOMPAHGRE",1,62,16,1,1,1139,"uncompahgre",17045,"UNCOMPAHGRE",40546.4,40546.4,40546.4,1998,1998,690,"uncompahgre",1,86.5901840047173
840,"17","046","CASTLETON",1,62,16,1,1,1140,"castleton",17046,"CASTLETON",41032,41032,41032,1998,1998,691,"castleton",1,61.2439747526657
840,"17","047","DOYLEVILLE",1,62,16,1,1,1141,"doyleville",17047,"DOYLEVILLE",41697.9,41697.9,41697.9,1998,1998,692,"doyleville",1,24.846382979697
840,"17","048","GUFFEY",1,62,16,1,1,1142,"guffey",17048,"GUFFEY",42300.6,42300.6,42300.6,1998,1998,693,"guffey",1,29.0760105234653
840,"17","049","EDISON",1,36,18,1,1,1143,"edison",17049,"EDISON",38342.1,38342.1,38342.1,1998,1998,694,"edison",1,0.932096361492162
840,"17","050","CROWLEY",1,36,18,1,1,1144,"crowley",17050,"CROWLEY",41948.9,41948.9,41948.9,1998,1998,695,"crowley",1,1.02387281505793
840,"17","051","CHEYENNE",1,36,18,1,1,1145,"cheyenne",17051,"CHEYENNE",40389.4,40389.4,40389.4,1998,1998,696,"cheyenne",1,1.15186587042146
840,"17","052","DOLORES RIV",1,62,16,1,1,1146,"dolores riv",17052,"DOLORES RIV",40143.3,40143.3,40143.3,1998,1998,697,"dolores riv",1,1.1669920865574
840,"17","053","LAKE CITY",0,62,16,1,1,1147,"lake city",17053,"LAKE CITY",41042.4,41042.4,41042.4,1998,1998,698,"lake city",1,0.0300231336322646
840,"17","054","PINOS CREEK",0,62,16,1,1,1148,"pinos creek",17054,"PINOS CREEK",34763.141,34763.14,34763.14,2001,2001,699,"pinos creek",1,14.5238259825002
840,"17","055","ALAMOSA",1,87,16,1,1,1149,"alamosa",17055,"ALAMOSA",39375.5,39375.5,39375.5,1998,1998,700,"alamosa",1,11.5803605866884
840,"17","056","TRINCHERA",1,87,18,1,1,1150,"trinchera",17056,"TRINCHERA",38779.7,38779.7,38779.7,1998,1998,701,"trinchera",1,1.13634610171224
840,"17","057","VILLEGREEN",1,87,18,1,1,1151,"villegreen",17057,"VILLEGREEN",39420.8,39420.8,39420.8,1998,1998,702,"villegreen",1,0.764141841449986
840,"17","058","CAMPO",1,36,18,1,1,1152,"campo",17058,"CAMPO",39111.4,39111.4,39111.4,1998,1998,703,"campo",1,0.881907434467303
840,"17","112","KIOWA 2",1,36,18,1,1,1154,"kiowa 2",17012,"KIOWA",43373.9,43373.9,43373.9,1998,1998,659,"kiowa",0.904761904761905,127.076427655847
840,"17","113","Last Chance 2",1,36,18,1,1,1155,"last chance 2",17013,"LAST CHANCE",40081.1,40081.1,40081.1,1998,1998,660,"last chance",0.948717948717949,1.31261750340901
840,"17","116","COLONA 2",1,62,16,1,1,1156,"colona 2",17016,"COLONA",39074.8,39074.8,39074.8,1998,1998,663,"colona",0.916666666666667,989.427839588998
840,"17","122","CORTEZ",0,84,16,1,1,1157,"cortez",17122,"CORTEZ",42054.1,42054.1,42054.1,1998,1998,704,"cortez",1,18.9942513572656
840,"17","124","BLACKHEAD PK",1,62,16,1,1,1158,"blackhead pk",17124,"BLACKHEAD PK",53802.9,53802.9,53802.9,1998,1998,705,"blackhead pk",1,15.1198218335771
840,"17","125","SAN LUIS",1,87,16,1,1,1159,"san luis",17125,"SAN LUIS",40381.3,40381.3,40381.3,1998,1998,706,"san luis",1,1.00371618466731
840,"17","126","CONE MTN",1,87,18,1,1,1160,"cone mtn",17126,"CONE MTN",43974.9,43974.9,43974.9,1998,1998,707,"cone mtn",1,1.04477273009821
840,"17","138","Rosevale",1,84,16,1,1,1161,"rosevale",17138,"ROSEVALE",44848.207,44848.2,44848.2,2011,2011,708,"rosevale",1,0.149161993342318
840,"17","153","RIO GRNDS RS",1,62,16,1,1,1162,"rio grnds rs",17153,"RIO GRNDS RS",47703.1,47703.1,47703.1,1998,1998,709,"rio grnds rs",1,13.0351413972584
840,"17","154","SUMMITVILLE",1,62,16,1,1,1163,"summitville",17154,"SUMMITVILLE",40236.4,40236.4,40236.4,1998,1998,710,"summitville",1,7.66487810968217
840,"17","201","BROWNS PARK",1,84,10,1,1,1164,"browns park",17201,"BROWNS PARK",46037.2,46037.2,46037.2,1998,1998,711,"browns park",1,1.01424657267212
840,"17","202","DUNCKLEY PAS",1,62,16,1,1,1165,"dunckley pas",17202,"DUNCKLEY PAS",41152.8,41152.8,41152.8,1998,1998,712,"dunckley pas",1,29.1527027593766
840,"17","203","BUFFALO PARK",1,62,16,1,1,1166,"buffalo park",17203,"BUFFALO PARK",35398.4,35398.4,35398.4,1998,1998,713,"buffalo park",1,1.37107025534369
840,"17","204","DEADMAN RD.",1,62,16,1,1,1167,"deadman rd",17204,"DEADMAN RD.",61377.1,61377.2,61377.2,1998,1998,714,"deadman rd",1,0.769835508158517
840,"17","205","GROVER",1,36,18,1,1,1168,"grover",17205,"GROVER",40259.1,40259.1,40259.1,1998,1998,715,"grover",1,0.492211440803797
840,"17","206","STONEHAM",1,36,18,1,1,1169,"stoneham",17206,"STONEHAM",48888.8,48888.8,48888.8,1998,1998,716,"stoneham",1,0.926178351273167
840,"17","207","AMHERST",1,36,18,1,1,1170,"amherst",17207,"AMHERST",40781.3,40781.3,40781.3,1998,1998,717,"amherst",1,0.19543978634947
840,"17","208","DE BEQUE",1,84,16,1,1,1171,"de beque",17208,"DE BEQUE",45210.4,45210.4,45210.4,1998,1998,718,"de beque",1,0.0928672206996177
840,"17","209","FLATTOPS",1,62,16,1,1,1172,"flattops",17209,"FLATTOPS",37523,37523,37523,1998,1998,719,"flattops",1,3.41102598450151
840,"17","210","THOMASVILLE",1,62,16,1,1,1173,"thomasville",17210,"THOMASVILLE",41513.7,41513.7,41513.7,1998,1998,720,"thomasville",1,0.698674921432112
840,"17","211","GUANELLA PAS",1,62,16,1,1,1174,"guanella pas",17211,"GUANELLA PAS",55455.3,55455.3,55455.3,1998,1998,721,"guanella pas",1,29.2135949404444
840,"17","212","PROSPECT VAL",0,36,18,1,1,1175,"prospect val",17212,"PROSPECT VAL",39609.1,39609.1,39609.1,1998,1998,722,"prospect val",1,108.814867148884
840,"17","213","LIMON",1,36,18,1,1,1176,"limon",17213,"LIMON",39996.1,39996.1,39996.1,1998,1998,723,"limon",1,47.3971951422381
840,"17","214","KIRK",1,36,18,1,1,1177,"kirk",17214,"KIRK",40284.5,40284.5,40284.5,1998,1998,724,"kirk",1,0.947722645018617
840,"17","215","PINON",1,62,16,1,1,1178,"pinon",17215,"PINON",48575.4,48575.4,48575.4,1998,1998,725,"pinon",1,503.684708642955
840,"17","216","PAONIA",1,84,16,1,1,1179,"paonia",17216,"PAONIA",45434.3,45434.3,45434.3,1998,1998,726,"paonia",1,4.85703312209507
840,"17","217","TINCUP",1,62,16,1,1,1180,"tincup",17217,"TINCUP",45742.5,45742.5,45742.5,1998,1998,727,"tincup",1,853.181265372849
840,"17","218","WET MTNS.",1,62,16,1,1,1181,"wet mtns",17218,"WET MTNS.",42863.5,42863.5,42863.5,1998,1998,728,"wet mtns",1,0.742420485862534
840,"17","219","DOYLE BRIDGE",0,36,18,1,1,1182,"doyle bridge",17219,"DOYLE BRIDGE",43967.1,43967.1,43967.1,1998,1998,729,"doyle bridge",1,1.00168430673688
840,"17","220","HASWELL",1,36,18,1,1,1183,"haswell",17220,"HASWELL",43396.9,43396.9,43396.9,1998,1998,730,"haswell",1,0.997406801078437
840,"17","221","NEEGRANDE",1,36,18,1,1,1184,"neegrande",17221,"NEEGRANDE",43945,43945,43945,1998,1998,731,"neegrande",1,0.474969747641762
840,"17","222","GROUNDHOG RS",1,62,16,1,1,1185,"groundhog rs",17222,"GROUNDHOG RS",39662.8,39662.8,39662.8,1998,1998,732,"groundhog rs",1,1.02591462361816
840,"17","223","PIEDRA",1,62,16,1,1,1186,"piedra",17223,"PIEDRA",55908.6,55908.5,55908.5,1998,1998,733,"piedra",1,1.6149186208904
840,"17","224","FOX CREEK",1,62,16,1,1,1187,"fox creek",17224,"FOX CREEK",69374.2,69374.2,69374.2,1998,1998,734,"fox creek",1,0.546457805014084
840,"17","225","MOSCA",1,87,16,1,1,1188,"mosca",17225,"MOSCA",40874.3,40874.3,40874.3,1998,1998,735,"mosca",1,2.71415896596504
840,"17","226","COKEDALE",1,84,16,1,1,1189,"cokedale",17226,"COKEDALE",51568.6,51568.6,51568.6,1998,1998,736,"cokedale",1,1.32108637679317
840,"17","227","NINAVIEW",1,87,18,1,1,1190,"ninaview",17227,"NINAVIEW",37762.6,37762.6,37762.6,1998,1998,737,"ninaview",1,0.696344886466701
840,"17","228","EDLER",1,36,18,1,1,1191,"edler",17228,"EDLER",40607.8,40607.8,40607.8,1998,1998,738,"edler",1,1.15271680021833
840,"17","253","Lake City 2",1,62,16,1,1,1192,"lake city 2",17253,"LAKE CITY 2",45395.123,45395.12,45395.12,2011,2011,739,"lake city 2",1,2.22963557349706
840,"17","301","DINOSAUR",1,84,16,1,1,1193,"dinosaur",17301,"DINOSAUR",51817.7,51817.7,51817.7,1998,1998,740,"dinosaur",1,1.23559371915795
840,"17","302","LAY",1,86,10,1,1,1194,"lay",17302,"LAY",45224.5,45224.5,45224.5,1998,1998,741,"lay",1,0.613918261461068
840,"17","303","STEAMBOAT L.",1,62,16,1,1,1195,"steamboat l",17303,"STEAMBOAT L.",54567,54566.9,54566.9,1998,1998,742,"steamboat l",1,0.975914392199022
840,"17","305","NUNN",1,36,18,1,1,1197,"nunn",17305,"NUNN",41789.7,41789.7,41789.7,1998,1998,744,"nunn",1,4.07607247534336
840,"17","306","FORT MORGAN",1,36,18,1,1,1198,"fort morgan",17306,"FORT MORGAN",42866.7,42866.7,42866.7,1998,1998,745,"fort morgan",1,0.901524774182537
840,"17","307","JULESBURG",1,36,18,1,1,1199,"julesburg",17307,"JULESBURG",41223.6,41223.6,41223.6,1998,1998,746,"julesburg",1,3.21851638862877
840,"17","308","BAXTER PASS",1,84,16,1,1,1200,"baxter pass",17308,"BAXTER PASS",41024.1,41024.1,41024.1,1998,1998,747,"baxter pass",1,1.0770126836272
840,"17","309","RAGGED MTN.",1,62,16,1,1,1201,"ragged mtn",17309,"RAGGED MTN.",45694.8,45694.8,45694.8,1998,1998,748,"ragged mtn",1,462.076697791699
840,"17","310","WESTON PASS",0,62,16,1,1,1202,"weston pass",17310,"WESTON PASS",57128.6,57128.6,57128.6,1998,1998,749,"weston pass",1,17.5122462022178
840,"17","311","COMO",1,62,16,1,1,1203,"como",17311,"COMO",45110.1,45110.1,45110.1,1998,1998,750,"como",1,0.545318205570438
840,"17","312","BENNETT",1,36,18,1,1,1204,"bennett",17312,"BENNETT",43933.3,43933.3,43933.3,1998,1998,751,"bennett",1,17.8162211070385
840,"17","313","FLAGLER",1,36,18,1,1,1205,"flagler",17313,"FLAGLER",42932.8,42932.8,42932.8,1998,1998,752,"flagler",1,0.883720616197541
840,"17","314","BURLINGTON",1,36,18,1,1,1206,"burlington",17314,"BURLINGTON",41755.6,41755.6,41755.6,1998,1998,753,"burlington",1,1.31644037254231
840,"17","315","BASIN",1,87,16,1,1,1207,"basin",17315,"BASIN",40155.5,40155.5,40155.5,1998,1998,754,"basin",1,1.29993207554605
840,"17","316","POWDERHORN",1,62,16,1,1,1208,"powderhorn",17316,"POWDERHORN",56750.8,56750.8,56750.8,1998,1998,755,"powderhorn",1,1.86757532055486
840,"17","317","MARSHALL PAS",1,62,16,1,1,1209,"marshall pas",17317,"MARSHALL PAS",54837.2,54837.2,54837.2,1998,1998,756,"marshall pas",1,1.12616710776816
840,"17","318","GRIBBLES PRK",1,62,16,1,1,1210,"gribbles prk",17318,"GRIBBLES PRK",52263.9,52263.9,52263.9,1998,1998,757,"gribbles prk",1,0.845673967126927
840,"17","319","ELLICOTT",1,36,18,1,1,1211,"ellicott",17319,"ELLICOTT",39903.7,39903.7,39903.7,1998,1998,758,"ellicott",1,184.116464543526
840,"17","320","KARVAL",1,36,18,1,1,1212,"karval",17320,"KARVAL",40124.7,40124.7,40124.7,1998,1998,759,"karval",1,1.31639569594681
840,"17","322","MCPHEE RES.",1,84,16,1,1,1214,"mcphee res",17322,"MCPHEE RES.",48676,48676,48676,1998,1998,761,"mcphee res",1,0.0434946909794352
840,"17","323","ANIMAS",0,84,16,1,1,1215,"animas",17323,"ANIMAS",53546.2,53546.2,53546.2,1998,1998,762,"animas",1,41.8337468809936
840,"17","324","SOUTH FORK",1,62,16,1,1,1216,"south fork",17324,"SOUTH FORK",45443.1,45443,45443,1998,1998,763,"south fork",1,8.04933350417344
840,"17","325","ANTONITO",0,87,16,1,1,1217,"antonito",17325,"ANTONITO",42440.9,42440.9,42440.9,1998,1998,764,"antonito",1,1.16855154670218
840,"17","326","WALSENBURG",1,84,16,1,1,1218,"walsenburg",17326,"WALSENBURG",39761.6,39761.6,39761.6,1998,1998,765,"walsenburg",1,0.592560580744804
840,"17","327","TIMPAS",1,36,18,1,1,1219,"timpas",17327,"TIMPAS",42454.7,42454.7,42454.7,1998,1998,766,"timpas",1,14.6660362479711
840,"17","328","PRITCHETT",1,36,18,1,1,1220,"pritchett",17328,"PRITCHETT",43005.4,43005.4,43005.4,1998,1998,767,"pritchett",1,0.656953055035667
840,"17","351","ANGORA",1,84,16,1,1,1221,"angora",17351,"ANGORA",50314.492,50314.49,50314.49,2001,2001,768,"angora",1,26.2601111624399
840,"17","352","YELLOWJACKET PASS",1,84,16,1,1,1222,"yellowjacket pass",17352,"YELLOWJACKET PASS",58118.66,58118.66,58118.66,2001,2001,769,"yellowjacket pass",1,40.0136800894534
840,"17","354","GOLD HILL",0,62,16,1,1,1224,"gold hill",17354,"GOLD HILL",37924.066,37924.07,37924.07,2001,2001,771,"gold hill",1,2.20583195712393
840,"17","358","PICEANCE BASIN",0,84,16,1,1,1225,"piceance basin",17358,"PICEANCE BASIN",40208.18,40208.18,40208.18,2001,2001,772,"piceance basin",1,1.10162182906104
840,"17","359","RIFLE FALLS",1,84,16,1,1,1226,"rifle falls",17359,"RIFLE FALLS",50646.766,50646.77,50646.77,2001,2001,773,"rifle falls",1,645.57359012251
840,"17","360","RADIUM",0,62,16,1,1,1227,"radium",17360,"RADIUM",35682.082,35682.08,35682.08,2001,2001,774,"radium",1,0.587043879781528
840,"17","361","ROLLINS PASS",1,62,16,1,1,1228,"rollins pass",17361,"ROLLINS PASS",39297.266,39297.27,39297.27,2001,2001,775,"rollins pass",1,42.814065779968
840,"17","362","ELBERT",1,87,18,1,1,1229,"elbert",17362,"ELBERT",41940.41,41940.41,41940.41,2001,2001,776,"elbert",1,523.386258583708
840,"17","365","NUCLA",1,62,16,1,1,1230,"nucla",17365,"NUCLA",44815.449,44815.45,44815.45,2001,2001,777,"nucla",1,4.53888427396076
840,"17","366","OWL CREEK PASS",1,62,16,1,1,1231,"owl creek pass",17366,"OWL CREEK PASS",66079.477,66079.48,66079.48,2001,2001,778,"owl creek pass",1,0.0151157716725457
840,"17","367","COCHETOPA PASS",1,62,16,1,1,1232,"cochetopa pass",17367,"COCHETOPA PASS",55997.559,55997.56,55997.56,2001,2001,779,"cochetopa pass",1,107.099782668849
840,"17","368","WESTCLIFFE",1,62,16,1,1,1233,"westcliffe",17368,"WESTCLIFFE",43196.48,43196.48,43196.48,2001,2001,780,"westcliffe",1,0.204028348368525
840,"17","372","HAYCAMP MESA",1,62,16,1,1,1234,"haycamp mesa",17372,"HAYCAMP MESA",62987.223,62987.22,62987.22,2001,2001,781,"haycamp mesa",1,12.3702179424144
840,"17","373","LIZARD HEAD PASS",1,62,16,1,1,1235,"lizard head pass",17373,"LIZARD HEAD PASS",43042.102,43042.1,43042.1,2001,2001,782,"lizard head pass",1,31.7952251174889
840,"17","374","MOON PASS",1,62,16,1,1,1236,"moon pass",17374,"MOON PASS",47626.523,47626.52,47626.52,2001,2001,783,"moon pass",1,63.3662774789635
840,"17","375","GARDNER",1,84,16,1,1,1237,"gardner",17375,"GARDNER",38348.051,38348.05,38348.05,2001,2001,784,"gardner",1,61.6794951526582
840,"17","376","LUDLOW",1,84,16,1,1,1238,"ludlow",17376,"LUDLOW",37932.402,37932.4,37932.4,2001,2001,785,"ludlow",1,4.59886251201157
840,"17","410","WESTON PASS 2",1,62,16,1,1,1241,"weston pass 2",17410,"WESTON PASS 2",49588.401,49588.39,49588.39,2011,2011,786,"weston pass 2",1,32.6525854426471
840,"17","412","PROSPECT VALLEY 2",1,36,18,1,1,1242,"prospect valley 2",17412,"PROSPECT VALLEY 2",45138.205,45138.2,45138.2,2011,2011,787,"prospect valley 2",1,5.83787540864949
840,"17","419","DOYLE BRIDGE 2",1,36,18,1,1,1243,"doyle bridge 2",17419,"DOYLE BRIDGE 2",45352.84,45352.84,45352.84,2001,2001,788,"doyle bridge 2",1,23.8468065481295
840,"17","422","Cortez 2",0,84,16,1,1,1244,"cortez 2",17422,"CORTEZ 2",40915.466,40915.46,40915.46,2011,2011,789,"cortez 2",1,2.65598783975764
840,"17","423","ANIMAS 2",1,84,16,1,1,1245,"animas 2",17423,"ANIMAS 2",40393.189,40393.18,40393.18,2011,2011,790,"animas 2",1,5.1175299664783
840,"17","425","MESITA",1,87,16,1,1,1246,"mesita",17425,"MESITA",47324.452,47324.44,47324.44,2011,2011,791,"mesita",1,6.35545795748147
840,"17","453","Stillwater Pass 2",1,62,16,1,1,1247,"stillwater pass 2",17453,"STILLWATER PASS 2",43871.986,43871.98,43871.98,2011,2011,792,"stillwater pass 2",1,0.908078089494307
840,"17","454","GOLD HILL 2",1,62,16,1,1,1248,"gold hill 2",17354,"GOLD HILL",37924.066,37924.07,37924.07,2001,2001,771,"gold hill",0.939393939393939,2.2038962552398
840,"17","900","ARSENAL",0,36,18,1,2,1250,"arsenal",17900,"ARSENAL",39243.6,39243.6,39243.6,1998,1998,793,"arsenal",1,1.01756448917827
840,"17","901","ROCKPORT",1,36,18,1,2,1251,"rockport",17901,"ROCKPORT",39236.5,39236.5,39236.5,1998,1998,794,"rockport",1,0.62258602000307
840,"17","903","MESAVERDE NP",1,84,16,1,2,1253,"mesaverde np",17903,"MESAVERDE NP",50049,50048.9,50048.9,1998,1998,796,"mesaverde np",1,19.2168565668075
840,"17","904","TRAIL RIDGE ROAD",0,62,16,1,2,1254,"trail ridge road",17904,"TRAIL RIDGE ROAD",39257.169,39257.16,39257.16,2011,2011,797,"trail ridge road",1,12.5838875457522
840,"17","905","ARSENAL 2",1,36,18,1,2,1255,"arsenal 2",17900,"ARSENAL",39243.6,39243.6,39243.6,1998,1998,793,"arsenal",0.925925925925926,716.329132427704
840,"18","001","MYSTIC",1,12,30,1,1,1256,"mystic",18001,"MYSTIC",40873.6,40873.6,40873.6,1998,1998,798,"mystic",1,0.691551582679609
840,"18","002","E HARTLAND",0,12,30,1,1,1257,"e hartland",18002,"E HARTLAND",38032.227,38032.23,38032.23,2001,2001,799,"e hartland",1,0.804547342181659
840,"18","003","BUCKINGHAM",1,12,30,1,1,1258,"buckingham",18003,"BUCKINGHAM",38566.1,38566.1,38566.1,1998,1998,800,"buckingham",1,0.823919146790422
840,"18","004","UNCASVILLE",1,12,30,1,1,1259,"uncasville",18004,"UNCASVILLE",41990.5,41990.5,41990.5,1998,1998,801,"uncasville",1,18.7849462650046
840,"18","005","WOODSTOCK",0,12,30,1,1,1260,"woodstock",18005,"WOODSTOCK",39261.7,39261.7,39261.7,1998,1998,802,"woodstock",1,1.17341730686593
840,"18","006","WESTBROOK",1,12,30,1,1,1261,"westbrook",18006,"WESTBROOK",44289,44289,44289,1998,1998,803,"westbrook",1,0.920964756837921
840,"18","007","WILLIMANTIC",1,12,30,1,1,1262,"willimantic",18007,"WILLIMANTIC",39618,39618,39618,1998,1998,804,"willimantic",1,0.915519788226174
840,"18","008","NO WOODBURY",1,12,30,1,1,1263,"no woodbury",18008,"NO WOODBURY",37848.3,37848.3,37848.3,1998,1998,805,"no woodbury",1,13.9594140864302
840,"18","009","SHERMAN",1,12,30,1,1,1264,"sherman",18009,"SHERMAN",41341.8,41341.8,41341.8,1998,1998,806,"sherman",1,0.711361459987267
840,"18","010","GREENWICH",1,12,30,1,1,1265,"greenwich",18010,"GREENWICH",38034.4,38034.4,38034.4,1998,1998,807,"greenwich",1,0.958304188440754
840,"18","011","DANBURY",1,12,30,1,1,1266,"danbury",18011,"DANBURY",37263.3,37263.3,37263.3,1998,1998,808,"danbury",1,281.32148315807
840,"18","012","WARREN",0,12,30,1,1,1267,"warren",18012,"WARREN",38208.6,38208.6,38208.6,1998,1998,809,"warren",1,0.726796680497965
840,"18","013","LONG HILL",1,12,30,1,1,1268,"long hill",18013,"LONG HILL",41737.1,41737.1,41737.1,1998,1998,810,"long hill",1,0.949185564161397
840,"18","014","MID HADDAM",1,12,30,1,1,1269,"mid haddam",18014,"MID HADDAM",41858.3,41858.3,41858.3,1998,1998,811,"mid haddam",1,20.8738757191948
840,"18","015","SOUTHINGTON",1,12,30,1,1,1270,"southington",18015,"SOUTHINGTON",41287.5,41287.5,41287.5,1998,1998,812,"southington",1,0.879376898614908
840,"18","016","NEW HARTFORD",0,12,14,1,1,1271,"new hartford",18016,"NEW HARTFORD",40938.148,40938.15,40938.15,2001,2001,813,"new hartford",1,0.873916617874378
840,"18","102","NEW HARTFORD",1,12,14,1,1,1272,"new hartford",18102,"NEW HARTFORD",40889.2,40889.2,40889.2,1998,1998,814,"new hartford",1,54.6254371642071
840,"18","105","WOODSTOCK 2",1,12,30,1,1,1273,"woodstock 2",18005,"WOODSTOCK",39261.7,39261.7,39261.7,1998,1998,802,"woodstock",0.939393939393939,1.17341730686593
840,"18","112","WARREN 2",1,12,30,1,1,1274,"warren 2",18012,"WARREN",38208.6,38208.6,38208.6,1998,1998,809,"warren",0.916666666666667,0.732718533035228
840,"18","116","GRANBY",1,12,30,1,1,1275,"granby",18116,"GRANBY",41719.1,41719.1,41719.1,1998,1998,815,"granby",1,1.18685300006156
840,"21","001","MT PLEASANT",1,4,30,1,1,1276,"mt pleasant",21001,"MT PLEASANT",38943,38943,38943,1998,1998,816,"mt pleasant",1,0.701058587545208
840,"21","002","WILMINGTON",0,4,30,1,1,1277,"wilmington",21002,"WILMINGTON",37855.3,37855.3,37855.3,1998,1998,817,"wilmington",1,8.30871785050942
840,"21","003","HARRINGTON",1,4,30,1,1,1278,"harrington",21003,"HARRINGTON",40490.2,40490.2,40490.2,1998,1998,818,"harrington",1,44.6310767971881
840,"21","004","FREDERICA",1,4,30,1,1,1279,"frederica",21004,"FREDERICA",38978.1,38978.1,38978.1,1998,1998,819,"frederica",1,60.1120795673011
840,"21","005","DOVER",0,4,30,1,1,1280,"dover",21005,"DOVER",43581.926,43581.93,43581.93,2001,2001,820,"dover",1,28.2601543941608
840,"21","006","FRANKFORD",0,4,30,1,1,1281,"frankford",21006,"FRANKFORD",39877.2,39877.2,39877.2,1998,1998,821,"frankford",1,14.3151711358277
840,"21","007","HOLLEYVILLE",0,4,30,1,1,1282,"holleyville",21007,"HOLLEYVILLE",35708,35708,35708,1998,1998,822,"holleyville",1,0.518685650398914
840,"21","008","LOWES XRDS",0,4,30,1,1,1283,"lowes xrds",21008,"LOWES XRDS",38718.6,38718.6,38718.6,1998,1998,823,"lowes xrds",1,0.709558687758371
840,"21","009","BETHANY BCH",0,4,30,1,1,1284,"bethany bch",21009,"BETHANY BCH",36248.738,36248.74,36248.74,2001,2001,824,"bethany bch",1,0.660809857349534
840,"21","010","MILTON",0,4,30,1,1,1285,"milton",21010,"MILTON",38384,38384,38384,1998,1998,825,"milton",1,1.18045547410697
840,"21","105","BLACKBIRD",1,4,30,1,1,1286,"blackbird",21105,"BLACKBIRD",39634,39634,39634,1998,1998,826,"blackbird",1,61.1646613547321
840,"21","107","HOLLEYVILLE 2",1,4,30,1,1,1288,"holleyville 2",21107,"HOLLEYVILLE 2",39062.17,39062.16,39062.16,2011,2011,827,"holleyville 2",1,2.38045195303832
840,"21","108","PEPPERBOX",0,4,30,1,1,1289,"pepperbox",21108,"PEPPERBOX",24650.979,24650.98,24650.98,2001,2001,828,"pepperbox",1,0.637435198114687
840,"21","109","GEORGETOWN",1,4,30,1,1,1290,"georgetown",21109,"GEORGETOWN",37240.8,37240.8,37240.8,1998,1998,829,"georgetown",1,0.675338034678589
840,"21","208","PEPPERBOX 2",1,4,30,1,1,1292,"pepperbox 2",21108,"PEPPERBOX",24650.979,24650.98,24650.98,2001,2001,828,"pepperbox",0.939393939393939,0.637435198114687
840,"25","001","OAK GROVE",0,4,27,1,1,1293,"oak grove",25001,"OAK GROVE",39766.4,39766.4,39766.4,1998,1998,830,"oak grove",1,37.1651523987485
840,"25","002","FT WALTN BCH",1,3,27,1,1,1294,"ft waltn bch",25002,"FT WALTN BCH",39491.4,39491.4,39491.4,1998,1998,831,"ft waltn bch",1,382.834829310698
840,"25","003","MOSSY HEAD",1,3,27,1,1,1295,"mossy head",25003,"MOSSY HEAD",41866.1,41866.1,41866.1,1998,1998,832,"mossy head",1,0.950539696153626
840,"25","004","BLOUNTSTOWN",1,3,27,1,1,1296,"blountstown",25004,"BLOUNTSTOWN",41565.7,41565.7,41565.7,1998,1998,833,"blountstown",1,18.0951142801009
840,"25","005","BROAD BRANCH",1,3,27,1,1,1297,"broad branch",25005,"BROAD BRANCH",40939,40939,40939,1998,1998,834,"broad branch",1,6.5438876463337
840,"25","006","MICCOSUKEE",1,4,27,1,1,1298,"miccosukee",25006,"MICCOSUKEE",39330.8,39330.8,39330.8,1998,1998,835,"miccosukee",1,25.8205398282138
840,"25","007","SEMINOLE HLS",0,3,27,1,1,1299,"seminole hls",25007,"SEMINOLE HLS",38068.6,38068.6,38068.6,1998,1998,836,"seminole hls",1,0.494648707877752
840,"25","008","TELOGIA",0,3,27,1,1,1300,"telogia",25008,"TELOGIA",40286.938,40286.94,40286.94,2001,2001,837,"telogia",1,0.805849945837089
840,"25","009","PORT ST JOE",0,3,27,1,1,1301,"port st joe",25009,"PORT ST JOE",39168.3,39168.3,39168.3,1998,1998,838,"port st joe",1,110.004919332326
840,"25","010","COVINGTON",1,3,27,1,1,1302,"covington",25010,"COVINGTON",41955.2,41955.2,41955.2,1998,1998,839,"covington",1,1.52906700521811
840,"25","011","STEINHATCHEE",1,3,27,1,1,1303,"steinhatchee",25011,"STEINHATCHEE",41666.9,41666.9,41666.9,1998,1998,840,"steinhatchee",1,95.3255715395302
840,"25","012","BELMONT",1,3,27,1,1,1304,"belmont",25012,"BELMONT",40186.8,40186.8,40186.8,1998,1998,841,"belmont",1,0.126048793810318
840,"25","013","MICANOPY",0,3,31,1,1,1305,"micanopy",25013,"MICANOPY",37887.418,37887.42,37887.42,2001,2001,842,"micanopy",1,0.553890601129707
840,"25","014","ROMEO",1,3,31,1,1,1306,"romeo",25014,"ROMEO",39906.5,39906.5,39906.5,1998,1998,843,"romeo",1,85.7178325790842
840,"25","015","FT GADSDEN",1,3,27,1,1,1307,"ft gadsden",25015,"FT GADSDEN",39745.6,39745.6,39745.6,1998,1998,844,"ft gadsden",1,36.375045578066
840,"25","016","DALE MABRY",0,2,31,1,1,1308,"dale mabry",25016,"DALE MABRY",40697.953,40697.95,40697.95,2001,2001,845,"dale mabry",1,0.685286125009693
840,"25","017","MYAKKA HEAD",0,2,31,1,1,1309,"myakka head",25017,"MYAKKA HEAD",41522.9,41522.9,41522.9,1998,1998,846,"myakka head",1,9.98549034935269
840,"25","018","ST AUGUSTINE",1,3,31,1,1,1310,"st augustine",25018,"ST AUGUSTINE",39776.7,39776.7,39776.7,1998,1998,847,"st augustine",1,0.793141226284532
840,"25","019","HILLIARD",1,3,27,1,1,1311,"hilliard",25019,"HILLIARD",39510.2,39510.2,39510.2,1998,1998,848,"hilliard",1,815.717407606262
840,"25","020","SAN ANTONIO",1,2,31,1,1,1312,"san antonio",25020,"SAN ANTONIO",36349.1,36349.1,36349.1,1998,1998,849,"san antonio",1,42.1180181347148
840,"25","021","BELMORE",1,3,31,1,1,1313,"belmore",25021,"BELMORE",37639.3,37639.3,37639.3,1998,1998,850,"belmore",1,0.235245135288852
840,"25","022","POLK CITY",1,2,31,1,1,1314,"polk city",25022,"POLK CITY",44267.5,44267.5,44267.5,1998,1998,851,"polk city",1,0.65081596736509
840,"25","023","MABEL",0,2,31,1,1,1315,"mabel",25023,"MABEL",37893,37893,37893,1998,1998,852,"mabel",1,0.640618307694215
840,"25","024","CHILDS",0,2,31,1,1,1316,"childs",25024,"CHILDS",39709.8,39709.8,39709.8,1998,1998,853,"childs",1,20.7517958263013
840,"25","025","SCOTTSMOOR",1,2,31,1,1,1317,"scottsmoor",25025,"SCOTTSMOOR",39669,39669,39669,1998,1998,854,"scottsmoor",1,0.639522390645
840,"25","027","FT LONESOME",1,2,31,1,1,1319,"ft lonesome",25027,"FT LONESOME",40869.2,40869.2,40869.2,1998,1998,856,"ft lonesome",1,27.5991901158791
840,"25","028","PINECREST",1,2,31,1,1,1320,"pinecrest",25028,"PINECREST",73700.5,73700.5,73700.5,1998,1998,857,"pinecrest",1,10.5685570844743
840,"25","029","ALTURAS",0,2,31,1,1,1321,"alturas",25029,"ALTURAS",40267.449,40267.45,40267.45,2001,2001,858,"alturas",1,0.444416025112822
840,"25","030","KENANSVILLE",1,2,31,1,1,1322,"kenansville",25030,"KENANSVILLE",40551,40551,40551,1998,1998,859,"kenansville",1,25.0134846465545
840,"25","031","INDIANTOWN",0,2,31,1,1,1323,"indiantown",25031,"INDIANTOWN",44042.5,44042.5,44042.5,1998,1998,860,"indiantown",1,24.9774398288329
840,"25","032","SALVISTA",0,2,31,1,1,1324,"salvista",25032,"SALVISTA",38572.391,38572.39,38572.39,2001,2001,861,"salvista",1,695.221553237349
840,"25","033","BROWARD",0,1,31,1,1,1325,"broward",25033,"BROWARD",42895.258,42895.26,42895.26,2001,2001,862,"broward",1,54.5553472349014
840,"25","035","TAMIAMI",0,1,31,1,1,1326,"tamiami",25035,"TAMIAMI",41143.609,41143.61,41143.61,2001,2001,863,"tamiami",1,0.643599519706611
840,"25","036","PLANTATION K",0,1,31,1,1,1327,"plantation k",25036,"PLANTATION K",53901.5,53901.5,53901.5,1998,1998,864,"plantation k",1,74.680055862592
840,"25","037","SANDERSON",0,3,27,1,1,1328,"sanderson",25037,"SANDERSON",37725.9,37725.9,37725.9,1998,1998,865,"sanderson",1,15.0445426363539
840,"25","038","DOCTOR INLET",0,3,27,1,1,1329,"doctor inlet",25038,"DOCTOR INLET",37058.6,37058.6,37058.6,1998,1998,866,"doctor inlet",1,0.745753241432688
840,"25","039","BOCA RATON",0,2,31,1,1,1330,"boca raton",25039,"BOCA RATON",36581.395,36581.39,36581.39,2001,2001,867,"boca raton",1,0.516467842593276
840,"25","040","ANDYTOWN",0,1,31,1,1,1331,"andytown",25040,"ANDYTOWN",39582,39582,39582,1998,1998,868,"andytown",1,183.962922989683
840,"25","051","SANTA ROSA",0,3,27,1,1,1332,"santa rosa",25051,"SANTA ROSA",42599.1,42599.1,42599.1,1998,1998,869,"santa rosa",1,0.667154653948153
840,"25","052","BLACKWATER",1,3,27,1,1,1333,"blackwater",25052,"BLACKWATER",43269.5,43269.5,43269.5,1998,1998,870,"blackwater",1,553.191724841108
840,"25","054","BETTS",1,3,27,1,1,1335,"betts",25054,"BETTS",43166.6,43166.6,43166.6,1998,1998,872,"betts",1,16.244359187741
840,"25","055","MILLER XRDS",1,4,27,1,1,1336,"miller xrds",25055,"MILLER XRDS",38947.7,38947.7,38947.7,1998,1998,873,"miller xrds",1,0.676999081182198
840,"25","056","HIXTOWN SWMP",1,3,27,1,1,1337,"hixtown swmp",25056,"HIXTOWN SWMP",42490.6,42490.6,42490.6,1998,1998,874,"hixtown swmp",1,29.6097576017836
840,"25","057","BLOXHAM",1,3,27,1,1,1338,"bloxham",25057,"BLOXHAM",44647.3,44647.3,44647.3,1998,1998,875,"bloxham",1,0.413253735809642
840,"25","058","DOWLING PARK",1,3,27,1,1,1339,"dowling park",25058,"DOWLING PARK",44087.4,44087.4,44087.4,1998,1998,876,"dowling park",1,3.65243862740936
840,"25","059","HILDRETH",0,3,27,1,1,1340,"hildreth",25059,"HILDRETH",40553.8,40553.8,40553.8,1998,1998,877,"hildreth",1,178.78494660915
840,"25","060","CALLAHAN",1,3,27,1,1,1341,"callahan",25060,"CALLAHAN",41214.3,41214.3,41214.3,1998,1998,878,"callahan",1,788.542695925545
840,"25","061","PINETTA",1,3,27,1,1,1342,"pinetta",25061,"PINETTA",44529.4,44529.4,44529.4,1998,1998,879,"pinetta",1,0.92113633627971
840,"25","062","ALLIGATOR PT",1,3,27,1,1,1343,"alligator pt",25062,"ALLIGATOR PT",41688.2,41688.2,41688.2,1998,1998,880,"alligator pt",1,20.6773436283369
840,"25","063","FT MCCOY",1,3,31,1,1,1344,"ft mccoy",25063,"FT MCCOY",42205.7,42205.7,42205.7,1998,1998,881,"ft mccoy",1,0.531528252864092
840,"25","065","FLEMINGTON",0,3,31,1,1,1346,"flemington",25065,"FLEMINGTON",42730.9,42730.9,42730.9,1998,1998,883,"flemington",1,0.767183454220141
840,"25","066","NOBLETON",1,2,31,1,1,1347,"nobleton",25066,"NOBLETON",37672.7,37672.7,37672.7,1998,1998,884,"nobleton",1,4.37326315865837
840,"25","067","PENNYWASH CR",1,2,31,1,1,1348,"pennywash cr",25067,"PENNYWASH CR",45638.1,45638.1,45638.1,1998,1998,885,"pennywash cr",1,0.796730100166416
840,"25","068","WINTER GARDN",1,2,31,1,1,1349,"winter gardn",25068,"WINTER GARDN",44731.4,44731.4,44731.4,1998,1998,886,"winter gardn",1,20.6484872531536
840,"25","069","KISSIMMEE",1,2,31,1,1,1350,"kissimmee",25069,"KISSIMMEE",45060.1,45060.1,45060.1,1998,1998,887,"kissimmee",1,28.8101934283306
840,"25","070","PLEASANT GR",0,2,31,1,1,1351,"pleasant gr",25070,"PLEASANT GR",41724.6,41724.6,41724.6,1998,1998,888,"pleasant gr",1,14.4492268853817
840,"25","071","SANDY",0,2,31,1,1,1352,"sandy",25071,"SANDY",41777.5,41777.5,41777.5,1998,1998,889,"sandy",1,0.41550724121069
840,"25","072","GARDNER",0,2,31,1,1,1353,"gardner",25072,"GARDNER",44460.6,44460.6,44460.6,1998,1998,890,"gardner",1,0.0541038166629042
840,"25","073","ARBUCKLE",1,2,31,1,1,1354,"arbuckle",25073,"ARBUCKLE",44082.9,44082.9,44082.9,1998,1998,891,"arbuckle",1,1.54030356376902
840,"25","075","SEBASTIAN",0,2,31,1,1,1356,"sebastian",25075,"SEBASTIAN",40722.203,40722.2,40722.2,2001,2001,893,"sebastian",1,412.804458525944
840,"25","076","SHAWANO",0,1,31,1,1,1357,"shawano",25076,"SHAWANO",41422.4,41422.4,41422.4,1998,1998,894,"shawano",1,443.413159392201
840,"25","077","DAVIE",0,1,31,1,1,1358,"davie",25077,"DAVIE",43273.8,43273.8,43273.8,1998,1998,895,"davie",1,12.2035538340337
840,"25","078","KENDALL",0,1,31,1,1,1359,"kendall",25078,"KENDALL",43031.836,43031.84,43031.84,2001,2001,896,"kendall",1,179.214981627852
840,"25","079","HOMESTEAD",1,1,31,1,1,1360,"homestead",25079,"HOMESTEAD",34893.6,34893.6,34893.6,1998,1998,897,"homestead",1,30.4438539098493
840,"25","080","KEY LARGO",0,1,31,1,1,1361,"key largo",25080,"KEY LARGO",58364.992,58364.99,58364.99,2001,2001,898,"key largo",1,26.7887364510762
840,"25","082","PALMDALE",1,2,31,1,1,1363,"palmdale",25082,"PALMDALE",44101.8,44101.8,44101.8,1998,1998,900,"palmdale",1,38.3737321883406
840,"25","083","KEY WEST",0,1,31,1,1,1364,"key west",25083,"KEY WEST",47925.875,47925.88,47925.88,2001,2001,901,"key west",1,64.6376071382025
840,"25","085","ARIPEKA",1,2,31,1,1,1366,"aripeka",25085,"ARIPEKA",42276,42276,42276,1998,1998,903,"aripeka",1,0.469338495245833
840,"25","086","ALVA",0,2,31,1,1,1367,"alva",25086,"ALVA",39122.2,39122.2,39122.2,1998,1998,904,"alva",1,0.655582391898747
840,"25","087","WEAVER STN",0,1,31,1,1,1368,"weaver stn",25087,"WEAVER STN",44575.2,44575.2,44575.2,1998,1998,905,"weaver stn",1,103.055959754957
840,"25","101","Oak Grove 2",1,4,27,1,1,1371,"oak grove 2",25001,"OAK GROVE",39766.4,39766.4,39766.4,1998,1998,830,"oak grove",0.939393939393939,37.1651523987485
840,"25","105","NIXON",0,3,27,1,1,1372,"nixon",25105,"NIXON",39864.938,39864.94,39864.94,2001,2001,906,"nixon",1,0.821309062086168
840,"25","108","BRISTOL",1,3,27,1,1,1374,"bristol",25108,"BRISTOL",38389.8,38389.8,38389.8,1998,1998,908,"bristol",1,943.867981008547
840,"25","109","PORT ST JOE 2",1,3,27,1,1,1375,"port st joe 2",25009,"PORT ST JOE",39168.3,39168.3,39168.3,1998,1998,838,"port st joe",0.948717948717949,110.004919332326
840,"25","113","ISLAND GROVE",1,3,31,1,1,1376,"island grove",25113,"ISLAND GROVE",41969.9,41969.9,41969.9,1998,1998,909,"island grove",1,4.01662141903455
840,"25","116","CITRUS PARK",1,2,31,1,1,1377,"citrus park",25116,"CITRUS PARK",40265.3,40265.3,40265.3,1998,1998,910,"citrus park",1,0.718379558668154
840,"25","117","Myakka Head 2",0,2,31,1,1,1378,"myakka head 2",25017,"MYAKKA HEAD",41522.9,41522.9,41522.9,1998,1998,846,"myakka head",0.948717948717949,25.9261986251661
840,"25","123","Mabel 2",1,2,31,1,1,1379,"mabel 2",25023,"MABEL",37893,37893,37893,1998,1998,852,"mabel",0.904761904761905,0.684570209427351
840,"25","129","LAKE BUFFUM",1,2,31,1,1,1380,"lake buffum",25129,"LAKE BUFFUM",42408.1,42408.1,42408.1,1998,1998,911,"lake buffum",1,0.415898868915256
840,"25","135","FLAMINGO",1,1,31,1,1,1383,"flamingo",25135,"FLAMINGO",43661.6,43661.6,43661.6,1998,1998,913,"flamingo",1,12.3717345786389
840,"25","137","GLEN ST. MARY",0,3,27,1,1,1384,"glen st mary",25137,"GLEN ST. MARY",65781.237,65781.23,65781.23,2001,2001,914,"glen st mary",1,0.43768372961971
840,"25","138","Doctors Inlet 2",0,3,27,1,1,1385,"doctors inlet 2",25138,"DOCTORS INLET 2",44210.144,44210.13,44210.13,2011,2011,915,"doctors inlet 2",1,1.29014112896485
840,"25","151","Laurel Hill",1,3,27,1,1,1386,"laurel hill",25151,"LAUREL HILL",43095.112,43095.1,43095.1,2011,2011,916,"laurel hill",1,1.46101113238796
840,"25","159","Hildreth 2",1,3,27,1,1,1387,"hildreth 2",25159,"HILDRETH 2",43796.574,43796.56,43796.56,2011,2011,917,"hildreth 2",1,0.69418844241343
840,"25","165","MT. OLIVE",1,3,31,1,1,1388,"mt olive",25165,"MT. OLIVE",42508.016,42508.02,42508.02,2001,2001,918,"mt olive",1,0.572325389279858
840,"25","170","Pleasant Grove 2",1,2,31,1,1,1389,"pleasant grove 2",25170,"PLEASANT GROVE 2",44090.69,44090.68,44090.68,2011,2011,919,"pleasant grove 2",1,10.31868824131
840,"25","171","SANDY 2",1,2,31,1,1,1390,"sandy 2",25071,"SANDY",41777.5,41777.5,41777.5,1998,1998,889,"sandy",0.904761904761905,0.41550724121069
840,"25","172","CREWSVILLE",1,2,31,1,1,1391,"crewsville",25172,"CREWSVILLE",48467.389,48467.38,48467.38,2001,2001,920,"crewsville",1,0.112051278926306
840,"25","176","SHAWANO 2",0,1,31,1,1,1393,"shawano 2",25176,"SHAWANO 2",45493.653,45493.64,45493.64,2011,2011,922,"shawano 2",1,3.6436465497979
840,"25","178","REDLANDS",1,1,31,1,1,1394,"redlands",25178,"REDLANDS",42695.6,42695.6,42695.6,1998,1998,923,"redlands",1,32.4561502465051
840,"25","180","CARD SOUND",0,1,31,1,1,1395,"card sound",25180,"CARD SOUND",35939.6,35939.5,35939.5,1998,1998,924,"card sound",1,29.9531427953549
840,"25","183","SUGARLOAF KEY",0,1,31,1,1,1396,"sugarloaf key",25283,"SUGARLOAF KEY 2",35388.981,35388.98,35388.98,2011,2011,926,"sugarloaf key 2",0.955555555555555,730.633048650907
840,"25","237","Sanderson 2",1,3,27,1,1,1398,"sanderson 2",25037,"SANDERSON",37725.9,37725.9,37725.9,1998,1998,865,"sanderson",0.939393939393939,225.937963694757
840,"25","283","SUGARLOAF KEY 2",1,1,31,1,1,1399,"sugarloaf key 2",25283,"SUGARLOAF KEY 2",35388.981,35388.98,35388.98,2011,2011,926,"sugarloaf key 2",1,712.555047581057
840,"25","901","APALACHICOLA",1,3,27,1,2,1400,"apalachicola",25901,"APALACHICOLA",41608.5,41608.5,41608.5,1998,1998,927,"apalachicola",1,18.5055640898018
840,"25","902","OSCEOLA",1,3,27,1,2,1401,"osceola",25902,"OSCEOLA",42798.8,42798.8,42798.8,1998,1998,928,"osceola",1,189.056868156049
840,"25","903","OCALA",1,2,31,1,2,1402,"ocala",25903,"OCALA",44842.3,44842.3,44842.3,1998,1998,929,"ocala",1,0.668202636464991
840,"25","904","LOVEDALE",0,4,27,1,2,1403,"lovedale",25904,"LOVEDALE",40131.7,40131.7,40131.7,1998,1998,930,"lovedale",1,31.8125785848473
840,"25","905","CROOM",1,2,31,1,2,1404,"croom",25905,"CROOM",47437.5,47437.5,47437.5,1998,1998,931,"croom",1,972.166170302529
840,"25","906","GREEN SWAMP",1,2,31,1,2,1405,"green swamp",25906,"GREEN SWAMP",33903.5,33903.5,33903.5,1998,1998,932,"green swamp",1,131.582876455671
840,"25","907","PINELANDS",1,1,31,1,2,1406,"pinelands",25907,"PINELANDS",50563.9,50564.2,50564.2,1998,1998,933,"pinelands",1,11.3117885973429
840,"25","908","Citrus",1,2,31,1,2,1407,"citrus",25908,"CITRUS",40222.715,40222.71,40222.71,2011,2011,934,"citrus",1,2.36326556888614
840,"25","909","Goethe",1,3,31,1,2,1408,"goethe",25909,"GOETHE",40044.629,40044.62,40044.62,2011,2011,935,"goethe",1,3.53736504395486
840,"25","910","WEBB",1,2,31,1,2,1409,"webb",25910,"WEBB",40535.2,40535.1,40535.1,1998,1998,936,"webb",1,351.624955002333
840,"25","911","CORBETT",1,2,31,1,2,1410,"corbett",25911,"CORBETT",39203.9,39203.9,39203.9,1998,1998,937,"corbett",1,0.613320013587644
840,"25","912","HOLEY LAND",1,1,31,1,2,1411,"holey land",25912,"HOLEY LAND",37394.8,37394.8,37394.8,1998,1998,938,"holey land",1,18.8397411119369
840,"25","916","RIDGE HARBOR",1,2,31,1,2,1414,"ridge harbor",25916,"RIDGE HARBOR",47729.5,47729.5,47729.5,1998,1998,940,"ridge harbor",1,0.893405264150417
840,"25","917","OLUSTEE",1,3,27,1,2,1415,"olustee",25917,"OLUSTEE",43500.6,43500.6,43500.6,1998,1998,941,"olustee",1,346.204592455777
840,"25","918","WILDERNES PK",0,3,31,1,2,1416,"wildernes pk",25918,"WILDERNES PK",41678.8,41678.9,41678.9,1998,1998,942,"wildernes pk",1,76.523743694162
840,"25","919","DUPUIS W.E.A",1,2,31,1,2,1417,"dupuis w e a",25919,"DUPUIS W.E.A",42770.8,42770.8,42770.8,1998,1998,943,"dupuis w e a",1,4.29565927351398
840,"25","920","EGLIN A.F.B.",0,3,27,1,2,1418,"eglin a f b",25920,"EGLIN A.F.B.",38532.9,38532.9,38532.9,1998,1998,944,"eglin a f b",1,761.583363508746
840,"25","922","CHASSAHOWITZ",1,2,31,1,2,1420,"chassahowitz",25922,"CHASSAHOWITZ",39310,39309.9,39309.9,1998,1998,946,"chassahowitz",1,0.681837755850788
840,"25","925","MERRITT ISLAND 2",0,2,31,1,2,1422,"merritt island 2",25915,"MERRITT ISL",44239.6,44239.6,44239.6,1998,1998,939,"merritt isl",0.895833333333333,27.4616383975055
840,"27","001","HARRIETTS BL",1,3,27,1,1,1423,"harrietts bl",27001,"HARRIETTS BL",38875.7,38875.7,38875.7,1998,1998,947,"harrietts bl",1,18.9101211873479
840,"27","002","OKEFENOKEE",0,3,27,1,1,1424,"okefenokee",27002,"OKEFENOKEE",40378.984,40378.98,40378.98,2001,2001,948,"okefenokee",1,86.7843617328481
840,"27","003","DARIEN",1,3,27,1,1,1425,"darien",27003,"DARIEN",39258.4,39258.4,39258.4,1998,1998,949,"darien",1,90.4715209971792
840,"27","004","STOCKTON",1,3,27,1,1,1426,"stockton",27004,"STOCKTON",36850,36850,36850,1998,1998,950,"stockton",1,0.932699796442698
840,"27","005","BAXLEY",1,4,27,1,1,1427,"baxley",27005,"BAXLEY",39681.9,39681.9,39681.9,1998,1998,951,"baxley",1,19.5856758133864
840,"27","006","FOWLSTOWN",1,4,27,1,1,1428,"fowlstown",27006,"FOWLSTOWN",40641.7,40641.7,40641.7,1998,1998,952,"fowlstown",1,0.563861997951283
840,"27","007","FITZGERALD",1,4,27,1,1,1429,"fitzgerald",27007,"FITZGERALD",38746.9,38746.9,38746.9,1998,1998,953,"fitzgerald",1,349.691956407476
840,"27","008","EVERETT CITY",1,3,27,1,1,1430,"everett city",27008,"EVERETT CITY",40293.4,40293.4,40293.4,1998,1998,954,"everett city",1,23.3530405060456
840,"27","009","COURTHOUSE",1,4,27,1,1,1431,"courthouse",27009,"COURTHOUSE",46660.8,46660.8,46660.8,1998,1998,955,"courthouse",1,13.9061263696492
840,"27","010","CUTHBERT",1,4,27,1,1,1432,"cuthbert",27010,"CUTHBERT",40498.2,40498.2,40498.2,1998,1998,956,"cuthbert",1,0.703760878566402
840,"27","011","GUYTON",0,3,27,1,1,1433,"guyton",27011,"GUYTON",40583.203,40583.2,40583.2,2001,2001,957,"guyton",1,27.7208919391823
840,"27","012","LYONS",0,4,27,1,1,1434,"lyons",27012,"LYONS",39996.676,39996.68,39996.68,2001,2001,958,"lyons",1,0.88621522935721
840,"27","013","WRIGHTSVILLE",1,4,27,1,1,1435,"wrightsville",27013,"WRIGHTSVILLE",39531.8,39531.8,39531.8,1998,1998,959,"wrightsville",1,64.7132503209674
840,"27","014","HAWKINSVILLE",1,4,27,1,1,1436,"hawkinsville",27014,"HAWKINSVILLE",37813.3,37813.3,37813.3,1998,1998,960,"hawkinsville",1,3.23972027030427
840,"27","015","FORSYTH",0,11,29,1,1,1437,"forsyth",27015,"FORSYTH",46143.7,46143.7,46143.7,1998,1998,961,"forsyth",1,497.310817855318
840,"27","016","CREST",1,11,29,1,1,1438,"crest",27016,"CREST",39591.4,39591.4,39591.4,1998,1998,962,"crest",1,283.957195928785
840,"27","017","WAYCROSS",0,3,27,1,1,1439,"waycross",27017,"WAYCROSS",52582.207,52582.21,52582.21,2001,2001,963,"waycross",1,65.6489170602547
840,"27","019","LINCOLNTON",0,11,29,1,1,1441,"lincolnton",27019,"LINCOLNTON",40094.269,40094.26,40094.26,2011,2011,965,"lincolnton",1,12.9023481435274
840,"27","020","MAXEYS",1,11,29,1,1,1442,"maxeys",27020,"MAXEYS",44267.6,44267.6,44267.6,1998,1998,966,"maxeys",1,30.597491712022
840,"27","021","NEWTON",1,4,27,1,1,1443,"newton",27021,"NEWTON",39789.1,39789.1,39789.1,1998,1998,967,"newton",1,0.940509070746996
840,"27","022","HOLLONVILLE",0,11,29,1,1,1444,"hollonville",27022,"HOLLONVILLE",40853.8,40853.8,40853.8,1998,1998,968,"hollonville",1,0.804491771915918
840,"27","023","FAIRPLAY",0,11,29,1,1,1445,"fairplay",27023,"FAIRPLAY",37825.309,37825.31,37825.31,2001,2001,969,"fairplay",1,64.8756052773755
840,"27","024","ATHENS",1,11,29,1,1,1446,"athens",27024,"ATHENS",39845.4,39845.4,39845.4,1998,1998,970,"athens",1,5.96773905456058
840,"27","025","COTTON",1,4,27,1,1,1447,"cotton",27025,"COTTON",37912.6,37912.6,37912.6,1998,1998,971,"cotton",1,38.6927217926379
840,"27","026","OAKMAN",1,13,28,1,1,1448,"oakman",27026,"OAKMAN",41388.5,41388.5,41388.5,1998,1998,972,"oakman",1,27.6477628586006
840,"27","027","CARTERSVILLE",1,11,28,1,1,1449,"cartersville",27027,"CARTERSVILLE",41572.8,41572.8,41572.8,1998,1998,973,"cartersville",1,4.08601513337097
840,"27","028","HENDERSON",1,4,27,1,1,1450,"henderson",27028,"HENDERSON",44293.9,44293.9,44293.9,1998,1998,974,"henderson",1,0.664244456607361
840,"27","029","DOLES",1,4,27,1,1,1451,"doles",27029,"DOLES",38899.9,38899.9,38899.9,1998,1998,975,"doles",1,714.740878023991
840,"27","030","BALDWIN",1,11,29,1,1,1452,"baldwin",27030,"BALDWIN",40108.7,40108.7,40108.7,1998,1998,976,"baldwin",1,383.736233030853
840,"27","031","SILOAM",1,11,29,1,1,1453,"siloam",27031,"SILOAM",35807,35807,35807,1998,1998,977,"siloam",1,3.52199326969616
840,"27","032","GROVETOWN",1,11,29,1,1,1454,"grovetown",27032,"GROVETOWN",40723.2,40723.2,40723.2,1998,1998,978,"grovetown",1,10.7819585392407
840,"27","033","LACROSS",1,4,27,1,1,1455,"lacross",27033,"LACROSS",41436.3,41436.3,41436.3,1998,1998,979,"lacross",1,1.25018641174223
840,"27","035","MACON",1,4,27,1,1,1457,"macon",27035,"MACON",40833.9,40833.9,40833.9,1998,1998,981,"macon",1,0.297411082208689
840,"27","036","BOWDON",1,11,29,1,1,1458,"bowdon",27036,"BOWDON",38799.5,38799.5,38799.5,1998,1998,982,"bowdon",1,247.949287842421
840,"27","037","LINWOOD",1,13,28,1,1,1459,"linwood",27037,"LINWOOD",40335.7,40335.7,40335.7,1998,1998,983,"linwood",1,41.1670810773354
840,"27","038","TAZEWELL",1,4,27,1,1,1460,"tazewell",27038,"TAZEWELL",39840.1,39840.1,39840.1,1998,1998,984,"tazewell",1,7.59612666913578
840,"27","039","SHANNON",1,13,28,1,1,1461,"shannon",27039,"SHANNON",36582.7,36582.6,36582.6,1998,1998,985,"shannon",1,20.7521962870319
840,"27","040","BAXTER",1,23,28,1,1,1462,"baxter",27040,"BAXTER",39374.7,39374.7,39374.7,1998,1998,986,"baxter",1,0.812291163175694
840,"27","041","MOUNTAIN CTY",1,23,28,1,1,1463,"mountain cty",27041,"MOUNTAIN CTY",37863.5,37863.5,37863.5,1998,1998,987,"mountain cty",1,1.03571951911108
840,"27","042","HOLLY SPRS",0,11,29,1,1,1464,"holly sprs",27042,"HOLLY SPRS",40185.1,40185.1,40185.1,1998,1998,988,"holly sprs",1,0.615364901903849
840,"27","043","HIRAM",1,11,29,1,1,1465,"hiram",27043,"HIRAM",40371.1,40371.1,40371.1,1998,1998,989,"hiram",1,0.47165267681192
840,"27","044","STOCKBRIDGE",1,11,29,1,1,1466,"stockbridge",27044,"STOCKBRIDGE",39413.6,39413.6,39413.6,1998,1998,990,"stockbridge",1,0.463470014479297
840,"27","045","RUTLEDGE",1,11,29,1,1,1467,"rutledge",27045,"RUTLEDGE",41291.7,41291.7,41291.7,1998,1998,991,"rutledge",1,448.174975433504
840,"27","046","JULIETTE",1,11,29,1,1,1468,"juliette",27046,"JULIETTE",38963.3,38963.3,38963.3,1998,1998,992,"juliette",1,23.0157068291203
840,"27","047","WASHINGTON",1,11,29,1,1,1469,"washington",27047,"WASHINGTON",39509.1,39509.1,39509.1,1998,1998,993,"washington",1,0.804984272917522
840,"27","048","DEEPSTEP",1,4,27,1,1,1470,"deepstep",27048,"DEEPSTEP",38488.5,38488.5,38488.5,1998,1998,994,"deepstep",1,220.221036914272
840,"27","049","FINLEYSON",1,4,27,1,1,1471,"finleyson",27049,"FINLEYSON",39379.4,39379.4,39379.4,1998,1998,995,"finleyson",1,0.832318150538898
840,"27","050","RENTZ",1,4,27,1,1,1472,"rentz",27050,"RENTZ",40381.6,40381.6,40381.6,1998,1998,996,"rentz",1,51.6326774524047
840,"27","051","WADLEY",1,4,27,1,1,1473,"wadley",27051,"WADLEY",40969.6,40969.6,40969.6,1998,1998,997,"wadley",1,787.467794313784
840,"27","052","PITTS",1,4,27,1,1,1474,"pitts",27052,"PITTS",40626.1,40626.1,40626.1,1998,1998,998,"pitts",1,0.922686365227623
840,"27","053","WORKMORE",1,4,27,1,1,1475,"workmore",27053,"WORKMORE",41877.7,41877.7,41877.7,1998,1998,999,"workmore",1,58.8169029336078
840,"27","054","DOVER",1,4,27,1,1,1476,"dover",27054,"DOVER",40549,40549,40549,1998,1998,1000,"dover",1,37.7340517784747
840,"27","055","DOUGLAS",0,4,27,1,1,1477,"douglas",27055,"DOUGLAS",45245.801,45245.8,45245.8,2001,2001,1001,"douglas",1,13.8188970663347
840,"27","056","KELLER",0,3,27,1,1,1478,"keller",27056,"KELLER",40756.2,40756.2,40756.2,1998,1998,1002,"keller",1,10.5247323880267
840,"27","057","BOSTON",1,4,27,1,1,1479,"boston",27057,"BOSTON",40152.5,40152.5,40152.5,1998,1998,1003,"boston",1,22.6600473932566
840,"27","058","NEEDMORE",0,3,27,1,1,1480,"needmore",27058,"NEEDMORE",38939.402,38939.4,38939.4,2001,2001,1004,"needmore",1,0.663372764914728
840,"27","102","FOLKSTON",1,3,27,1,1,1481,"folkston",27102,"FOLKS",44353.7,44353.7,44353.7,1998,1998,1005,"folks",0.875,28.0647475124566
840,"27","111","PINEORA",0,3,27,1,1,1482,"pineora",27111,"PINEORA",40620.1,40620.1,40620.1,1998,1998,1006,"pineora",1,0.187276067179471
840,"27","112","VIDALIA",1,4,27,1,1,1483,"vidalia",27112,"VIDALIA",43037.5,43037.5,43037.5,1998,1998,1007,"vidalia",1,7.13036148689623
840,"27","117","WARE CO",1,3,27,1,1,1484,"ware co",27117,"WARE CO",42844,42844,42844,1998,1998,1008,"ware co",1,0.678860774050854
840,"27","119","METASVILLE",0,11,29,1,1,1485,"metasville",27119,"METASVILLE",39885.8,39885.8,39885.8,1998,1998,1009,"metasville",1,1.08792119858344
840,"27","122","HOLLONVILLE 2",1,11,29,1,1,1486,"hollonville 2",27122,"HOLLONVILLE 2",55510.291,55510.28,55510.28,2011,2011,1010,"hollonville 2",1,4.14472780449504
840,"27","123","WHITESBURG",1,11,29,1,1,1487,"whitesburg",27123,"WHITESBURG",40284.1,40284.1,40284.1,1998,1998,1011,"whitesburg",1,44.0490786272137
840,"27","155","COFFEE CO",1,4,27,1,1,1489,"coffee co",27155,"COFFEE CO",47183.5,47183.5,47183.5,1998,1998,1012,"coffee co",1,2.65574360384902
840,"27","156","RICEBORO",1,3,27,1,1,1490,"riceboro",27156,"RICEBORO",45185,45185,45185,1998,1998,1013,"riceboro",1,7.75500714418582
840,"27","211","PINEORA 2",1,3,27,1,1,1492,"pineora 2",27111,"PINEORA",40620.1,40620.1,40620.1,1998,1998,1006,"pineora",0.925925925925926,10.4281101508333
840,"27","219","LINCOLNTON 2",1,11,29,1,1,1493,"lincolnton 2",27019,"LINCOLNTON",40094.269,40094.26,40094.26,2011,2011,965,"lincolnton",0.944444444444444,12.9023481435274
840,"27","301","WOODBINE",1,3,27,1,1,1494,"woodbine",27301,"WOODBINE",46278.06,46278.06,46278.06,2011,2011,1015,"woodbine",1,35.8239158403236
840,"27","303","HEADLIGHT",1,3,27,1,1,1496,"headlight",27303,"HEADLIGHT",49292.074,49292.06,49292.06,2011,2011,1017,"headlight",1,3.65804153493978
840,"27","304","BIG OAK",1,3,27,1,1,1497,"big oak",27304,"BIG OAK",39859.359,39859.35,39859.35,2011,2011,1018,"big oak",1,157.172299784184
840,"27","305","COLONELS ISLAND",1,3,27,1,1,1498,"colonels island",27305,"COLONELS ISLAND",40696.627,40696.62,40696.62,2011,2011,1019,"colonels island",1,8.34962087568848
840,"27","306","GLENMORE",1,3,27,1,1,1499,"glenmore",27306,"GLENMORE",56591.835,56591.82,56591.82,2011,2011,1020,"glenmore",1,6.79327756080343
840,"27","307","THORNTON ROAD",1,4,27,1,1,1500,"thornton road",27307,"THORNTON ROAD",39584.385,39584.38,39584.38,2011,2011,1021,"thornton road",1,263.507372497946
840,"27","308","UNION",1,4,27,1,1,1501,"union",27308,"UNION",48321.966,48321.95,48321.95,2011,2011,1022,"union",1,0.861682186662369
840,"27","309","MILLEN",1,4,27,1,1,1502,"millen",27309,"MILLEN",39895.825,39895.82,39895.82,2011,2011,1023,"millen",1,72.0348914650043
840,"27","310","WHITE HILL",1,4,27,1,1,1503,"white hill",27310,"WHITE HILL",40070.892,40070.88,40070.88,2011,2011,1024,"white hill",1,7.68409681376419
840,"27","311","OUSLEY",1,3,27,1,1,1504,"ousley",27311,"OUSLEY",47773.779,47773.77,47773.77,2011,2011,1025,"ousley",1,7.16292520177426
840,"27","312","SHILOH",1,4,27,1,1,1505,"shiloh",27312,"SHILOH",41137.045,41137.04,41137.04,2011,2011,1026,"shiloh",1,524.547121863841
840,"27","313","WEBER",1,4,27,1,1,1506,"weber",27313,"WEBER",43177.589,43177.58,43177.58,2011,2011,1027,"weber",1,418.202324031871
840,"27","314","OWENSBORO",1,4,27,1,1,1507,"owensboro",27314,"OWENSBORO",42232.048,42232.04,42232.04,2011,2011,1028,"owensboro",1,7.87911593766263
840,"27","315","MINTER TWEED",1,4,27,1,1,1508,"minter tweed",27315,"MINTER TWEED",51238.584,51238.57,51238.57,2011,2011,1029,"minter tweed",1,10.9054017234854
840,"27","316","BETHANY",1,4,27,1,1,1509,"bethany",27316,"BETHANY",41639.391,41639.38,41639.38,2011,2011,1030,"bethany",1,12.780971388389
840,"27","317","PHILEMA",1,4,27,1,1,1510,"philema",27317,"PHILEMA",45598.236,45598.23,45598.23,2011,2011,1031,"philema",1,25.2237403140945
840,"27","318","DICKEY",1,4,27,1,1,1511,"dickey",27318,"DICKEY",39465.926,39465.92,39465.92,2011,2011,1032,"dickey",1,60.569326486135
840,"27","319","BARGES",1,4,27,1,1,1512,"barges",27319,"BARGES",45942.886,45942.88,45942.88,2011,2011,1033,"barges",1,7.04677493877382
840,"27","321","LAKEVIEW",1,4,27,1,1,1514,"lakeview",27321,"LAKEVIEW",44279.245,44279.24,44279.24,2011,2011,1035,"lakeview",1,687.704522724398
840,"27","322","ROLAND",1,11,29,1,1,1515,"roland",27322,"ROLAND",40145.705,40145.7,40145.7,2011,2011,1036,"roland",1,7.25501195626625
840,"27","323","CARRS STATION",1,11,29,1,1,1516,"carrs station",27323,"CARRS STATION",42097.739,42097.73,42097.73,2011,2011,1037,"carrs station",1,20.380887857379
840,"27","325","CURRY HILL",1,11,29,1,1,1518,"curry hill",27325,"CURRY HILL",38859.072,38859.06,38859.06,2011,2011,1039,"curry hill",1,3.60724004949128
840,"27","326","GOOD HOPE",1,11,29,1,1,1519,"good hope",27326,"GOOD HOPE",43472.418,43472.41,43472.41,2011,2011,1040,"good hope",1,10.8422641790947
840,"27","327","SUNNY SIDE",1,11,29,1,1,1520,"sunny side",27327,"SUNNY SIDE",45194.483,45194.47,45194.47,2011,2011,1041,"sunny side",1,1.18319122096393
840,"27","328","KITE LAKE",1,11,29,1,1,1521,"kite lake",27328,"KITE LAKE",51810.156,51810.15,51810.15,2011,2011,1042,"kite lake",1,8.39620219278757
840,"27","329","YATES CROSSROADS",1,11,29,1,1,1522,"yates crossroads",27329,"YATES CROSSROADS",39512.499,39512.49,39512.49,2011,2011,1043,"yates crossroads",1,6.59534206405725
840,"27","330","STONEY POINT",0,11,29,1,1,1523,"stoney point",27330,"STONEY POINT",28417.51,28417.5,28417.5,2011,2011,1044,"stoney point",1,2.41699672813216
840,"27","331","CANDLER",1,11,29,1,1,1524,"candler",27331,"CANDLER",18879.315,18879.31,18879.31,2011,2011,1045,"candler",1,0.865021460562637
840,"27","332","ROCK BRANCH",1,11,29,1,1,1525,"rock branch",27332,"ROCK BRANCH",38083.627,38083.62,38083.62,2011,2011,1046,"rock branch",1,3.99986177964047
840,"27","333","HEBRON",1,11,29,1,1,1526,"hebron",27333,"HEBRON",39244.115,39244.11,39244.11,2011,2011,1047,"hebron",1,10.2968551038884
840,"27","334","WOODSTOCK",1,11,29,1,1,1527,"woodstock",27334,"WOODSTOCK",39901.213,39901.2,39901.2,2011,2011,1048,"woodstock",1,3.32720025382559
840,"27","335","PLEASANT HILL",1,23,28,1,1,1528,"pleasant hill",27335,"PLEASANT HILL",39446.196,39446.19,39446.19,2011,2011,1049,"pleasant hill",1,25.1655887437473
840,"27","336","AMOS MILL",1,13,28,1,1,1529,"amos mill",27336,"AMOS MILL",40725.326,40725.32,40725.32,2011,2011,1050,"amos mill",1,38.460191603124
840,"27","337","DAVIS CROSSROADS",1,13,28,1,1,1530,"davis crossroads",27337,"DAVIS CROSSROADS",46779.156,46779.15,46779.15,2011,2011,1051,"davis crossroads",1,6.56008531179257
840,"27","424","Sharon 2",1,11,29,1,1,1531,"sharon 2",27324,"SHARON",42648.691,42648.68,42648.68,2011,2011,1038,"sharon",0.916666666666667,1.91375540039025
840,"27","430","STONEY POINT 2",1,11,29,1,1,1532,"stoney point 2",27330,"STONEY POINT",28417.51,28417.5,28417.5,2011,2011,1044,"stoney point",0.952380952380952,2.41699672813216
840,"27","900","PIEDMONT NWR",0,11,29,1,2,1533,"piedmont nwr",27900,"PIEDMONT NWR",35089.2,35089.2,35089.2,1998,1998,1052,"piedmont nwr",1,632.8916058099
840,"33","003","AVERY",1,64,10,1,1,1536,"avery",33003,"AVERY",41711.2,41711.2,41711.2,1998,1998,1055,"avery",1,17.854347105071
840,"33","004","GIFFORD",1,65,9,1,1,1537,"gifford",33004,"GIFFORD",38856.7,38856.7,38856.7,1998,1998,1056,"gifford",1,428.920603640183
840,"33","005","NEZPERCE",1,64,10,1,1,1538,"nezperce",33005,"NEZPERCE",48533.5,48533.5,48533.5,1998,1998,1057,"nezperce",1,43.5975703338322
840,"33","007","GRANGEVILLE",1,64,10,1,1,1540,"grangeville",33007,"GRANGEVILLE",38916.6,38916.6,38916.6,1998,1998,1059,"grangeville",1,1.35412106790969
840,"33","008","GOLDEN",1,64,10,1,1,1541,"golden",33008,"GOLDEN",49895.5,49895.5,49895.5,1998,1998,1060,"golden",1,98.1759920948089
840,"33","011","CASCADE",0,65,10,1,1,1544,"cascade",33011,"CASCADE",47056.199,47056.2,47056.2,2001,2001,1062,"cascade",1,1.35010612834321
840,"33","012","CAPE HORN",1,64,10,1,1,1545,"cape horn",33012,"CAPE HORN",37596,37596,37596,1998,1998,1063,"cape horn",1,831.912097592567
840,"33","013","CHALLIS",1,65,10,1,1,1546,"challis",33013,"CHALLIS",37941.8,37941.8,37941.8,1998,1998,1064,"challis",1,32.5931010286339
840,"33","014","LEADORE",1,65,9,1,1,1547,"leadore",33014,"LEADORE",39563.4,39563.4,39563.4,1998,1998,1065,"leadore",1,11.1829160077693
840,"33","017","BLACKS CREEK",0,89,9,1,1,1550,"blacks creek",33017,"BLACKS CREEK",37663.5,37663.5,37663.5,1998,1998,1068,"blacks creek",1,12.2555613435152
840,"33","018","CENTERVILLE",1,64,10,1,1,1551,"centerville",33018,"CENTERVILLE",35710.6,35710.6,35710.6,1998,1998,1069,"centerville",1,52.6301506659723
840,"33","019","ALTURAS",0,64,10,1,1,1552,"alturas",33019,"ALTURAS",37525.848,37525.85,37525.85,2001,2001,1070,"alturas",1,1.07614503278927
840,"33","020","CRATERS",1,89,9,1,1,1553,"craters",33020,"CRATERS",39952.8,39952.8,39952.8,1998,1998,1071,"craters",1,12.1106871371584
840,"33","022","RIRIE",1,89,9,1,1,1555,"ririe",33022,"RIRIE",41589.1,41589.1,41589.1,1998,1998,1073,"ririe",1,25.9527582326271
840,"33","023","TRIANGLE",1,89,9,1,1,1556,"triangle",33023,"TRIANGLE",39467.9,39467.9,39467.9,1998,1998,1074,"triangle",1,10.998504429431
840,"33","024","GLENNS FERRY",0,89,9,1,1,1557,"glenns ferry",33024,"GLENNS FERRY",42389.59,42389.59,42389.59,2001,2001,1075,"glenns ferry",1,63.8564848094508
840,"33","025","MAGIC MTN",1,88,9,1,1,1558,"magic mtn",33025,"MAGIC MTN",41240.9,41240.9,41240.9,1998,1998,1076,"magic mtn",1,0.456948951418182
840,"33","026","ACEQUIA",1,89,9,1,1,1559,"acequia",33026,"ACEQUIA",38431.8,38431.8,38431.8,1998,1998,1077,"acequia",1,45.801538339094
840,"33","027","POCATELLO",1,88,9,1,1,1560,"pocatello",33027,"POCATELLO",44378.2,44378.2,44378.2,1998,1998,1078,"pocatello",1,14.6354577162748
840,"33","028","HENRY",0,88,9,1,1,1561,"henry",33028,"HENRY",45910.922,45910.92,45910.92,2001,2001,1079,"henry",1,0.551340312132154
840,"33","029","COOLIN",1,64,10,1,1,1562,"coolin",33029,"COOLIN",42587.3,42587.3,42587.3,1998,1998,1080,"coolin",1,6.6690464623067
840,"33","109","NEZPERCE NF",0,64,10,1,1,1564,"nezperce nf",33109,"NEZPERCE NF",36501.1,36501.1,36501.1,1998,1998,1081,"nezperce nf",1,11.6211145139517
840,"33","111","CABARTON",1,65,10,1,1,1565,"cabarton",33111,"CABARTON",41599.2,41599.2,41599.2,1998,1998,1082,"cabarton",1,127.688770851978
840,"33","119","SAWTOOTH CTY",0,64,10,1,1,1567,"sawtooth cty",33119,"SAWTOOTH CTY",39661.1,39661.1,39661.1,1998,1998,1083,"sawtooth cty",1,122.078962252696
840,"33","124","PASADENA VAL",1,89,9,1,1,1568,"pasadena val",33124,"PASADENA VAL",40501.5,40501.5,40501.5,1998,1998,1084,"pasadena val",1,109.888853940598
840,"33","128","BLACKFT RES",1,89,9,1,1,1569,"blackft res",33128,"BLACKFT RES",39664.2,39664.2,39664.2,1998,1998,1085,"blackft res",1,944.178000054478
840,"33","202","MARBLE CREEK",1,64,10,1,1,1570,"marble creek",33202,"MARBLE CREEK",47122,47122,47122,1998,1998,1086,"marble creek",1,213.633584566915
840,"33","204","JOEL",1,65,9,1,1,1571,"joel",33204,"JOEL",39791.5,39791.5,39791.5,1998,1998,1087,"joel",1,66.6557974932
840,"33","205","PIERCE",1,64,10,1,1,1572,"pierce",33205,"PIERCE",46198.6,46198.6,46198.6,1998,1998,1088,"pierce",1,50.4358454214194
840,"33","207","SALMON RIVER",1,64,10,1,1,1573,"salmon river",33207,"SALMON RIVER",41640.9,41640.9,41640.9,1998,1998,1089,"salmon river",1,230.580833852315
840,"33","208","BURGDORF",1,64,10,1,1,1574,"burgdorf",33208,"BURGDORF",40833.6,40833.6,40833.6,1998,1998,1090,"burgdorf",1,16.3075533087185
840,"33","209","COBALT",1,64,10,1,1,1575,"cobalt",33209,"COBALT",52588.5,52588.5,52588.5,1998,1998,1091,"cobalt",1,35.429969298722
840,"33","211","CRANE CREEK",1,89,10,1,1,1576,"crane creek",33211,"CRANE CREEK",39588,39588,39588,1998,1998,1092,"crane creek",1,48.8390548642184
840,"33","212","YELLOW PINE",1,64,10,1,1,1577,"yellow pine",33212,"YELLOW PINE",40963.9,40963.9,40963.9,1998,1998,1093,"yellow pine",1,1.04757383486197
840,"33","213","SUNBEAM",1,64,10,1,1,1578,"sunbeam",33213,"SUNBEAM",40781.2,40781.2,40781.2,1998,1998,1094,"sunbeam",1,6.35596870444484
840,"33","214","IRON SPRINGS",1,65,9,1,1,1579,"iron springs",33214,"IRON SPRINGS",38891.2,38891.2,38891.2,1998,1998,1095,"iron springs",1,94.3815148243541
840,"33","217","SILVER CITY",1,89,9,1,1,1580,"silver city",33217,"SILVER CITY",34522.6,34522.6,34522.6,1998,1998,1096,"silver city",1,483.948173613685
840,"33","218","FEATHERVILLE",1,64,10,1,1,1581,"featherville",33218,"FEATHERVILLE",39773.4,39773.4,39773.4,1998,1998,1097,"featherville",1,32.7796344712192
840,"33","219","PICABO",1,89,9,1,1,1582,"picabo",33219,"PICABO",37200.7,37200.7,37200.7,1998,1998,1098,"picabo",1,37.003413400718
840,"33","220","CAREY",1,89,9,1,1,1583,"carey",33220,"CAREY",41609,41609,41609,1998,1998,1099,"carey",1,108.934809349294
840,"33","221","MUD LAKE",1,89,9,1,1,1584,"mud lake",33221,"MUD LAKE",39408.5,39408.5,39408.5,1998,1998,1100,"mud lake",1,1.21298023417184
840,"33","222","BATES",1,65,9,1,1,1585,"bates",33222,"BATES",41515.4,41515.4,41515.4,1998,1998,1101,"bates",1,800.709055738033
840,"33","223","DOUGAL RES",1,89,9,1,1,1586,"dougal res",33223,"DOUGAL RES",42809.7,42809.7,42809.7,1998,1998,1102,"dougal res",1,677.750503471626
840,"33","224","HOT SPRING",1,89,9,1,1,1587,"hot spring",33224,"HOT SPRING",40655.7,40655.7,40655.7,1998,1998,1103,"hot spring",1,40.8672937383493
840,"33","225","CEDAR HILL",1,89,9,1,1,1588,"cedar hill",33225,"CEDAR HILL",40995.5,40995.5,40995.5,1998,1998,1104,"cedar hill",1,42.6929716182952
840,"33","226","ALMO",1,88,9,1,1,1589,"almo",33226,"ALMO",40360.9,40360.9,40360.9,1998,1998,1105,"almo",1,0.822068411277912
840,"33","228","PRESTON",1,88,9,1,1,1591,"preston",33228,"PRESTON",42367.4,42367.4,42367.4,1998,1998,1107,"preston",1,16.9261017772508
840,"33","319","SAWTOOTH CITY 2",1,64,10,1,1,1592,"sawtooth city 2",33119,"SAWTOOTH CTY",39661.1,39661.1,39661.1,1998,1998,1083,"sawtooth cty",0.933333333333333,122.036318197004
840,"33","902","LOST RIVER",1,89,9,1,2,1594,"lost river",33902,"LOST RIVER",47956.4,47956.4,47956.4,1998,1998,1109,"lost river",1,52.5407024510705
840,"33","903","KYLE CANYON",1,89,9,1,2,1595,"kyle canyon",33903,"KYLE CANYON",37897.8,37897.8,37897.8,1998,1998,1110,"kyle canyon",1,169.69656499313
840,"33","904","CIRCULAR BU",1,89,9,1,2,1596,"circular bu",33904,"CIRCULAR BU",39675.5,39675.5,39675.5,1998,1998,1111,"circular bu",1,9.1894648569505
840,"33","906","N FORK CDA R",0,64,10,1,2,1598,"n fork cda r",33906,"N FORK CDA R",40513.8,40513.8,40513.8,1998,1998,1113,"n fork cda r",1,4.51841816890546
840,"33","907","ROCHAT DIVDE",1,64,10,1,2,1599,"rochat divde",33907,"ROCHAT DIVDE",37944.6,37944.6,37944.6,1998,1998,1114,"rochat divde",1,28.3185798098851
840,"34","001","GUILFORD",1,17,23,1,1,1600,"guilford",34001,"GUILFORD",45190.3,45190.3,45190.3,1998,1998,1115,"guilford",1,16.5031830660938
840,"34","002","MILL CREEK",1,32,22,1,1,1601,"mill creek",34002,"MILL CREEK",39498.271,39498.26,39498.26,2011,2011,1116,"mill creek",1,2.83201460731915
840,"34","003","HOLCOMB",1,32,22,1,1,1602,"holcomb",34003,"HOLCOMB",38282.125,38258.57,38258.57,2011,2011,1117,"holcomb",1,3.52020472835934
840,"34","004","CHERRY VAL",0,16,23,1,1,1603,"cherry val",34004,"CHERRY VAL",40419.6,40419.6,40419.6,1998,1998,1118,"cherry val",1,2.0633981337996
840,"34","005","BARRINGTON",0,16,22,1,1,1604,"barrington",34005,"BARRINGTON",43271.035,43271.03,43271.03,2011,2011,1119,"barrington",1,0.551527822827618
840,"34","006","ITASCA",1,16,22,1,1,1605,"itasca",34006,"ITASCA",40180.337,40180.33,40180.33,2011,2011,1120,"itasca",1,9.57098543339018
840,"34","007","ATKINSON",1,32,22,1,1,1606,"atkinson",34007,"ATKINSON",41643.124,41643.12,41643.12,2011,2011,1121,"atkinson",1,0.353963080972224
840,"34","008","GENESEO",1,32,22,1,1,1607,"geneseo",34008,"GENESEO",39218.412,39218.4,39218.4,2011,2011,1122,"geneseo",1,9.46340508474924
840,"34","009","PUTNAM",1,32,22,1,1,1608,"putnam",34009,"PUTNAM",40250.796,40250.79,40250.79,2011,2011,1123,"putnam",1,9.86320440329326
840,"34","010","SHEFFIELD",1,32,22,1,1,1609,"sheffield",34010,"SHEFFIELD",38066.4,38066.4,38066.4,1998,1998,1124,"sheffield",1,466.595785556388
840,"34","011","BUDA",1,32,22,1,1,1610,"buda",34011,"BUDA",42377.12,42377.11,42377.11,2011,2011,1125,"buda",1,16.5879107438727
840,"34","012","COMPTON",1,31,22,1,1,1611,"compton",34012,"COMPTON",39261.926,39261.92,39261.92,2011,2011,1126,"compton",1,1.71891267132108
840,"34","013","STREATOR",1,31,22,1,1,1612,"streator",34013,"STREATOR",40460.13,40460.12,40460.12,2011,2011,1127,"streator",1,49.8342221555727
840,"34","014","WAYNE",1,31,22,1,1,1613,"wayne",34014,"WAYNE",38563.6,38563.6,38563.6,1998,1998,1128,"wayne",1,0.184570169339066
840,"34","015","ESSEX",1,31,22,1,1,1614,"essex",34015,"ESSEX",39608.917,39608.91,39608.91,2011,2011,1129,"essex",1,0.0148566841407311
840,"34","016","NEWARK",1,31,22,1,1,1615,"newark",34016,"NEWARK",41208.997,41124.29,41124.29,2011,2011,1130,"newark",1,29.9730246206263
840,"34","017","SHERBURNVILL",1,16,22,1,1,1616,"sherburnvill",34017,"SHERBURNVILL",39251.89,39251.88,39251.88,2011,2011,1131,"sherburnvill",1,9.6446083666333
840,"34","018","NEW LENOX",1,16,22,1,1,1617,"new lenox",34018,"NEW LENOX",42798.91,42798.91,42798.91,2011,2011,1132,"new lenox",1,2.11047583870261
840,"34","019","GULFPORT",1,32,22,1,1,1618,"gulfport",34019,"GULFPORT",40759.622,40759.61,40759.61,2011,2011,1133,"gulfport",1,325.505580190403
840,"34","020","STILLWELL",1,31,22,1,1,1619,"stillwell",34020,"STILLWELL",40857.595,40857.59,40857.59,2011,2011,1134,"stillwell",1,52.7982830426835
840,"34","021","CHANDLERVILL",1,31,22,1,1,1620,"chandlervill",34021,"CHANDLERVILL",40707.13,40707.12,40707.12,2011,2011,1135,"chandlervill",1,7.36412424071789
840,"34","022","TERRE HAUTE",1,32,22,1,1,1621,"terre haute",34022,"TERRE HAUTE",40983.785,40983.78,40983.78,2011,2011,1136,"terre haute",1,0.769852008406527
840,"34","023","WILLIAMSFLD",1,32,22,1,1,1622,"williamsfld",34023,"WILLIAMSFLD",40446.498,40446.49,40446.49,2011,2011,1137,"williamsfld",1,8.29534147955821
840,"34","024","CAMERON",1,32,22,1,1,1623,"cameron",34024,"CAMERON",41274.3,41274.29,41274.29,2011,2011,1138,"cameron",1,332.261870283008
840,"34","025","BARTONVILLE",1,31,22,1,1,1624,"bartonville",34025,"BARTONVILLE",47379.5,47379.5,47379.5,1998,1998,1139,"bartonville",1,295.852653055852
840,"34","026","MONICA",1,32,22,1,1,1625,"monica",34026,"MONICA",39917.101,39917.09,39917.09,2011,2011,1140,"monica",1,29.6962312069516
840,"34","027","DEER CREEK",1,31,22,1,1,1626,"deer creek",34027,"DEER CREEK",39940.085,39940.08,39940.08,2011,2011,1141,"deer creek",1,0.726551932239468
840,"34","028","MACKINAW",1,31,22,1,1,1627,"mackinaw",34028,"MACKINAW",39111.124,39111.12,39111.12,2011,2011,1142,"mackinaw",1,9.56195574976913
840,"34","029","MINONK",1,31,22,1,1,1628,"minonk",34029,"MINONK",39517.9,39517.9,39517.9,2011,2011,1143,"minonk",1,0.0522055486864772
840,"34","030","MONTICELLO",1,31,22,1,1,1629,"monticello",34030,"MONTICELLO",41356.933,41356.93,41356.93,2011,2011,1144,"monticello",1,1.57554306569125
840,"34","031","FAIRBURY",1,31,22,1,1,1630,"fairbury",34031,"FAIRBURY",39465.165,39465.16,39465.16,2011,2011,1145,"fairbury",1,0.384076745474026
840,"34","032","PONTIAC",1,31,22,1,1,1631,"pontiac",34032,"PONTIAC",40081.34,40081.33,40081.33,2011,2011,1146,"pontiac",1,129.076289444213
840,"34","033","DAILEY",1,31,22,1,1,1632,"dailey",34033,"DAILEY",39579.744,39579.74,39579.74,2011,2011,1147,"dailey",1,44.7863656724866
840,"34","034","MILFORD",1,31,22,1,1,1633,"milford",34034,"MILFORD",39681.607,39681.6,39681.6,2011,2011,1148,"milford",1,57.4206110489466
840,"34","035","MELROSE",0,31,22,1,1,1634,"melrose",34035,"MELROSE",44294.7,44294.7,44294.7,1998,1998,1149,"melrose",1,28.8652075592963
840,"34","036","BLUFF SPGS",1,31,22,1,1,1635,"bluff spgs",34036,"BLUFF SPGS",39193.394,39193.39,39193.39,2011,2011,1150,"bluff spgs",1,102.197595615082
840,"34","037","ATHENSVILLE",1,31,22,1,1,1636,"athensville",34037,"ATHENSVILLE",41588.234,41588.23,41588.23,2011,2011,1151,"athensville",1,387.098625011232
840,"34","038","CONCORD",1,31,22,1,1,1637,"concord",34038,"CONCORD",43303.311,43303.3,43303.3,2011,2011,1152,"concord",1,29.5854790504448
840,"34","039","BELLEVIEW",1,31,22,1,1,1638,"belleview",34039,"BELLEVIEW",39189.907,39189.9,39189.9,2011,2011,1153,"belleview",1,0.403496579210001
840,"34","040","PAWNEE",1,31,22,1,1,1639,"pawnee",34040,"PAWNEE",39176.626,39176.62,39176.62,2011,2011,1154,"pawnee",1,0.328621821671994
840,"34","041","CLARKSDALE",1,31,22,1,1,1640,"clarksdale",34041,"CLARKSDALE",39176.411,39176.4,39176.4,2011,2011,1155,"clarksdale",1,10.3332241924992
840,"34","042","ROSAMOND",1,31,22,1,1,1641,"rosamond",34042,"ROSAMOND",40133.44,40133.43,40133.43,2011,2011,1156,"rosamond",1,784.80591298466
840,"34","043","HUMPHREY",1,31,22,1,1,1642,"humphrey",34043,"HUMPHREY",39576.126,39576.12,39576.12,2011,2011,1157,"humphrey",1,0.562981890391249
840,"34","044","FAIRLAND",1,31,22,1,1,1643,"fairland",34044,"FAIRLAND",44841.354,44841.35,44841.35,2011,2011,1158,"fairland",1,1.03822796489905
840,"34","045","JANESVILLE",1,31,22,1,1,1644,"janesville",34045,"JANESVILLE",41204.026,41204.02,41204.02,2011,2011,1159,"janesville",1,0.0398603352093534
840,"34","046","BRADBURY",1,31,22,1,1,1645,"bradbury",34046,"BRADBURY",39463.338,39463.33,39463.33,2011,2011,1160,"bradbury",1,8.70025865042704
840,"34","047","HUMBOLDT",1,31,22,1,1,1646,"humboldt",34047,"HUMBOLDT",42973.53,42973.52,42973.52,2011,2011,1161,"humboldt",1,3.86024166231238
840,"34","048","MARTINSVILLE",1,31,22,1,1,1647,"martinsville",34048,"MARTINSVILLE",39367.173,39367.17,39367.17,2011,2011,1162,"martinsville",1,0.88838506920469
840,"34","049","COLUMBIA",1,31,22,1,1,1648,"columbia",34049,"COLUMBIA",40326.016,40326.01,40326.01,2011,2011,1163,"columbia",1,111.935719051419
840,"34","050","MASCOUTAH LK",1,31,22,1,1,1649,"mascoutah lk",34050,"MASCOUTAH LK",39633.519,39633.51,39633.51,2011,2011,1164,"mascoutah lk",1,66.5438545146851
840,"34","051","JAMESTOWN",1,31,22,1,1,1650,"jamestown",34051,"JAMESTOWN",37868.426,37868.42,37868.42,2011,2011,1165,"jamestown",1,0.372166233096429
840,"34","052","ST MORGAN",0,31,22,1,1,1651,"st morgan",34052,"ST MORGAN",39044.697,39044.69,39044.69,2011,2011,1166,"st morgan",1,65.5978237155308
840,"34","053","BEAUCOUP",1,31,22,1,1,1652,"beaucoup",34053,"BEAUCOUP",39351.839,39351.83,39351.83,2011,2011,1167,"beaucoup",1,10.0393653651706
840,"34","054","BRNT PRAIRIE",1,31,24,1,1,1653,"brnt prairie",34054,"BRNT PRAIRIE",38392.8,38392.8,38392.8,1998,1998,1168,"brnt prairie",1,222.547342744978
840,"34","055","MT VERNON",1,31,22,1,1,1654,"mt vernon",34055,"MT VERNON",40890.092,40890.08,40890.08,2011,2011,1169,"mt vernon",1,1.25989621819692
840,"34","056","OLNEY",1,31,22,1,1,1655,"olney",34056,"OLNEY",40929.432,40929.42,40929.42,2011,2011,1170,"olney",1,23.3336549597476
840,"34","057","FLORA",1,31,22,1,1,1656,"flora",34057,"FLORA",41409.675,41409.67,41409.67,2011,2011,1171,"flora",1,15.7083373130136
840,"34","058","BIRDS",1,31,24,1,1,1657,"birds",34058,"BIRDS",41158.7,41158.7,41158.7,1998,1998,1172,"birds",1,1.51806610247752
840,"34","060","BREMEN",1,14,24,1,1,1659,"bremen",34060,"BREMEN",39491.7,39491.7,39491.7,1998,1998,1174,"bremen",1,1.97100211918401
840,"34","061","BELKNAP",1,14,24,1,1,1660,"belknap",34061,"BELKNAP",38856.7,38856.7,38856.7,1998,1998,1175,"belknap",1,47.5604511074494
840,"34","062","DELWOOD",1,14,24,1,1,1661,"delwood",34062,"DELWOOD",38160.1,38160.1,38160.1,1998,1998,1176,"delwood",1,1.26870680503383
840,"34","063","BEAVERDAM LK",1,14,24,1,1,1662,"beaverdam lk",34063,"BEAVERDAM LK",39251,39251,39251,1998,1998,1177,"beaverdam lk",1,19.9948205578655
840,"34","065","SHANNON",1,17,22,1,1,1664,"shannon",34065,"SHANNON",37718.939,37718.93,37718.93,2011,2011,1179,"shannon",1,46.2923525227403
840,"34","066","CALEDONIA",1,16,22,1,1,1665,"caledonia",34066,"CALEDONIA",39924.336,39924.33,39924.33,2011,2011,1180,"caledonia",1,23.8204462459928
840,"34","067","SHERRARD",1,32,22,1,1,1666,"sherrard",34067,"SHERRARD",40434.333,40434.33,40434.33,2011,2011,1181,"sherrard",1,13.9177334742453
840,"34","068","TROY GROVE",1,32,22,1,1,1667,"troy grove",34068,"TROY GROVE",39793.789,39793.78,39793.78,2011,2011,1182,"troy grove",1,0.274353053609047
840,"34","069","SENECA",1,31,22,1,1,1668,"seneca",34069,"SENECA",39561.284,39561.28,39561.28,2011,2011,1183,"seneca",1,41.1864985627913
840,"34","070","CAMP POINT",1,31,22,1,1,1669,"camp point",34070,"CAMP POINT",40280.2,40280.2,40280.2,1998,1998,1184,"camp point",1,2.14010730637193
840,"34","072","GREENVIEW",1,31,22,1,1,1671,"greenview",34072,"GREENVIEW",39874.359,39874.35,39874.35,2011,2011,1186,"greenview",1,0.357403948272538
840,"34","073","LE ROY",1,31,22,1,1,1672,"le roy",34073,"LE ROY",40121.156,40121.15,40121.15,2011,2011,1187,"le roy",1,31.5319089223202
840,"34","074","ELDRED",1,31,22,1,1,1673,"eldred",34074,"ELDRED",40812.894,40812.89,40812.89,2011,2011,1188,"eldred",1,0.669146045410134
840,"34","075","NILWOOD",1,31,22,1,1,1674,"nilwood",34075,"NILWOOD",40406.48,40406.47,40406.47,2011,2011,1189,"nilwood",1,0.137957750210291
840,"34","076","YALE",1,31,22,1,1,1675,"yale",34076,"YALE",40066.486,40066.48,40066.48,2011,2011,1190,"yale",1,26.730029391898
840,"34","077","YORK",1,31,24,1,1,1676,"york",34077,"YORK",40838,40838,40838,1998,1998,1191,"york",1,1.47716037880741
840,"34","078","DARMSTADT",1,31,22,1,1,1677,"darmstadt",34078,"DARMSTADT",40500.5,40500.5,40500.5,1998,1998,1192,"darmstadt",1,31.521720418578
840,"34","079","BROWNVILLE",1,31,24,1,1,1678,"brownville",34079,"BROWNVILLE",40651.2,40651.2,40651.2,1998,1998,1193,"brownville",1,1.49260504085346
840,"34","080","SANDUSKY",1,14,24,1,1,1679,"sandusky",34080,"SANDUSKY",40911.2,40911.2,40911.2,1998,1998,1194,"sandusky",1,42.8621705049155
840,"34","081","CAVE IN ROCK",1,14,24,1,1,1680,"cave in rock",34081,"CAVE IN ROCK",41003.4,41003.4,41003.4,1998,1998,1195,"cave in rock",1,31.7300662032402
840,"34","104","CHERRY VAL 2",0,16,23,1,1,1682,"cherry val 2",34104,"CHERRY VAL 2",43579.376,43579.37,43579.37,2011,2011,1196,"cherry val 2",1,34.3981546669963
840,"34","135","PAYSON",1,31,22,1,1,1683,"payson",34135,"PAYSON",40591.516,40591.51,40591.51,2011,2011,1197,"payson",1,12.1723184595699
840,"34","301","LAKE GALENA",1,17,23,1,1,1684,"lake galena",34301,"LAKE GALENA",38719.629,38719.63,38719.63,2001,2001,1198,"lake galena",1,0.900051531277454
840,"34","302","LAKE SUMMERSET",1,17,22,1,1,1685,"lake summerset",34302,"LAKE SUMMERSET",40962.031,40962.03,40962.03,2001,2001,1199,"lake summerset",1,0.250085858050451
840,"34","303","UNION",0,16,22,1,1,1686,"union",34303,"UNION",47069.301,47069.3,47069.3,2001,2001,1200,"union",1,0.793101370120459
840,"34","304","KEITHSBURG",1,32,22,1,1,1687,"keithsburg",34304,"KEITHSBURG",40179.363,40179.36,40179.36,2001,2001,1201,"keithsburg",1,0.685315420341396
840,"34","305","STERLING",1,32,22,1,1,1688,"sterling",34305,"STERLING",39571.125,39571.13,39571.13,2001,2001,1202,"sterling",1,0.918939340486758
840,"34","306","YORKVILLE",1,31,22,1,1,1689,"yorkville",34306,"YORKVILLE",39986.953,39986.95,39986.95,2001,2001,1203,"yorkville",1,22.9344680196603
840,"34","307","CLAYTON",1,31,22,1,1,1690,"clayton",34307,"CLAYTON",39487.149,39487.14,39487.14,2011,2011,1204,"clayton",1,0.627365211128505
840,"34","308","WAYNESVILLE",1,31,22,1,1,1691,"waynesville",34308,"WAYNESVILLE",41725.883,41725.88,41725.88,2001,2001,1205,"waynesville",1,1.25712599906013
840,"34","309","GRIDLEY",1,31,22,1,1,1692,"gridley",34309,"GRIDLEY",51814.824,51814.82,51814.82,2001,2001,1206,"gridley",1,0.7347281897608
840,"34","310","GRAPE CREEK",1,31,22,1,1,1693,"grape creek",34310,"GRAPE CREEK",40367.43,40367.43,40367.43,2001,2001,1207,"grape creek",1,0.985622461520523
840,"34","311","EUBANKS",1,31,22,1,1,1694,"eubanks",34311,"EUBANKS",45265.508,45265.51,45265.51,2001,2001,1208,"eubanks",1,1.02275307290609
840,"34","312","CONCORD WEST",1,31,22,1,1,1695,"concord west",34312,"CONCORD WEST",47525.129,47525.13,47525.13,2001,2001,1209,"concord west",1,1.02105925851121
840,"34","314","ALLERTON PARK",1,31,22,1,1,1697,"allerton park",34314,"ALLERTON PARK",43014.723,43014.72,43014.72,2001,2001,1211,"allerton park",1,0.44249459856665
840,"34","315","MARSHALL",1,31,22,1,1,1698,"marshall",34315,"MARSHALL",47883.055,47883.05,47883.05,2001,2001,1212,"marshall",1,0.425725588881754
840,"34","316","DUDLEYVILLE",1,31,22,1,1,1699,"dudleyville",34316,"DUDLEYVILLE",45826.941,45826.94,45826.94,2001,2001,1213,"dudleyville",1,1.10436791640003
840,"34","317","KELL",1,31,22,1,1,1700,"kell",34317,"KELL",45745.922,45745.92,45745.92,2001,2001,1214,"kell",1,830.338930063023
840,"34","318","ROYALTON",1,31,24,1,1,1701,"royalton",34318,"ROYALTON",36008.055,36008.05,36008.05,2001,2001,1215,"royalton",1,1.02820689025799
840,"34","319","KARNAK",1,14,24,1,1,1702,"karnak",34319,"KARNAK",42509.637,42509.64,42509.64,2001,2001,1216,"karnak",1,27.6743636873372
840,"34","900","ATHENS",1,31,22,1,2,1704,"athens",34900,"ATHENS",40120.024,40120.02,40120.02,2011,2011,1217,"athens",1,3.56905194483295
840,"35","001","GARY",0,16,22,1,1,1705,"gary",35001,"GARY",40829.1,40829.1,40829.1,1998,1998,1218,"gary",1,0.32254121672609
840,"35","002","HEBRON",1,16,22,1,1,1706,"hebron",35002,"HEBRON",39510.848,39510.84,39510.84,2011,2011,1219,"hebron",1,0.0825365616765232
840,"35","003","SOUTH BEND",0,16,23,1,1,1707,"south bend",35003,"SOUTH BEND",48018.7,48018.7,48018.7,1998,1998,1220,"south bend",1,0.900631031828515
840,"35","004","KNOX",1,16,23,1,1,1708,"knox",35004,"KNOX",39480,39480,39480,1998,1998,1221,"knox",1,22.1240726962574
840,"35","005","KEWANNA",1,16,23,1,1,1709,"kewanna",35005,"KEWANNA",39869.3,39869.3,39869.3,1998,1998,1222,"kewanna",1,1.11109538913262
840,"35","006","MIDDLEBURY",1,16,23,1,1,1710,"middlebury",35006,"MIDDLEBURY",39301.1,39301.1,39301.1,1998,1998,1223,"middlebury",1,0.0168631732223433
840,"35","007","COLUMBIA CTY",1,31,23,1,1,1711,"columbia cty",35007,"COLUMBIA CTY",40881.4,40881.4,40881.4,1998,1998,1224,"columbia cty",1,1.09031050168406
840,"35","008","PACKERTOWN",0,16,23,1,1,1712,"packertown",35008,"PACKERTOWN",41123.1,41123.1,41123.1,1998,1998,1225,"packertown",1,0.136083231383539
840,"35","009","ELLIS",1,16,23,1,1,1713,"ellis",35009,"ELLIS",40589.5,40589.5,40589.5,1998,1998,1226,"ellis",1,0.903918609159032
840,"35","010","FOWLER",1,31,22,1,1,1714,"fowler",35010,"FOWLER",39494.7,39494.7,39494.7,1998,1998,1227,"fowler",1,0.684211836988055
840,"35","011","W LAFAYETTE",1,31,22,1,1,1715,"w lafayette",35011,"W LAFAYETTE",39950.275,39950.27,39950.27,2011,2011,1228,"w lafayette",1,13.8658212970533
840,"35","012","MONTICELLO",1,31,22,1,1,1716,"monticello",35012,"MONTICELLO",40252.3,40252.3,40252.3,1998,1998,1229,"monticello",1,0.271141690409615
840,"35","013","GALVESTON",1,31,22,1,1,1717,"galveston",35013,"GALVESTON",39666.031,39666.02,39666.02,2011,2011,1230,"galveston",1,0.700063246985605
840,"35","014","THORNTOWN",1,31,22,1,1,1718,"thorntown",35014,"THORNTOWN",39471.006,39471,39471,2011,2011,1231,"thorntown",1,1.10865289272075
840,"35","015","TIPTON",0,31,22,1,1,1719,"tipton",35015,"TIPTON",40132.453,40132.45,40132.45,2001,2001,1232,"tipton",1,61.9342975908523
840,"35","016","MIDDLETOWN",1,31,22,1,1,1720,"middletown",35016,"MIDDLETOWN",42573.6,42573.6,42573.6,1998,1998,1233,"middletown",1,0.949469383617949
840,"35","017","MUNCIE",0,31,22,1,1,1721,"muncie",35017,"MUNCIE",39567.4,39567.4,39567.4,1998,1998,1234,"muncie",1,0.985317803539359
840,"35","018","SWAYZEE",1,31,22,1,1,1722,"swayzee",35018,"SWAYZEE",44340.8,44340.9,44340.9,1998,1998,1235,"swayzee",1,7.42833768977693
840,"35","019","WABASH",1,31,22,1,1,1723,"wabash",35019,"WABASH",39279.5,39279.5,39279.5,1998,1998,1236,"wabash",1,0.945101664086844
840,"35","020","BERNE",1,31,22,1,1,1724,"berne",35020,"BERNE",40954.7,40954.7,40954.7,1998,1998,1237,"berne",1,11.0612970371075
840,"35","021","PIMENTO",1,15,24,1,1,1725,"pimento",35021,"PIMENTO",39738.8,39738.8,39738.8,1998,1998,1238,"pimento",1,0.165289736894464
840,"35","022","BRAZIL",1,15,24,1,1,1726,"brazil",35022,"BRAZIL",42169.9,42169.9,42169.9,1998,1998,1239,"brazil",1,9.07401456911455
840,"35","023","BELMONT",1,14,24,1,1,1727,"belmont",35023,"BELMONT",39076.3,39076.3,39076.3,1998,1998,1240,"belmont",1,54.1508027123691
840,"35","024","FRIENDSWOOD",1,31,22,1,1,1728,"friendswood",35024,"FRIENDSWOOD",41001.8,41001.8,41001.8,1998,1998,1241,"friendswood",1,0.20780023093703
840,"35","025","JAMESTOWN",1,31,22,1,1,1729,"jamestown",35025,"JAMESTOWN",40245.6,40245.6,40245.6,1998,1998,1242,"jamestown",1,0.717462476073469
840,"35","026","SPENCER",1,15,24,1,1,1730,"spencer",35026,"SPENCER",40875.4,40875.4,40875.4,1998,1998,1243,"spencer",1,1.14750656299533
840,"35","027","AZALIA",1,15,24,1,1,1731,"azalia",35027,"AZALIA",40462.3,40462.3,40462.3,1998,1998,1244,"azalia",1,24.3528763831086
840,"35","028","SEXTON",1,31,22,1,1,1732,"sexton",35028,"SEXTON",39506.522,39506.51,39506.51,2011,2011,1245,"sexton",1,0.201334222280772
840,"35","029","MILROY",1,31,22,1,1,1733,"milroy",35029,"MILROY",40278.9,40278.87,40278.87,2011,2011,1246,"milroy",1,18.5211697093525
840,"35","030","SHELBYVILLE",1,31,22,1,1,1734,"shelbyville",35030,"SHELBYVILLE",39265.7,39265.7,39265.7,1998,1998,1247,"shelbyville",1,0.44449345064313
840,"35","031","BROOKVILLE",1,31,22,1,1,1735,"brookville",35031,"BROOKVILLE",41349.9,41349.9,41349.9,1998,1998,1248,"brookville",1,13.1679487811073
840,"35","032","WASHINGTON",1,15,24,1,1,1736,"washington",35032,"WASHINGTON",39619.6,39619.6,39619.6,1998,1998,1249,"washington",1,30.6647918332994
840,"35","033","CUMBACK",1,15,24,1,1,1737,"cumback",35033,"CUMBACK",35758.3,35758.3,35758.3,1998,1998,1250,"cumback",1,0.765139711279257
840,"35","034","MILLERSBURG",1,15,24,1,1,1738,"millersburg",35034,"MILLERSBURG",39949.8,39949.8,39949.8,1998,1998,1251,"millersburg",1,15.2980265800368
840,"35","035","INDIAN SPGS",1,14,24,1,1,1739,"indian spgs",35035,"INDIAN SPGS",39817.3,39817.3,39817.3,1998,1998,1252,"indian spgs",1,0.868932201773223
840,"35","036","CELESTINE",1,14,24,1,1,1740,"celestine",35036,"CELESTINE",39665,39665,39665,1998,1998,1253,"celestine",1,0.0926786901116109
840,"35","037","CLEAR SPRING",1,14,24,1,1,1741,"clear spring",35037,"CLEAR SPRING",40382.9,40382.9,40382.9,1998,1998,1254,"clear spring",1,0.365692100631367
840,"35","038","NEW PHILA",1,14,24,1,1,1742,"new phila",35038,"NEW PHILA",40216,40216,40216,1998,1998,1255,"new phila",1,0.0371502505694203
840,"35","039","CORYDON",1,14,24,1,1,1743,"corydon",35039,"CORYDON",36465.4,36465.4,36465.4,1998,1998,1256,"corydon",1,450.77340114705
840,"35","040","VEVAY",1,15,24,1,1,1744,"vevay",35040,"VEVAY",39306.2,39306.2,39306.2,1998,1998,1257,"vevay",1,33.516670396336
840,"35","041","SCOTTSBURG",1,15,24,1,1,1745,"scottsburg",35041,"SCOTTSBURG",41128.6,41128.6,41128.6,1998,1998,1258,"scottsburg",1,9.92004765138347
840,"35","042","EVANSVILLE",0,15,24,1,1,1746,"evansville",35042,"EVANSVILLE",41257.5,41257.5,41257.5,1998,1998,1259,"evansville",1,1.72257526812687
840,"35","101","PORTAGE",0,16,22,1,1,1748,"portage",35101,"PORTAGE",38091.926,38091.93,38091.93,2001,2001,1260,"portage",1,7.53767839507694
840,"35","103","LAKEVILLE",1,16,23,1,1,1749,"lakeville",35103,"LAKEVILLE",40564.8,40564.8,40564.8,1998,1998,1261,"lakeville",1,0.767863634300528
840,"35","108","PACKERTOWN 2",1,16,23,1,1,1750,"packertown 2",35108,"PACKERTOWN 2",41883.025,41883.02,41883.02,2011,2011,1262,"packertown 2",1,4.42860986299327
840,"35","115","KOKOMO",1,31,22,1,1,1751,"kokomo",35115,"KOKOMO",39874.125,39874.12,39874.12,2011,2011,1263,"kokomo",1,0.283698025148209
840,"35","117","ANDERSON",1,31,22,1,1,1752,"anderson",35117,"ANDERSON",67891.421,67891.42,67891.42,2001,2001,1264,"anderson",1,0.50624235035653
840,"35","201","PORTAGE 2",1,16,22,1,1,1753,"portage 2",35201,"PORTAGE 2",41223.195,41223.19,41223.19,2011,2011,1265,"portage 2",1,7.10534387807478
840,"35","301","CROWN POINT",1,16,22,1,1,1754,"crown point",35301,"CROWN POINT",41693.484,41693.48,41693.48,2011,2011,1266,"crown point",1,13.2654279572626
840,"35","302","LAPORTE",1,16,23,1,1,1755,"laporte",35302,"LAPORTE",42669.953,42669.95,42669.95,2001,2001,1267,"laporte",1,0.601785923834049
840,"35","303","LAGRANGE",1,16,23,1,1,1756,"lagrange",35303,"LAGRANGE",47297.078,47297.08,47297.08,2001,2001,1268,"lagrange",1,9.60725872617247
840,"35","304","CUBA",1,31,22,1,1,1757,"cuba",35304,"CUBA",41877.656,41877.66,41877.66,2001,2001,1269,"cuba",1,15.5749713460533
840,"35","305","RENSSELAER",1,31,22,1,1,1758,"rensselaer",35305,"RENSSELAER",46282.477,46282.48,46282.48,2001,2001,1270,"rensselaer",1,4.58398231790743
840,"35","306","FRANKFORT",1,31,22,1,1,1759,"frankfort",35306,"FRANKFORT",47866.914,47866.91,47866.91,2001,2001,1271,"frankfort",1,1.0580889623339
840,"35","307","MONTPELIER",1,31,22,1,1,1760,"montpelier",35307,"MONTPELIER",44154.398,44154.4,44154.4,2001,2001,1272,"montpelier",1,0.911690625706418
840,"35","308","DECATUR",1,31,22,1,1,1761,"decatur",35308,"DECATUR",49707.738,49707.74,49707.74,2001,2001,1273,"decatur",1,1.01798732400622
840,"35","309","WALLACE",1,31,22,1,1,1762,"wallace",35309,"WALLACE",52441.48,52441.48,52441.48,2001,2001,1274,"wallace",1,11.9410212312562
840,"35","310","PLAINFIELD",0,31,22,1,1,1763,"plainfield",35310,"PLAINFIELD",55974.656,55974.66,55974.66,2001,2001,1275,"plainfield",1,0.354038136502933
840,"35","311","NEW CASTLE",1,31,22,1,1,1764,"new castle",35311,"NEW CASTLE",56287.453,56287.45,56287.45,2001,2001,1276,"new castle",1,12.4236930776518
840,"35","312","WITTS STATION",1,31,22,1,1,1765,"witts station",35312,"WITTS STATION",50774.906,50774.91,50774.91,2001,2001,1277,"witts station",1,0.535883397101992
840,"35","313","NEWBERRY",1,15,24,1,1,1766,"newberry",35313,"NEWBERRY",47210.582,47210.58,47210.58,2001,2001,1278,"newberry",1,3.4757287091181
840,"35","314","GEORGIA",1,14,24,1,1,1767,"georgia",35314,"GEORGIA",51616.715,51616.71,51616.71,2001,2001,1279,"georgia",1,0.305288760741659
840,"35","315","CROSS PLAINS",1,15,24,1,1,1768,"cross plains",35315,"CROSS PLAINS",69245.508,69245.51,69245.51,2001,2001,1280,"cross plains",1,1.14301322084691
840,"35","316","CYPRSS",1,15,24,1,1,1769,"cyprss",35316,"CYPRSS",56429.961,56429.96,56429.96,2001,2001,1281,"cyprss",1,0.815159846962373
840,"35","410","MAPLEWOOD",0,31,22,1,1,1770,"maplewood",35410,"MAPLEWOOD",43651.23,43651.23,43651.23,2001,2001,1282,"maplewood",1,6.28188475167857
840,"35","900","HOOSIER",1,14,24,1,2,1771,"hoosier",35900,"HOOSIER",39008,39008,39008,1998,1998,1283,"hoosier",1,33.1859552810528
840,"35","901","INDIANA DUNE",1,16,23,1,2,1772,"indiana dune",35901,"INDIANA DUNE",55824.2,55824,55824,1998,1998,1284,"indiana dune",1,0.840106596149642
840,"35","903","KANKAKEE SANDS",1,16,22,1,2,1773,"kankakee sands",35903,"KANKAKEE SANDS",41673.067,41673.06,41673.06,2011,2011,1285,"kankakee sands",1,13.9800785156055
840,"36","001","MT HAMILL",1,32,22,1,1,1774,"mt hamill",36001,"MT HAMILL",40004.9,40004.9,40004.9,1998,1998,1286,"mt hamill",1,32.2854917019214
840,"36","002","EXLINE",1,32,22,1,1,1775,"exline",36002,"EXLINE",39673.9,39673.9,39673.9,1998,1998,1287,"exline",1,21.5047769365722
840,"36","003","MELROSE",1,32,22,1,1,1776,"melrose",36003,"MELROSE",41543.9,41543.9,41543.9,1998,1998,1288,"melrose",1,191.920229452962
840,"36","004","BEDFORD",1,32,22,1,1,1777,"bedford",36004,"BEDFORD",41661.887,41661.88,41661.88,2011,2011,1289,"bedford",1,0.233411233358473
840,"36","005","COLLEGE SPGS",0,32,22,1,1,1778,"college spgs",36005,"COLLEGE SPGS",45102.5,45102.5,45102.5,1998,1998,1290,"college spgs",1,8.61118573919161
840,"36","006","BRYANT",1,32,22,1,1,1779,"bryant",36006,"BRYANT",38743.5,38743.5,38743.5,1998,1998,1291,"bryant",1,1.01475906601612
840,"36","007","WEST LIBERTY",1,32,22,1,1,1780,"west liberty",36007,"WEST LIBERTY",40335.5,40335.5,40335.5,1998,1998,1292,"west liberty",1,22.6209595696142
840,"36","008","CEDAR VALLEY",0,32,22,1,1,1781,"cedar valley",36008,"CEDAR VALLEY",40649.3,40649.3,40649.3,1998,1998,1293,"cedar valley",1,1.32112839540205
840,"36","009","BROOKLYN",1,32,22,1,1,1782,"brooklyn",36009,"BROOKLYN",38473.4,38473.4,38473.4,1998,1998,1294,"brooklyn",1,0.898883713914469
840,"36","010","WILLIAMSBURG",1,32,22,1,1,1783,"williamsburg",36010,"WILLIAMSBURG",41124.3,41124.3,41124.3,1998,1998,1295,"williamsburg",1,0.692790663486968
840,"36","011","RED ROCK",1,32,22,1,1,1784,"red rock",36011,"RED ROCK",41309.7,41309.7,41309.7,1998,1998,1296,"red rock",1,165.281489636284
840,"36","012","DESMOINES",0,32,22,1,1,1785,"desmoines",36012,"DESMOINES",37771.773,37771.77,37771.77,2001,2001,1297,"desmoines",1,0.624810549200637
840,"36","013","PANTHER",1,40,11,1,1,1786,"panther",36013,"PANTHER",39373.5,39373.5,39373.5,1998,1998,1298,"panther",1,1.0767831154931
840,"36","014","WASHINGTON",1,40,11,1,1,1787,"washington",36014,"WASHINGTON",41567.5,41567.5,41567.5,1998,1998,1299,"washington",1,0.759303527650738
840,"36","015","NEOLA",1,32,22,1,1,1788,"neola",36015,"NEOLA",40376.7,40376.7,40376.7,1998,1998,1300,"neola",1,1.05835370939051
840,"36","016","WALES",1,32,22,1,1,1789,"wales",36016,"WALES",42208.4,42208.4,42208.4,1998,1998,1301,"wales",1,150.830341833936
840,"36","017","MAQUOKETA",1,17,22,1,1,1790,"maquoketa",36017,"MAQUOKETA",40579.6,40579.6,40579.6,1998,1998,1302,"maquoketa",1,1.04003387896063
840,"36","018","ALICE",0,32,22,1,1,1791,"alice",36018,"ALICE",39187.7,39187.7,39187.7,1998,1998,1303,"alice",1,0.322737300689023
840,"36","019","PRAIRIEBURG",1,32,22,1,1,1792,"prairieburg",36019,"PRAIRIEBURG",40207.4,40207.4,40207.4,1998,1998,1304,"prairieburg",1,1.12463878210476
840,"36","020","HUDSON",1,32,22,1,1,1793,"hudson",36020,"HUDSON",43596.6,43596.6,43596.6,1998,1998,1305,"hudson",1,87.6156915562525
840,"36","021","DINSDALE",1,32,22,1,1,1794,"dinsdale",36021,"DINSDALE",39340,39340,39340,1998,1998,1306,"dinsdale",1,1.18246105349333
840,"36","022","KANAWHA",1,40,11,1,1,1795,"kanawha",36022,"KANAWHA",40130.9,40130.9,40130.9,1998,1998,1307,"kanawha",1,2.44366036448134
840,"36","023","ZEARING",0,40,11,1,1,1796,"zearing",36023,"ZEARING",39328.004,39328,39328,2001,2001,1308,"zearing",1,0.595870971547534
840,"36","024","SCRANTON",1,40,11,1,1,1797,"scranton",36024,"SCRANTON",38695.7,38695.7,38695.7,1998,1998,1309,"scranton",1,818.989346044682
840,"36","025","CLARE",1,40,11,1,1,1798,"clare",36025,"CLARE",41330.4,41330.4,41330.4,1998,1998,1310,"clare",1,11.9228310528819
840,"36","026","PIERSON",1,32,22,1,1,1799,"pierson",36026,"PIERSON",39864.7,39864.7,39864.7,1998,1998,1311,"pierson",1,1.19634160592235
840,"36","027","WASHTA",1,32,22,1,1,1800,"washta",36027,"WASHTA",42102.8,42102.8,42102.8,1998,1998,1312,"washta",1,0.169092846489042
840,"36","028","SIOUX CITY",1,32,22,1,1,1801,"sioux city",36028,"SIOUX CITY",42345.7,42345.7,42345.7,1998,1998,1313,"sioux city",1,0.786504302863033
840,"36","029","FESTINA",1,17,23,1,1,1802,"festina",36029,"FESTINA",43270,43270,43270,1998,1998,1314,"festina",1,65.9168021664874
840,"36","030","DAVIS CORNER",1,32,22,1,1,1803,"davis corner",36030,"DAVIS CORNER",40330.1,40330.1,40330.1,1998,1998,1315,"davis corner",1,0.864776283134024
840,"36","031","GARNER",0,40,11,1,1,1804,"garner",36031,"GARNER",38478.109,38478.11,38478.11,2001,2001,1316,"garner",1,1.05465387093062
840,"36","032","TITONKA",1,40,11,1,1,1805,"titonka",36032,"TITONKA",43935.1,43935.1,43935.1,1998,1998,1317,"titonka",1,0.853815253109363
840,"36","033","GAZA",1,32,22,1,1,1806,"gaza",36033,"GAZA",39369.436,39369.43,39369.43,2011,2011,1318,"gaza",1,0.322014437518434
840,"36","034","ROCK VALLEY",1,32,22,1,1,1807,"rock valley",36034,"ROCK VALLEY",41632.6,41632.6,41632.6,1998,1998,1319,"rock valley",1,0.475565568184717
840,"36","105","COLLEGE SPGS 2",1,32,22,1,1,1808,"college spgs 2",36105,"COLLEGE SPGS 2",45295.386,45295.38,45295.38,2011,2011,1320,"college spgs 2",1,5.79365482884463
840,"36","108","TIPTON",1,32,22,1,1,1809,"tipton",36108,"TIPTON",39195.8,39195.8,39195.8,1998,1998,1321,"tipton",1,37.2081020432959
840,"36","118","LAFAYETTE",1,32,22,1,1,1810,"lafayette",36118,"LAFAYETTE",38594.875,38594.88,38594.88,2001,2001,1322,"lafayette",1,266.65260024202
840,"36","123","MCCALLSBURG",1,40,11,1,1,1811,"mccallsburg",36123,"MCCALLSBURG",40248.9,40248.9,40248.9,1998,1998,1323,"mccallsburg",1,0.816584504727234
840,"36","131","BURCHINAL",1,40,11,1,1,1812,"burchinal",36131,"BURCHINAL",39356.9,39356.9,39356.9,1998,1998,1324,"burchinal",1,0.890536317281088
840,"38","001","MELROSE",1,33,22,1,1,1813,"melrose",38001,"MELROSE",40343.1,40343.1,40343.1,1998,1998,1325,"melrose",1,1.66635370860396
840,"38","002","GALESBURG",1,33,22,1,1,1814,"galesburg",38002,"GALESBURG",40048.1,40048.1,40048.1,1998,1998,1326,"galesburg",1,0.302388524798417
840,"38","003","HUMBOLDT",1,33,22,1,1,1815,"humboldt",38003,"HUMBOLDT",39773.9,39773.9,39773.9,1998,1998,1327,"humboldt",1,0.612111489667105
840,"38","004","LAPLAND",1,35,22,1,1,1816,"lapland",38004,"LAPLAND",40192.1,40192.1,40192.1,1998,1998,1328,"lapland",1,1.03168743110489
840,"38","005","THRALL",0,35,22,1,1,1817,"thrall",38005,"THRALL",40333.492,40333.49,40333.49,2001,2001,1329,"thrall",1,0.937497591417149
840,"38","006","WELLINGTON",1,35,19,1,1,1818,"wellington",38006,"WELLINGTON",40552,40552,40552,1998,1998,1330,"wellington",1,1.12784292979634
840,"38","007","DALTON",1,35,19,1,1,1819,"dalton",38007,"DALTON",39816.5,39816.5,39816.5,1998,1998,1331,"dalton",1,0.797980477455
840,"38","008","ST JOHN",1,34,19,1,1,1820,"st john",38008,"ST JOHN",39736,39736,39736,1998,1998,1332,"st john",1,0.951422813090392
840,"38","009","COATS",1,34,19,1,1,1821,"coats",38009,"COATS",42539.7,42539.7,42539.7,1998,1998,1333,"coats",1,0.694103295418372
840,"38","010","COLDWATER",1,34,19,1,1,1822,"coldwater",38010,"COLDWATER",42852.7,42852.7,42852.7,1998,1998,1334,"coldwater",1,1.10267441838697
840,"38","011","ASHLAND",1,34,19,1,1,1823,"ashland",38011,"ASHLAND",39987.2,39987.2,39987.2,1998,1998,1335,"ashland",1,0.714315106585508
840,"38","012","LAKIN",1,36,18,1,1,1824,"lakin",38012,"LAKIN",40141.5,40141.5,40141.5,1998,1998,1336,"lakin",1,1.16815770107625
840,"38","013","OLATHE",0,33,22,1,1,1825,"olathe",38013,"OLATHE",40257.775,40257.77,40257.77,2011,2011,1337,"olathe",1,8.07053057354804
840,"38","014","DOVER",1,33,22,1,1,1826,"dover",38014,"DOVER",45564.2,45564.2,45564.2,1998,1998,1338,"dover",1,0.547538041890242
840,"38","015","BARCLAY",1,33,22,1,1,1827,"barclay",38015,"BARCLAY",45076.262,45076.25,45076.25,2011,2011,1339,"barclay",1,6.67597326888825
840,"38","016","WREFORD",1,35,22,1,1,1828,"wreford",38016,"WREFORD",39204.087,39204.08,39204.08,2011,2011,1340,"wreford",1,0.145803713367171
840,"38","017","ELLINOR",1,35,22,1,1,1829,"ellinor",38017,"ELLINOR",41322.2,41322.2,41322.2,1998,1998,1341,"ellinor",1,0.844322859317207
840,"38","018","CHAPMAN",0,35,19,1,1,1830,"chapman",38018,"CHAPMAN",45689.09,45689.09,45689.09,2001,2001,1342,"chapman",1,58.852292873808
840,"38","019","BUCKEYE",1,35,19,1,1,1831,"buckeye",38019,"BUCKEYE",38820.8,38820.8,38820.8,1998,1998,1343,"buckeye",1,29.7182899824606
840,"38","020","ALBERT",1,34,19,1,1,1832,"albert",38020,"ALBERT",39547,39547,39547,1998,1998,1344,"albert",1,25.0580530208885
840,"38","021","KANOPOLIS",1,34,19,1,1,1833,"kanopolis",38021,"KANOPOLIS",42416.3,42416.3,42416.3,1998,1998,1345,"kanopolis",1,1.24192382193928
840,"38","022","GRAY",1,34,19,1,1,1834,"gray",38022,"GRAY",39962.3,39962.3,39962.3,1998,1998,1346,"gray",1,0.978954920950575
840,"38","023","HAYS",1,34,19,1,1,1835,"hays",38023,"HAYS",39991.8,39991.8,39991.8,1998,1998,1347,"hays",1,0.498606862257119
840,"38","024","WALLACE",1,36,18,1,1,1836,"wallace",38024,"WALLACE",40207.8,40207.8,40207.8,1998,1998,1348,"wallace",1,0.656320986960693
840,"38","025","LEOVILLE",1,34,19,1,1,1837,"leoville",38025,"LEOVILLE",40169,40169,40169,1998,1998,1349,"leoville",1,46.8040364375841
840,"38","026","GRANTVILLE",1,32,22,1,1,1838,"grantville",38026,"GRANTVILLE",40194.4,40194.4,40194.4,1998,1998,1350,"grantville",1,2.20367243483302
840,"38","027","ROCK CREEK",0,32,22,1,1,1839,"rock creek",38027,"ROCK CREEK",43223.724,43223.72,43223.72,2011,2011,1351,"rock creek",1,7.46098774901393
840,"38","028","HANOVER",1,32,19,1,1,1840,"hanover",38028,"HANOVER",39696.6,39696.6,39696.6,1998,1998,1352,"hanover",1,0.921620279162769
840,"38","029","SENECA",1,32,22,1,1,1841,"seneca",38029,"SENECA",38029.1,38029.1,38029.1,1998,1998,1353,"seneca",1,36.6319274408696
840,"38","030","HOLLENBERG",1,34,19,1,1,1842,"hollenberg",38030,"HOLLENBERG",42370.8,42370.8,42370.8,1998,1998,1354,"hollenberg",1,12.3382790326255
840,"38","031","MINNEAPOLIS",1,34,19,1,1,1843,"minneapolis",38031,"MINNEAPOLIS",39703.5,39703.5,39703.5,1998,1998,1355,"minneapolis",1,11.3146524041691
840,"38","032","COVERT",1,34,19,1,1,1844,"covert",38032,"COVERT",39763.4,39763.4,39763.4,1998,1998,1356,"covert",1,11.3806273688769
840,"38","033","JEWELL",0,34,19,1,1,1845,"jewell",38033,"JEWELL",39443.7,39443.7,39443.7,1998,1998,1357,"jewell",1,0.754832909141158
840,"38","034","PHILLIPSBURG",1,34,19,1,1,1846,"phillipsburg",38034,"PHILLIPSBURG",39746.9,39746.9,39746.9,1998,1998,1358,"phillipsburg",1,0.678007300941815
840,"38","035","LOGAN",1,34,19,1,1,1847,"logan",38035,"LOGAN",39700.7,39700.7,39700.7,1998,1998,1359,"logan",1,0.873674769368379
840,"38","036","GOVE",1,34,19,1,1,1848,"gove",38036,"GOVE",39884.7,39884.7,39884.7,1998,1998,1360,"gove",1,0.865674592188637
840,"38","037","MISSLER",1,34,19,1,1,1849,"missler",38037,"MISSLER",40401,40401,40401,1998,1998,1361,"missler",1,1.01068462259222
840,"38","038","RULETON",1,36,18,1,1,1850,"ruleton",38038,"RULETON",40563.4,40563.4,40563.4,1998,1998,1362,"ruleton",1,0.714262364516739
840,"38","105","LONGTON",1,33,22,1,1,1852,"longton",38105,"LONGTON",39236.8,39236.8,39236.8,1998,1998,1363,"longton",1,1.21736114928409
840,"38","118","SOLOMON",1,33,19,1,1,1853,"solomon",38118,"SOLOMON",40899.6,40899.6,40899.6,1998,1998,1364,"solomon",1,0.590203325857049
840,"38","127","Rock Creek 2",1,32,22,1,1,1854,"rock creek 2",38027,"ROCK CREEK",43223.724,43223.72,43223.72,2011,2011,1351,"rock creek",0.944444444444444,7.38769842009124
840,"38","133","JEWELL 2",1,34,19,1,1,1855,"jewell 2",38033,"JEWELL",39443.7,39443.7,39443.7,1998,1998,1357,"jewell",0.916666666666667,0.81813647031494
840,"38","301","PITTSBURG",1,33,22,1,1,1856,"pittsburg",38301,"PITTSBURG",40292.207,40292.21,40292.21,2001,2001,1365,"pittsburg",1,0.657430202354801
840,"38","302","Morehead",1,33,22,1,1,1857,"morehead",38302,"Morehead",43032.509,43032.51,43032.51,2001,2001,1366,"morehead",1,1.20813654423262
840,"38","303","Reece",1,35,22,1,1,1858,"reece",38303,"Reece",42970.234,42970.23,42970.23,2001,2001,1367,"reece",1,2.71757826953098
840,"38","304","Berwet",1,35,19,1,1,1859,"berwet",38304,"Berwet",45337.395,45337.39,45337.39,2001,2001,1368,"berwet",1,37.2813211740673
840,"38","305","Hopewell",1,34,19,1,1,1860,"hopewell",38305,"Hopewell",50301.703,50301.7,50301.7,2001,2001,1369,"hopewell",1,8.33795796256446
840,"38","306","Hodges",1,34,19,1,1,1861,"hodges",38306,"Hodges",48403.672,48403.67,48403.67,2001,2001,1370,"hodges",1,16.6252791972309
840,"38","307","Plymell",1,36,18,1,1,1862,"plymell",38307,"Plymell",52075.699,52075.7,52075.7,2001,2001,1371,"plymell",1,0.54390471082001
840,"38","308","Ulysses",1,36,18,1,1,1863,"ulysses",38308,"Ulysses",50816.402,50816.4,50816.4,2001,2001,1372,"ulysses",1,46.8703875722337
840,"38","309","Trading Post",1,33,22,1,1,1864,"trading post",38309,"Trading Post",51761.297,51761.3,51761.3,2001,2001,1373,"trading post",1,58.6274463688789
840,"38","310","Le Loup",1,33,22,1,1,1865,"le loup",38310,"LE LOUP",43001.153,43001.14,43001.14,2011,2011,1374,"le loup",1,3.297046970577
840,"38","312","Goessel",1,35,19,1,1,1867,"goessel",38312,"Goessel",45227.86,45227.85,45227.85,2001,2001,1376,"goessel",1,9.56045747245621
840,"38","313","Susank",1,34,19,1,1,1868,"susank",38313,"Susank",38766.992,38766.99,38766.99,2001,2001,1377,"susank",1,22.6784251348777
840,"38","315","Grigston",1,36,18,1,1,1870,"grigston",38315,"Grigston",52207.348,52207.35,52207.35,2001,2001,1379,"grigston",1,1.53989920148904
840,"38","316","Leoti",1,36,18,1,1,1871,"leoti",38316,"Leoti",49688.77,49688.77,49688.77,2001,2001,1380,"leoti",1,31.1028944577086
840,"38","317","Severance",1,32,22,1,1,1872,"severance",38317,"SEVERANCE",38976.921,38976.91,38976.91,2011,2011,1381,"severance",1,8.44324782219639
840,"38","318","Olsburg",1,35,22,1,1,1873,"olsburg",38318,"Olsburg",58133.555,58133.55,58133.55,2001,2001,1382,"olsburg",1,6.1163961355444
840,"38","319","Jamestown",1,34,19,1,1,1874,"jamestown",38319,"Jamestown",51073.316,51073.32,51073.32,2001,2001,1383,"jamestown",1,12.1035064855915
840,"38","320","Beloit",0,34,19,1,1,1875,"beloit",38320,"Beloit",45420.832,45420.83,45420.83,2001,2001,1384,"beloit",1,2.6559331458664
840,"38","321","Damar",1,34,19,1,1,1876,"damar",38321,"Damar",44267.648,44267.65,44267.65,2001,2001,1385,"damar",1,55.2560883740233
840,"38","322","Rexford",1,34,19,1,1,1877,"rexford",38322,"Rexford",45566.609,45566.61,45566.61,2001,2001,1386,"rexford",1,0.923392507092184
840,"38","323","Winona",1,36,18,1,1,1878,"winona",38323,"Winona",58962.438,58962.44,58962.44,2001,2001,1387,"winona",1,1.12195707221598
840,"38","420","Beloit 2",1,34,19,1,1,1879,"beloit 2",38420,"BELOIT 2",48871.12,48871.11,48871.11,2011,2011,1388,"beloit 2",1,4.75646338323677
840,"39","001","CUMBERLND GP",1,21,28,1,1,1880,"cumberlnd gp",39001,"CUMBERLND GP",38270.9,38270.9,38270.9,1998,1998,1389,"cumberlnd gp",1,157.506657439459
840,"39","002","LOVELACEVILE",1,4,27,1,1,1881,"lovelacevile",39002,"LOVELACEVILE",40613.9,40613.9,40613.9,1998,1998,1390,"lovelacevile",1,295.984152298812
840,"39","003","SHILOH",1,4,27,1,1,1882,"shiloh",39003,"SHILOH",37372,37372,37372,1998,1998,1391,"shiloh",1,1.35857920394164
840,"39","004","CANTON",1,14,24,1,1,1883,"canton",39004,"CANTON",36770.1,36770.1,36770.1,1998,1998,1392,"canton",1,17.9811963722586
840,"39","005","KEYSBURG",1,14,24,1,1,1884,"keysburg",39005,"KEYSBURG",41109.2,41109.2,41109.2,1998,1998,1393,"keysburg",1,1.19781222359084
840,"39","006","CEDAR GROVE",1,14,24,1,1,1885,"cedar grove",39006,"CEDAR GROVE",36511.6,36511.6,36511.6,1998,1998,1394,"cedar grove",1,749.729472022555
840,"39","007","IRON BRIDGE",0,14,24,1,1,1886,"iron bridge",39007,"IRON BRIDGE",38609,38609,38609,1998,1998,1395,"iron bridge",1,0.297334669163173
840,"39","008","SULPHUR LICK",1,14,24,1,1,1887,"sulphur lick",39008,"SULPHUR LICK",41894.9,41894.9,41894.9,1998,1998,1396,"sulphur lick",1,0.995282552398473
840,"39","009","HEGIRA",1,14,24,1,1,1888,"hegira",39009,"HEGIRA",38758.1,38758.1,38758.1,1998,1998,1397,"hegira",1,285.257883083552
840,"39","010","SUNNYBROOK",1,14,28,1,1,1889,"sunnybrook",39010,"SUNNYBROOK",35026.7,35026.7,35026.7,1998,1998,1398,"sunnybrook",1,0.765379199079542
840,"39","011","MONTICELLO",1,21,28,1,1,1890,"monticello",39011,"MONTICELLO",37756.6,37756.6,37756.6,1998,1998,1399,"monticello",1,1.44125570751797
840,"39","012","BARDWELL",0,4,26,1,1,1891,"bardwell",39012,"BARDWELL",34829.2,34829.2,34829.2,1998,1998,1400,"bardwell",1,0.397186658068567
840,"39","015","PIPPA PASSES",1,21,28,1,1,1894,"pippa passes",39015,"PIPPA PASSES",40059.7,40059.7,40059.7,1998,1998,1403,"pippa passes",1,0.485230396648367
840,"39","016","MCKEE",1,21,28,1,1,1895,"mckee",39016,"MCKEE",37277.6,37277.6,37277.6,1998,1998,1404,"mckee",1,0.508477434997668
840,"39","017","PINE RIDGE",0,21,28,1,1,1896,"pine ridge",39017,"PINE RIDGE",40753.34,40753.34,40753.34,2001,2001,1405,"pine ridge",1,0.570308573602858
840,"39","018","BEATTYVILLE",0,21,28,1,1,1897,"beattyville",39018,"BEATTYVILLE",36677.8,36677.8,36677.8,1998,1998,1406,"beattyville",1,3.02935954303375
840,"39","019","LEVEE",0,14,24,1,1,1898,"levee",39019,"LEVEE",38185.7,38185.7,38185.7,1998,1998,1407,"levee",1,0.203482991366623
840,"39","020","MILLION",0,15,24,1,1,1899,"million",39020,"MILLION",40636.8,40636.8,40636.8,1998,1998,1408,"million",1,0.750752645601131
840,"39","021","KINGS MTN",1,14,24,1,1,1900,"kings mtn",39021,"KINGS MTN",40263.3,40263.3,40263.3,1998,1998,1409,"kings mtn",1,0.00902178419744322
840,"39","022","HUSTONVILLE",1,14,24,1,1,1901,"hustonville",39022,"HUSTONVILLE",40392.5,40392.5,40392.5,1998,1998,1410,"hustonville",1,10.2255204859358
840,"39","023","MCBRAYER",1,15,24,1,1,1902,"mcbrayer",39023,"MCBRAYER",39765,39765,39765,1998,1998,1411,"mcbrayer",1,9.62763928801332
840,"39","024","HODGENVILLE",0,14,24,1,1,1903,"hodgenville",39024,"HODGENVILLE",39679.2,39679.2,39679.2,1998,1998,1412,"hodgenville",1,0.688098738249305
840,"39","025","MERRIMAC",1,14,24,1,1,1904,"merrimac",39025,"MERRIMAC",37604.7,37604.7,37604.7,1998,1998,1413,"merrimac",1,0.601429600939244
840,"39","026","JOHNSONVILLE",1,15,24,1,1,1905,"johnsonville",39026,"JOHNSONVILLE",31386.6,31386.6,31386.6,1998,1998,1414,"johnsonville",1,3.25905064304907
840,"39","027","RADCLIFF",0,15,24,1,1,1906,"radcliff",39027,"RADCLIFF",52685,52685,52685,1998,1998,1415,"radcliff",1,0.872523858464329
840,"39","028","DEMUNBRUNS",0,14,24,1,1,1907,"demunbruns",39028,"DEMUNBRUNS",39761,39761,39761,1998,1998,1416,"demunbruns",1,824.279271249156
840,"39","029","GATEWOOD",1,14,24,1,1,1908,"gatewood",39029,"GATEWOOD",38336,38336,38336,1998,1998,1417,"gatewood",1,14.0840518071464
840,"39","030","HUDSON",1,14,24,1,1,1909,"hudson",39030,"HUDSON",35969.3,35969.3,35969.3,1998,1998,1418,"hudson",1,142.150280190476
840,"39","031","EASTVIEW",1,14,24,1,1,1910,"eastview",39031,"EASTVIEW",39462.7,39462.7,39462.7,1998,1998,1419,"eastview",1,1.33403637598598
840,"39","032","DRAKESBORO",0,14,24,1,1,1911,"drakesboro",39032,"DRAKESBORO",36075.4,36075.4,36075.4,1998,1998,1420,"drakesboro",1,1.06508478803909
840,"39","033","BOXVILLE",0,14,24,1,1,1912,"boxville",39033,"BOXVILLE",37380.3,37380.3,37380.3,1998,1998,1421,"boxville",1,0.85525888206945
840,"39","034","DANIEL BOONE",0,14,24,1,1,1913,"daniel boone",39034,"DANIEL BOONE",35847.8,35847.8,35847.8,1998,1998,1422,"daniel boone",1,0.343132511450604
840,"39","035","DIXIE",0,14,24,1,1,1914,"dixie",39035,"DIXIE",40627.1,40627.1,40627.1,1998,1998,1423,"dixie",1,0.264710799614681
840,"39","036","JOY",1,14,24,1,1,1915,"joy",39036,"JOY",39915.5,39915.5,39915.5,1998,1998,1424,"joy",1,0.954429205573563
840,"39","037","SHELBYVILLE",0,15,24,1,1,1916,"shelbyville",39037,"SHELBYVILLE",42027.149,42027.15,42027.15,2001,2001,1425,"shelbyville",1,1.04557744600353
840,"39","038","GOSHEN",1,14,24,1,1,1917,"goshen",39038,"GOSHEN",35777.5,35777.5,35777.5,1998,1998,1426,"goshen",1,1.02280821865279
840,"39","039","GLENCOE",1,15,24,1,1,1918,"glencoe",39039,"GLENCOE",40284.6,40284.6,40284.6,1998,1998,1427,"glencoe",1,0.348144199629676
840,"39","040","BUENA VISTA",1,15,24,1,1,1919,"buena vista",39040,"BUENA VISTA",41033.8,41033.8,41033.8,1998,1998,1428,"buena vista",1,4.65028305987611
840,"39","041","PORTER",1,15,24,1,1,1920,"porter",39041,"PORTER",39153.1,39153.1,39153.1,1998,1998,1429,"porter",1,0.917498924987494
840,"39","042","SEWELL SHOP",1,15,24,1,1,1921,"sewell shop",39042,"SEWELL SHOP",41600.5,41600.5,41600.5,1998,1998,1430,"sewell shop",1,37.9744586239515
840,"39","043","PLUM",1,15,24,1,1,1922,"plum",39043,"PLUM",41790.7,41790.7,41790.7,1998,1998,1431,"plum",1,1.12189610268823
840,"39","044","EAST UNION",1,15,24,1,1,1923,"east union",39044,"EAST UNION",40463.5,40463.5,40463.5,1998,1998,1432,"east union",1,568.703350176324
840,"39","045","GESLING",0,22,28,1,1,1924,"gesling",39045,"GESLING",38506.66,38506.66,38506.66,2001,2001,1433,"gesling",1,510.464718504297
840,"39","046","KEHOE",0,22,28,1,1,1925,"kehoe",39046,"KEHOE",38849.3,38849.3,38849.3,1998,1998,1434,"kehoe",1,40.9280851848661
840,"39","107","BAYS FORK",1,14,24,1,1,1927,"bays fork",39107,"BAYS FORK",45194.754,45194.75,45194.75,2001,2001,1435,"bays fork",1,5.83900492098403
840,"39","112","BARDWELL 2",1,4,26,1,1,1928,"bardwell 2",39112,"BARDWELL 2",40422.944,40422.94,40422.94,2011,2011,1436,"bardwell 2",1,4.23930446725976
840,"39","113","Phelps",1,21,28,1,1,1929,"phelps",39013,"PHELPS",39277.9,39277.9,39277.9,1998,1998,1401,"phelps",1,0.182237534672111
840,"39","114","STAFFORDSVIL",1,21,28,1,1,1930,"staffordsvil",39114,"STAFFORDSVIL",41282.7,41282.7,41282.7,1998,1998,1437,"staffordsvil",1,88.4810879383498
840,"39","117","CAMPTON",1,21,28,1,1,1931,"campton",39117,"CAMPTON",38383.1,38383.1,38383.1,1998,1998,1438,"campton",1,1.0062091395763
840,"39","118","Beattyville 2",1,21,28,1,1,1932,"beattyville 2",39118,"BEATTYVILLE 2",39704.036,39704.03,39704.03,2011,2011,1439,"beattyville 2",1,0.224733910753577
840,"39","119","Levee 2",1,14,24,1,1,1933,"levee 2",39119,"LEVEE 2",40447.142,40447.13,40447.13,2011,2011,1440,"levee 2",1,4.79422381444785
840,"39","120","Million 2",1,15,24,1,1,1934,"million 2",39120,"MILLION 2",40542.426,40542.42,40542.42,2011,2011,1441,"million 2",1,34.498754465249
840,"39","124","Hodgenville 2",1,14,24,1,1,1935,"hodgenville 2",39124,"HODGENVILLE 2",39605.893,39605.89,39605.89,2011,2011,1442,"hodgenville 2",1,9.96522548745257
840,"39","127","LEBANON JUNCTION",1,15,24,1,1,1936,"lebanon junction",39127,"LEBANON JUNCTION",38606.102,38606.1,38606.1,2001,2001,1443,"lebanon junction",1,1.0081215917984
840,"39","132","Riverqueen",1,14,24,1,1,1938,"riverqueen",39132,"RIVERQUEEN",39595.593,39595.59,39595.59,2011,2011,1444,"riverqueen",1,16.5493531340641
840,"39","133","DIXON",1,14,24,1,1,1939,"dixon",39133,"DIXON",40422.819,40422.81,40422.81,2011,2011,1445,"dixon",1,11.2984646663373
840,"39","134","APEX",1,14,24,1,1,1940,"apex",39134,"APEX",40338.456,40338.45,40338.45,2011,2011,1446,"apex",1,28.3388371366988
840,"39","137","PLEASUREVILL",1,15,24,1,1,1941,"pleasurevill",39137,"PLEASUREVILL",39965.5,39965.5,39965.5,1998,1998,1447,"pleasurevill",1,1.29845724334895
840,"39","145","CARTER",1,22,28,1,1,1942,"carter",39145,"CARTER",39120.9,39120.9,39120.9,1998,1998,1448,"carter",1,3.90099213850683
840,"39","146","KEHOE 2",1,22,28,1,1,1943,"kehoe 2",39146,"KEHOE 2",39586.557,39586.55,39586.55,2011,2011,1449,"kehoe 2",1,0.773306883088765
840,"39","214","PAINTSVILLE",0,21,28,1,1,1945,"paintsville",39114,"STAFFORDSVIL",41282.7,41282.7,41282.7,1998,1998,1437,"staffordsvil",0.626262626262626,47.1609964841501
840,"39","900","MAMMOTH CAVE",1,14,24,1,2,1946,"mammoth cave",39900,"MAMMOTH CAVE",40596.7,40596.6,40596.6,1998,1998,1450,"mammoth cave",1,107.647070405556
840,"39","901","Mammoth Cave North",0,14,24,1,2,1947,"mammoth cave north",39901,"MAMMOTH CAVE NORTH",25090.519,25090.51,25090.51,2011,2011,1451,"mammoth cave north",1,4.89625589120127
840,"42","001","CARLISLE",0,5,26,1,1,1948,"carlisle",42001,"CARLISLE",37648.738,37648.74,37648.74,2001,2001,1452,"carlisle",1,0.750700189185133
840,"42","002","JUNIOR",0,6,37,1,1,1949,"junior",42002,"JUNIOR",37270.445,37270.45,37270.45,2001,2001,1453,"junior",1,0.691987971797843
840,"42","003","FREETOWN",1,5,26,1,1,1950,"freetown",42003,"FREETOWN",42391.1,42391.1,42391.1,1998,1998,1454,"freetown",1,0.789876152087309
840,"42","004","LAFITTE",0,5,37,1,1,1951,"lafitte",42004,"LAFITTE",39545.273,39545.27,39545.27,2001,2001,1455,"lafitte",1,0.714140301604654
840,"42","005","MORGAN CITY",0,5,26,1,1,1952,"morgan city",42005,"MORGAN CITY",40412.914,40412.91,40412.91,2001,2001,1456,"morgan city",1,0.850804458613305
840,"42","006","GRAN CHENIER",0,6,37,1,1,1953,"gran chenier",42006,"GRAN CHENIER",38818.352,38818.36,38818.36,2001,2001,1457,"gran chenier",1,0.329712485480198
840,"42","007","CREOLE",0,6,37,1,1,1954,"creole",42007,"CREOLE",40218.793,40218.79,40218.79,2001,2001,1458,"creole",1,0.558889464710273
840,"42","008","LACOMBE",0,3,27,1,1,1955,"lacombe",42008,"LACOMBE",36811.797,36811.8,36811.8,2001,2001,1459,"lacombe",1,0.819697641929243
840,"42","009","ROSELAND",1,4,26,1,1,1956,"roseland",42009,"ROSELAND",40273.3,40273.3,40273.3,1998,1998,1460,"roseland",1,0.774921010357225
840,"42","010","BICKHAM",1,4,27,1,1,1957,"bickham",42010,"BICKHAM",40376.4,40376.4,40376.4,1998,1998,1461,"bickham",1,30.1828250457437
840,"42","011","KEYSTONE",1,6,26,1,1,1958,"keystone",42011,"KEYSTONE",38268.3,38268.3,38268.3,1998,1998,1462,"keystone",1,268.221732498973
840,"42","012","PLETTENBERG",1,5,27,1,1,1959,"plettenberg",42012,"PLETTENBERG",42583.6,42583.6,42583.6,1998,1998,1463,"plettenberg",1,12.0473990496395
840,"42","013","MAMOU",0,6,37,1,1,1960,"mamou",42013,"MAMOU",39482.484,39482.48,39482.48,2001,2001,1464,"mamou",1,0.781834216395562
840,"42","014","EASTON",0,3,25,1,1,1961,"easton",42014,"EASTON",41069.785,41069.79,41069.79,2001,2001,1465,"easton",1,0.671534517893414
840,"42","015","HACKBERRY",0,6,37,1,1,1962,"hackberry",42015,"HACKBERRY",41406.1,41406.1,41406.1,1998,1998,1466,"hackberry",1,0.981228612502606
840,"42","016","DE RIDDER",1,3,25,1,1,1963,"de ridder",42016,"DE RIDDER",40540.3,40540.3,40540.3,1998,1998,1467,"de ridder",1,0.263773680378285
840,"42","017","SHAW",1,5,26,1,1,1964,"shaw",42017,"SHAW",42454.8,42454.8,42454.8,1998,1998,1468,"shaw",1,73.1011664542367
840,"42","018","MAYFLOWER",1,5,26,1,1,1965,"mayflower",42018,"MAYFLOWER",40988.5,40988.5,40988.5,1998,1998,1469,"mayflower",1,26.1959145408114
840,"42","019","DERRY",0,4,25,1,1,1966,"derry",42019,"DERRY",41264.5,41264.5,41264.5,1998,1998,1470,"derry",1,5.73476171378854
840,"42","021","CYPRESS",0,4,25,1,1,1968,"cypress",42021,"CYPRESS",35330.066,35330.07,35330.07,2001,2001,1472,"cypress",1,1.00038825919751
840,"42","022","FORT POLK",0,4,25,1,1,1969,"fort polk",42022,"FORT POLK",38486.258,38486.26,38486.26,2001,2001,1473,"fort polk",1,0.963116603071656
840,"42","024","RAYVILLE",0,5,26,1,1,1971,"rayville",42024,"RAYVILLE",36393.9,36393.9,36393.9,1998,1998,1475,"rayville",1,31.6577944394781
840,"42","025","CHATHAM",0,4,25,1,1,1972,"chatham",42025,"CHATHAM",42281.984,42281.98,42281.98,2001,2001,1476,"chatham",1,0.758846657771531
840,"42","026","CLAY",1,4,25,1,1,1973,"clay",42026,"CLAY",39594.4,39594.4,39594.4,1998,1998,1477,"clay",1,1.02336645351118
840,"42","027","LONGSTREET",1,4,25,1,1,1974,"longstreet",42027,"LONGSTREET",41662,41662,41662,1998,1998,1478,"longstreet",1,13.9857633845819
840,"42","028","FILLMORE",0,4,25,1,1,1975,"fillmore",42028,"FILLMORE",39249.684,39249.68,39249.68,2001,2001,1479,"fillmore",1,0.664740669685469
840,"42","029","LAROSE",0,5,26,1,1,1976,"larose",42029,"LAROSE",36978.4,36978.4,36978.4,1998,1998,1480,"larose",1,1.16537730027705
840,"42","030","GLENCOE",1,6,37,1,1,1977,"glencoe",42030,"GLENCOE",42210.9,42210.9,42210.9,1998,1998,1481,"glencoe",1,12.7535909149874
840,"42","031","ESTHER",1,6,37,1,1,1978,"esther",42031,"ESTHER",40392.8,40392.8,40392.8,1998,1998,1482,"esther",1,823.077234216152
840,"42","032","GREENSBURG",1,4,27,1,1,1979,"greensburg",42032,"GREENSBERG",39466.1,39466.1,39466.1,1998,1998,1483,"greensberg",0.933333333333333,35.3023486113988
840,"42","033","RAMAH",1,5,26,1,1,1980,"ramah",42033,"RAMAH",39308.7,39308.7,39308.7,1998,1998,1484,"ramah",1,0.00307226556348167
840,"42","034","MAURICE",1,6,37,1,1,1981,"maurice",42034,"MAURICE",39551.4,39551.4,39551.4,1998,1998,1485,"maurice",1,0.646577916865721
840,"42","036","TROUT",1,4,25,1,1,1982,"trout",42036,"TROUT",42734.3,42734.3,42734.3,1998,1998,1486,"trout",1,0.730731897348493
840,"42","037","MANY",0,4,25,1,1,1983,"many",42037,"MANY",40178.3,40178.3,40178.3,1998,1998,1487,"many",1,0.289372041337163
840,"42","038","FLOYD",1,5,26,1,1,1984,"floyd",42038,"FLOYD",37287.4,37287.4,37287.4,1998,1998,1488,"floyd",1,6.67758804737607
840,"42","039","MARION",0,4,25,1,1,1985,"marion",42039,"MARION",41065.9,41065.9,41065.9,1998,1998,1489,"marion",1,0.448407711893755
840,"42","040","CARTERVILLE",0,4,25,1,1,1986,"carterville",42040,"CARTERVILLE",40725.922,40725.92,40725.92,2001,2001,1490,"carterville",1,0.264258223566979
840,"42","050","GIBSON",1,5,26,1,1,1987,"gibson",42050,"GIBSON",51548.297,51548.3,51548.3,2001,2001,1491,"gibson",1,0.429157914320383
840,"42","051","BROUSVILLE",1,6,26,1,1,1988,"brousville",42051,"BROUSVILLE",49821.051,49821.05,49821.05,2001,2001,1492,"brousville",1,4.45834817532953
840,"42","052","KAPLAN",1,6,37,1,1,1989,"kaplan",42052,"KAPLAN",39663.051,39663.05,39663.05,2001,2001,1493,"kaplan",1,0.566951125951277
840,"42","053","GONZALES",1,5,26,1,1,1990,"gonzales",42053,"GONZALES",49907.7,49907.7,49907.7,1998,1998,1494,"gonzales",1,0.643077702155695
840,"42","054","NORWOOD",1,4,27,1,1,1991,"norwood",42054,"NORWOOD",60901.75,60901.75,60901.75,2001,2001,1495,"norwood",1,0.901940030940141
840,"42","055","RICHARD",1,6,37,1,1,1992,"richard",42055,"RICHARD",41759.9,41759.9,41759.9,1998,1998,1496,"richard",1,0.886177907984978
840,"42","056","DE QUINCY",1,3,25,1,1,1993,"de quincy",42056,"DE QUINCY",39355.359,39355.36,39355.36,2001,2001,1497,"de quincy",1,419.055940638845
840,"42","058","FLAT CREEK",1,4,25,1,1,1995,"flat creek",42058,"FLAT CREEK",50868.82,50868.82,50868.82,2001,2001,1499,"flat creek",1,3.58674860152274
840,"42","059","ZWOLLE",1,4,25,1,1,1996,"zwolle",42059,"ZWOLLE",52058.492,52058.49,52058.49,2001,2001,1500,"zwolle",1,22.037008111393
840,"42","061","MOUNT UNION",1,4,25,1,1,1998,"mount union",42061,"MOUNT UNION",39427.219,39427.22,39427.22,2001,2001,1502,"mount union",1,0.872719844574223
840,"42","062","WOMACK",1,5,25,1,1,1999,"womack",42062,"WOMACK",47812.6,47812.6,47812.6,1998,1998,1503,"womack",1,0.923260255939262
840,"42","101","BELAIR",1,5,26,1,1,2000,"belair",42101,"BETAIR",40579.2,40579.2,40579.2,1998,1998,1504,"betair",0.888888888888889,20.821564380801
840,"42","102","GRAND ISLE",1,6,37,1,1,2001,"grand isle",42102,"GRAND ISLE",50273.5,50273.5,50273.5,1998,1998,1505,"grand isle",1,1.59423578686207
840,"42","104","KRAEMER",1,5,26,1,1,2002,"kraemer",42104,"KRAEMER",42360.3,42360.3,42360.3,1998,1998,1506,"kraemer",1,0.912003032522661
840,"42","105","BERWICK",1,5,26,1,1,2003,"berwick",42105,"BERWICK",41363.6,41363.6,41363.6,1998,1998,1507,"berwick",1,0.529365578275099
840,"42","106","LTL CHENIER",1,6,37,1,1,2004,"ltl chenier",42106,"LTL CHENIER",38678.8,38678.8,38678.8,1998,1998,1508,"ltl chenier",1,55.4814914827099
840,"42","107","SABINE NWR",0,6,37,1,1,2005,"sabine nwr",42107,"SABINE NWR",42093.299,42093.29,42093.29,2011,2011,1509,"sabine nwr",1,5.13673687401385
840,"42","108","SLIDELL",0,3,27,1,1,2006,"slidell",42108,"SLIDELL",40405.41,40405.41,40405.41,2001,2001,1510,"slidell",1,0.703686821341432
840,"42","113","VILLE PLATTE",1,6,37,1,1,2007,"ville platte",42113,"VILLE PLATTE",39917.4,39917.4,39917.4,1998,1998,1511,"ville platte",1,0.436704489284157
840,"42","114","OAKDALE",0,3,25,1,1,2008,"oakdale",42114,"OAKDALE",39946.473,39946.47,39946.47,2001,2001,1512,"oakdale",1,245.824448367059
840,"42","115","HACKBERRY 2",1,6,37,1,1,2009,"hackberry 2",42015,"HACKBERRY",41406.1,41406.1,41406.1,1998,1998,1466,"hackberry",0.939393939393939,12.1712049590772
840,"42","119","Derry 2",1,4,25,1,1,2010,"derry 2",42119,"DERRY 2",39821.49,39821.48,39821.48,2011,2011,1513,"derry 2",1,4.09767364313636
840,"42","120","FISHVILLE 2",1,4,25,1,1,2011,"fishville 2",42020,"FISHVILLE",40304.2,40304.2,40304.2,1998,1998,1471,"fishville",0.939393939393939,30.2129926684375
840,"42","121","NATCHITOCHES",0,4,25,1,1,2012,"natchitoches",42221,"NATCHEZ",40287.5,40287.5,40287.5,1998,1998,1527,"natchez",0.785714285714286,3.62341447197854
840,"42","122","BURR FERRY",1,4,25,1,1,2013,"burr ferry",42122,"BURR FERRY",41599,41599,41599,1998,1998,1515,"burr ferry",1,22.6195491409177
840,"42","123","Delhi",1,5,26,1,1,2014,"delhi",42123,"DELHI",42569.176,42569.17,42569.17,2011,2011,1516,"delhi",1,0.592144143355775
840,"42","124","Rayville 2",1,5,26,1,1,2015,"rayville 2",42124,"RAYVILLE 2",40560.638,40560.63,40560.63,2011,2011,1517,"rayville 2",1,0.452818455904768
840,"42","125","CHENIERE",1,4,25,1,1,2016,"cheniere",42125,"CHENIERE",39349,39349,39349,1998,1998,1518,"cheniere",1,0.536695675883692
840,"42","128","HAUGHTON",1,4,25,1,1,2017,"haughton",42128,"HAUGHTON",40353.9,40353.9,40353.9,1998,1998,1519,"haughton",1,4.64549532920791
840,"42","137","FORT JESSUP",1,4,25,1,1,2018,"fort jessup",42137,"FORT JESSUP",40574.7,40574.7,40574.7,1998,1998,1520,"fort jessup",1,43.2381931142794
840,"42","139","LINVILLE",1,4,25,1,1,2019,"linville",42139,"LINVILLE",37638.527,37638.53,37638.53,2001,2001,1521,"linville",1,12.6513803628204
840,"42","140","IVAN",0,4,25,1,1,2020,"ivan",42140,"IVAN",50693.2,50693.2,50693.2,1998,1998,1522,"ivan",1,0.843510295885666
840,"42","206","LTL Chenier 2",0,6,37,1,1,2021,"ltl chenier 2",42206,"LTL CHENIER 2",45653.972,45653.96,45653.96,2011,2011,1523,"ltl chenier 2",1,2.06755626595973
840,"42","207","Sabine NWR 2",1,6,37,2,1,2022,"sabine nwr 2",42207,"SABINE NWR 2",41899.729,41899.72,41899.72,2011,2011,1524,"sabine nwr 2",1,37.9359367449226
840,"42","208","PEARL RIVER",1,3,27,1,1,2023,"pearl river",42208,"PEARL RIVER",37982.5,37982.5,37982.5,1998,1998,1525,"pearl river",1,0.873142551489908
840,"42","214","PINE PRAIRIE",0,3,25,1,1,2024,"pine prairie",42214,"PINE PRAIRIE",39462.5,39462.5,39462.5,1998,1998,1526,"pine prairie",1,1.14859019788421
840,"42","221","NATCHEZ",1,4,25,1,1,2025,"natchez",42221,"NATCHEZ",40287.5,40287.5,40287.5,1998,1998,1527,"natchez",1,8.00609058802959
840,"42","240","IVAN 2",1,4,25,1,1,2026,"ivan 2",42140,"IVAN",50693.2,50693.2,50693.2,1998,1998,1522,"ivan",0.888888888888889,0.843510295885666
840,"42","301","GOODWILL",1,4,25,1,1,2027,"goodwill",42301,"GOODWILL",39969,39969,39969,2001,2001,1528,"goodwill",1,10.5053548649554
840,"42","302","GRAYSON",1,4,25,1,1,2028,"grayson",42302,"GRAYSON",48337.582,48337.58,48337.58,2001,2001,1529,"grayson",1,0.982118608091078
840,"42","303","CONCORD",1,5,26,1,1,2029,"concord",42303,"CONCORD",50336.98,50336.98,50336.98,2001,2001,1530,"concord",1,0.494782724876983
840,"42","304","EVELYN",1,4,25,1,1,2030,"evelyn",42304,"EVELYN",61447.532,61447.53,61447.53,2001,2001,1531,"evelyn",1,0.739535583757038
840,"42","305","HARGIS",0,4,25,1,1,2031,"hargis",42305,"HARGIS",55567.473,55567.47,55567.47,2001,2001,1532,"hargis",1,20.3984473217098
840,"42","306","ENTERPRISE",1,5,25,1,1,2032,"enterprise",42306,"ENTERPRISE",47089.57,47089.57,47089.57,2001,2001,1533,"enterprise",1,0.998292421519886
840,"42","307","VINTON",0,3,37,1,1,2033,"vinton",42307,"VINTON",50288.383,50288.38,50288.38,2001,2001,1534,"vinton",1,41.2817907653417
840,"42","308","WOODLAWN",1,6,37,1,1,2034,"woodlawn",42308,"WOODLAWN",77419.047,77419.05,77419.05,2001,2001,1535,"woodlawn",1,1.18157321223697
840,"42","309","PORT ALLEN",1,5,26,1,1,2035,"port allen",42309,"PORT ALLEN",64046.422,64046.42,64046.42,2001,2001,1536,"port allen",1,556.922309313039
840,"42","310","CAMP COVINGTON",0,3,26,1,1,2036,"camp covington",42310,"CAMP COVINGTON",64832.648,64832.65,64832.65,2001,2001,1537,"camp covington",1,1.19004260121669
840,"42","311","FORKED ISLAND",1,6,37,1,1,2037,"forked island",42311,"FORKED ISLAND",52075.781,52075.78,52075.78,2001,2001,1538,"forked island",1,160.622991345616
840,"42","312","Morgan City",1,5,26,1,1,2038,"morgan city",42312,"Morgan City",70952.477,70952.48,70952.48,2001,2001,1539,"morgan city",1,37.1401299991661
840,"42","313","LAUREL GROVE",0,5,26,1,1,2039,"laurel grove",42313,"LAUREL GROVE",41750.716,41750.71,41750.71,2011,2011,1540,"laurel grove",1,3.73898989522651
840,"42","314","TURKEY CREEK",0,3,25,1,1,2040,"turkey creek",42314,"TURKEY CREEK",42836.3,42836.3,42836.3,1998,1998,1541,"turkey creek",1,9.72164850181219
840,"42","405","HARGIS 2",1,4,25,1,1,2041,"hargis 2",42305,"HARGIS",55567.473,55567.47,55567.47,2001,2001,1532,"hargis",0.916666666666667,20.3707033056964
840,"42","407","VINTON 2",1,3,37,1,1,2042,"vinton 2",42407,"VINTON 2",43645.118,43645.11,43645.11,2011,2011,1542,"vinton 2",1,11.3825325452775
840,"42","410","Franklinton",1,4,27,1,1,2043,"franklinton",42410,"FRANKLINTON",43263.159,43263.15,43263.15,2011,2011,1543,"franklinton",1,0.533464949041733
840,"42","411","Forked Island 2",0,6,37,1,1,2044,"forked island 2",42411,"FORKED ISLAND 2",50216.88,50216.88,50216.88,2011,2011,1544,"forked island 2",1,11.4036476379131
840,"42","414","LAKE COVE",1,3,25,1,1,2045,"lake cove",42414,"LAKE COVE",50873.473,50873.47,50873.47,2001,2001,1545,"lake cove",1,0.841597806545359
840,"42","901","N EVANGELINE",0,3,37,1,2,2046,"n evangeline",42901,"N EVANGELINE",39194.602,39194.6,39194.6,2001,2001,1546,"n evangeline",1,22.1691010793328
840,"42","902","E EVANGELINE",0,5,37,1,2,2047,"e evangeline",42902,"E EVANGELINE",35711.217,35711.21,35711.21,2011,2011,1547,"e evangeline",1,2.14722788416626
840,"42","903","RIVER ROAD",1,5,26,1,2,2048,"river road",42903,"RIVER ROAD",42553.8,42553.8,42553.8,1998,1998,1548,"river road",1,0.740546069983321
840,"42","905","ATCHAFALAYA",1,5,26,1,2,2050,"atchafalaya",42905,"ATCHAFALAYA",42371.6,42371.6,42371.6,1998,1998,1550,"atchafalaya",1,3.7148183216479
840,"42","906","BATON ROUGE",1,5,26,1,2,2051,"baton rouge",42906,"BATON ROUGE",38239.7,38239.7,38239.7,1998,1998,1551,"baton rouge",1,12.5524913590227
840,"44","001","CAPE NEDDICK",1,12,30,1,1,2082,"cape neddick",44001,"CAPE NEDDICK",41290.3,41290.3,41290.3,1998,1998,1552,"cape neddick",1,0.695805481076566
840,"44","002","WESTBROOK",1,12,14,1,1,2083,"westbrook",44002,"WESTBROOK",39589.5,39589.5,39589.5,1998,1998,1553,"westbrook",1,17.4124752612003
840,"44","003","BIDDEFORD",1,12,14,1,1,2084,"biddeford",44003,"BIDDEFORD",40233.2,40233.2,40233.2,1998,1998,1554,"biddeford",1,0.878398493919412
840,"44","004","KITTERY PT",1,12,30,1,1,2085,"kittery pt",44004,"KITTERY PT",41043,41043,41043,1998,1998,1555,"kittery pt",1,1.00341609980418
840,"44","005","NEWCASTLE",1,27,14,1,1,2086,"newcastle",44005,"NEWCASTLE",39031.3,39031.3,39031.3,1998,1998,1556,"newcastle",1,34.1471278367104
840,"44","006","WILSON MILLS",1,28,14,1,1,2087,"wilson mills",44006,"WILSON MILLS",41878.7,41878.7,41878.7,1998,1998,1557,"wilson mills",1,0.993051873989584
840,"44","007","BETHEL",1,28,14,1,1,2088,"bethel",44007,"BETHEL",41058.4,41058.4,41058.4,1998,1998,1558,"bethel",1,0.0350259241039679
840,"44","008","TURNER",0,27,14,1,1,2089,"turner",44008,"TURNER",41579.8,41579.8,41579.8,1998,1998,1559,"turner",1,1.71283521387078
840,"44","009","GREENWOOD",1,27,14,1,1,2090,"greenwood",44009,"GREENWOOD",49290.4,49290.4,49290.4,1998,1998,1560,"greenwood",1,63.2950489917322
840,"44","010","REEDS",1,28,14,1,1,2091,"reeds",44010,"REEDS",44017.8,44017.8,44017.8,1998,1998,1561,"reeds",1,0.71928668044734
840,"44","011","SOUTH ARM",1,28,14,1,1,2092,"south arm",44011,"SOUTH ARM",41743,41743,41743,1998,1998,1562,"south arm",1,0.642012575081644
840,"44","012","OTISFIELD GR",1,27,14,1,1,2093,"otisfield gr",44012,"OTISFIELD GR",43729.7,43729.7,43729.7,1998,1998,1563,"otisfield gr",1,1.01754964647714
840,"44","013","HARTFORD",1,27,14,1,1,2094,"hartford",44013,"HARTFORD",42729.4,42729.4,42729.4,1998,1998,1564,"hartford",1,1.01547462902343
840,"44","014","BOWDOIN CTR",1,27,14,1,1,2095,"bowdoin ctr",44014,"BOWDOIN CTR",40722.4,40722.4,40722.4,1998,1998,1565,"bowdoin ctr",1,1.34465381180019
840,"44","015","MANCHESTER",0,27,14,1,1,2096,"manchester",44015,"MANCHESTER",44198.375,44198.38,44198.38,2001,2001,1566,"manchester",1,33.7534670615565
840,"44","016","EAST TROY",1,27,14,1,1,2097,"east troy",44016,"EAST TROY",41253.3,41253.3,41253.3,1998,1998,1567,"east troy",1,1.05382623439357
840,"44","017","WARREN",0,27,14,1,1,2098,"warren",44017,"WARREN",42481.855,42481.86,42481.86,2001,2001,1568,"warren",1,0.802820725281543
840,"44","018","FREEDOM",1,27,14,1,1,2099,"freedom",44018,"FREEDOM",41016.5,41016.5,41016.5,1998,1998,1569,"freedom",1,0.494327051721415
840,"44","019","HARMONY",1,27,14,1,1,2100,"harmony",44019,"HARMONY",40560,40560,40560,1998,1998,1570,"harmony",1,3.95409214884309
840,"44","020","BENTON",0,27,14,1,1,2101,"benton",44020,"BENTON",41071.164,41071.16,41071.16,2001,2001,1571,"benton",1,1.02351222086819
840,"44","021","BROOKS",1,27,14,1,1,2102,"brooks",44021,"BROOKS",38321.9,38321.9,38321.9,1998,1998,1572,"brooks",1,0.452677553192464
840,"44","022","HERMON",1,27,14,1,1,2103,"hermon",44022,"HERMON",40043,40043,40043,1998,1998,1573,"hermon",1,1.02214527527312
840,"44","023","EASTBROOK",1,28,14,1,1,2104,"eastbrook",44023,"EASTBROOK",41606,41606,41606,1998,1998,1574,"eastbrook",1,25.2032991736963
840,"44","024","HANCOCK",1,27,14,1,1,2105,"hancock",44024,"HANCOCK",42696.7,42696.7,42696.7,1998,1998,1575,"hancock",1,0.440018232431091
840,"44","026","AURORA",1,28,14,1,1,2107,"aurora",44026,"AURORA",43338.1,43338.2,43338.2,1998,1998,1577,"aurora",1,1.04077347068732
840,"44","027","COOPER",1,28,14,1,1,2108,"cooper",44027,"COOPER",37511.3,37511.3,37511.3,1998,1998,1578,"cooper",1,0.0344137220097123
840,"44","028","DEBLOIS",1,28,14,1,1,2109,"deblois",44028,"DEBLOIS",36696.7,36696.7,36696.7,1998,1998,1579,"deblois",1,4.31546465807426
840,"44","029","NORTHFIELD",0,28,14,1,1,2110,"northfield",44029,"NORTHFIELD",45900.3,45900.3,45900.3,1998,1998,1580,"northfield",1,9.59552916038985
840,"44","030","MOOSE RIVER",1,28,14,1,1,2111,"moose river",44030,"MOOSE RIVER",37728.3,37728.3,37728.3,1998,1998,1581,"moose river",1,9.5081109064941
840,"44","031","CARRYING PL",1,28,14,1,1,2112,"carrying pl",44031,"CARRYING PL",39305.7,39305.7,39305.7,1998,1998,1582,"carrying pl",1,49.7182379761074
840,"44","032","CARRABASSETT",1,28,14,1,1,2113,"carrabassett",44032,"CARRABASSETT",40171.8,40171.8,40171.8,1998,1998,1583,"carrabassett",1,16.809954426188
840,"44","033","CHARLESTON",1,27,14,1,1,2114,"charleston",44033,"CHARLESTON",39572.4,39572.4,39572.4,1998,1998,1584,"charleston",1,1.06712307196346
840,"44","034","BAXTER",0,28,14,1,1,2115,"baxter",44034,"BAXTER",42491.918,42491.92,42491.92,2001,2001,1585,"baxter",1,1.12724936423363
840,"44","035","SEBOOMOOK LK",1,28,14,1,1,2116,"seboomook lk",44035,"SEBOOMOOK LK",40734,40734,40734,1998,1998,1586,"seboomook lk",1,44.4644681698506
840,"44","036","GREENVILLE",1,28,14,1,1,2117,"greenville",44036,"GREENVILLE",40217.2,40217.2,40217.2,1998,1998,1587,"greenville",1,18.2977168724387
840,"44","037","CAMBRIDGE",1,27,14,1,1,2118,"cambridge",44037,"CAMBRIDGE",39608.6,39608.6,39608.6,1998,1998,1588,"cambridge",1,1.14245823184527
840,"44","038","WINN",1,28,14,1,1,2119,"winn",44038,"WINN",40082.3,40082.3,40082.3,1998,1998,1589,"winn",1,0.52101338652278
840,"44","039","WYTOPITLOCK",1,28,14,1,1,2120,"wytopitlock",44039,"WYTOPITLOCK",40182.4,40182.4,40182.4,1998,1998,1590,"wytopitlock",1,26.0661735335368
840,"44","040","BENEDICTA",1,28,14,1,1,2121,"benedicta",44040,"BENEDICTA",45915.3,45915.3,45915.3,1998,1998,1591,"benedicta",1,0.185061736482504
840,"44","041","MEDWAY",1,28,14,1,1,2122,"medway",44041,"MEDWAY",40316,40316,40316,1998,1998,1592,"medway",1,1.27762405751508
840,"44","042","HUDSON",1,27,14,1,1,2123,"hudson",44042,"HUDSON",42211.3,42211.3,42211.3,1998,1998,1593,"hudson",1,54.9767119949898
840,"44","043","GRND LK STRM",1,28,14,1,1,2124,"grnd lk strm",44043,"GRND LK STRM",41272.2,41272.2,41272.2,1998,1998,1594,"grnd lk strm",1,2.53901000118854
840,"44","044","WAITE",0,28,14,1,1,2125,"waite",44044,"WAITE",42922.422,42922.42,42922.42,2001,2001,1595,"waite",1,0.557249351640248
840,"44","045","FOREST STA",1,28,14,1,1,2126,"forest sta",44045,"FOREST STA",42937.1,42937.1,42937.1,1998,1998,1596,"forest sta",1,13.4275921922316
840,"44","046","CLAYTON LAKE",0,28,14,1,1,2127,"clayton lake",44046,"CLAYTON LAKE",41010.7,41010.7,41010.7,1998,1998,1597,"clayton lake",1,5.98903979796841
840,"44","047","PILLSBURY PD",0,28,14,1,1,2128,"pillsbury pd",44047,"PILLSBURY PD",40455.59,40455.59,40455.59,2001,2001,1598,"pillsbury pd",1,171.66758370562
840,"44","048","LUDLOW",1,28,14,1,1,2129,"ludlow",44048,"LUDLOW",39352.1,39352.1,39352.1,1998,1998,1599,"ludlow",1,45.228333118361
840,"44","049","WASHBURN",1,28,14,1,1,2130,"washburn",44049,"WASHBURN",39875,39875,39875,1998,1998,1600,"washburn",1,67.3887953396016
840,"44","050","HORSE MTN",1,28,14,1,1,2131,"horse mtn",44050,"HORSE MTN",40817,40817,40817,1998,1998,1601,"horse mtn",1,0.161371951139675
840,"44","051","ASHLAND",1,28,14,1,1,2132,"ashland",44051,"ASHLAND",39545.8,39545.8,39545.8,1998,1998,1602,"ashland",1,1.43475557065223
840,"44","052","BOUNDARY",1,28,14,1,1,2133,"boundary",44052,"BOUNDARY",40242.4,40242.4,40242.4,1998,1998,1603,"boundary",1,1.19848507647297
840,"44","053","FT FAIRFIELD",1,28,14,1,1,2134,"ft fairfield",44053,"FT FAIRFIELD",40523,40523,40523,1998,1998,1604,"ft fairfield",1,42.4684380019009
840,"44","054","ST DAVID",1,28,14,1,1,2135,"st david",44054,"ST DAVID",42245,42245,42245,1998,1998,1605,"st david",1,0.668842379241109
840,"44","055","BIG TWENTY",0,28,14,1,1,2136,"big twenty",44155,"BIG TWENTY II",43295.625,43295.62,43295.62,2011,2011,1620,"big twenty ii",0.923076923076923,13.1677282527632
840,"44","056","WEEKS BROOK",1,28,14,1,1,2137,"weeks brook",44056,"WEEKS BROOK",43951.9,43951.9,43951.9,1998,1998,1607,"weeks brook",1,458.730289275307
840,"44","057","TELOS",1,28,14,1,1,2138,"telos",44057,"TELOS",27597.7,27597.7,27597.7,1998,1998,1608,"telos",1,119.550958627221
840,"44","058","PRIESTLY BR.",1,28,14,1,1,2139,"priestly br",44058,"PRIESTLY BR.",41860.2,41860.2,41860.2,1998,1998,1609,"priestly br",1,10.4242103723752
840,"44","059","BAKER LAKE",0,28,14,1,1,2140,"baker lake",44059,"BAKER LAKE",41392.3,41392.3,41392.3,1998,1998,1610,"baker lake",1,8.82048720861816
840,"44","060","YANKEETULADI",1,28,14,1,1,2141,"yankeetuladi",44060,"YANKEETULADI",38377.9,38377.9,38377.9,1998,1998,1611,"yankeetuladi",1,69.7184694675622
840,"44","108","Turner 2",1,27,14,1,1,2142,"turner 2",44108,"TURNER 2",44678.13,44678.13,44678.13,2011,2011,1612,"turner 2",1,21.2032614982341
840,"44","115","ROME",1,27,14,1,1,2143,"rome",44115,"ROME",48545.8,48545.8,48545.8,1998,1998,1613,"rome",1,31.0962514187287
840,"44","117","JEFFERSON",1,27,14,1,1,2144,"jefferson",44117,"JEFFERSON",38985,38985,38985,1998,1998,1614,"jefferson",1,0.878078051612152
840,"44","120","CHURCH HILL",1,27,14,1,1,2145,"church hill",44120,"CHURCH HILL",44698.6,44698.6,44698.6,1998,1998,1615,"church hill",1,0.924824186384744
840,"44","129","Northfield 2",1,28,14,1,1,2146,"northfield 2",44029,"NORTHFIELD",45900.3,45900.3,45900.3,1998,1998,1580,"northfield",0.944444444444444,9.58051484643957
840,"44","134","NESOWADNEHUN",1,28,14,1,1,2147,"nesowadnehun",44134,"NESOWADNEHUN",38352.2,38352.2,38352.2,1998,1998,1616,"nesowadnehun",1,0.880256266418429
840,"44","144","TOPSFIELD",1,28,14,1,1,2148,"topsfield",44144,"TOPSFIELD",39476.9,39476.9,39476.9,1998,1998,1617,"topsfield",1,1.12553223114454
840,"44","146","Clayton Lake 2",1,28,14,1,1,2149,"clayton lake 2",44146,"CLAYTON LAKE 2",38755.875,38755.87,38755.87,2011,2011,1618,"clayton lake 2",1,1.28020491223762
840,"44","147","HERON LAKE",1,28,14,1,1,2150,"heron lake",44147,"HERON LAKE",39069.6,39069.6,39069.6,1998,1998,1619,"heron lake",1,0.999194047000023
840,"44","155","Big Twenty 2",1,28,14,1,1,2151,"big twenty 2",44155,"BIG TWENTY II",43295.625,43295.62,43295.62,2011,2011,1620,"big twenty ii",0.920940170940171,0.339240562919745
840,"44","159","Baker Lake 2",1,28,14,1,1,2152,"baker lake 2",44159,"BAKER LAKE 2",40366.249,40366.24,40366.24,2011,2011,1621,"baker lake 2",1,2.24723328164743
840,"44","301","ST. JUSTE CHKPNT",1,28,14,1,1,2153,"st juste chkpnt",44301,"ST. JUSTE CHKPNT",50659.153,50659.14,50659.14,2011,2011,1622,"st juste chkpnt",1,3.66323176386092
840,"44","302","PORTAGE",1,28,14,1,1,2154,"portage",44302,"PORTAGE",51801.263,51801.25,51801.25,2011,2011,1623,"portage",1,1.32886431038559
840,"44","303","HOULTON",1,27,14,1,1,2155,"houlton",44303,"HOULTON",59512.099,59512.09,59512.09,2011,2011,1624,"houlton",1,2.39439658944199
840,"44","304","LAKE MOXIE",1,28,14,1,1,2156,"lake moxie",44304,"LAKE MOXIE",49586.759,49586.75,49586.75,2011,2011,1625,"lake moxie",1,89.3709514745206
840,"44","305","STACYVILLE",1,28,14,1,1,2157,"stacyville",44305,"STACYVILLE",51385.693,51385.68,51385.68,2011,2011,1626,"stacyville",1,0.351037107702233
840,"44","306","ANDOVER",1,28,14,1,1,2158,"andover",44306,"ANDOVER",55001.315,55001.3,55001.3,2011,2011,1627,"andover",1,64.9128845012007
840,"44","307","CORNVILLE",1,27,14,1,1,2159,"cornville",44307,"CORNVILLE",43117.913,43117.91,43117.91,2011,2011,1628,"cornville",1,5.22562791898168
840,"44","308","SEARSPORT",1,27,14,1,1,2160,"searsport",44308,"SEARSPORT",57600.827,57600.82,57600.82,2011,2011,1629,"searsport",1,2.68821489264121
840,"44","309","STEUBEN",1,28,14,1,1,2161,"steuben",44309,"STEUBEN",42786.178,42786.17,42786.17,2011,2011,1630,"steuben",1,7.03190630897426
840,"44","310","BROWNFIELD",0,27,14,1,1,2162,"brownfield",44310,"BROWNFIELD",47966.76,47966.75,47966.75,2011,2011,1631,"brownfield",1,7.82685658437204
840,"44","410","Brownfield 2",1,27,14,1,1,2163,"brownfield 2",44410,"BROWNFIELD 2",40163.967,40163.967,40163.967,2011,2011,1632,"brownfield 2",1,7.85231560516899
840,"46","001","FLOYD",1,24,28,1,1,2257,"floyd",46001,"FLOYD",38043.4,38043.4,38043.4,1998,1998,1633,"floyd",1,135.135438071382
840,"46","002","MT NEBO",0,24,28,1,1,2258,"mt nebo",46002,"MT NEBO",39492.691,39492.69,39492.69,2001,2001,1634,"mt nebo",1,1.04320461991544
840,"46","003","VINDEX",1,24,28,1,1,2259,"vindex",46003,"VINDEX",38875.8,38875.8,38875.8,1998,1998,1635,"vindex",1,21.3094502710762
840,"46","004","OLDTOWN",1,13,28,1,1,2260,"oldtown",46004,"OLDTOWN",37201.6,37201.6,37201.6,1998,1998,1636,"oldtown",1,669.8305217249
840,"46","005","POTOMAC PARK",1,13,28,1,1,2261,"potomac park",46005,"POTOMAC PARK",42008.7,42008.6,42008.6,1998,1998,1637,"potomac park",1,5.77663821878544
840,"46","007","SMITHSBURG",1,10,28,1,1,2263,"smithsburg",46007,"SMITHSBURG",37115,37115,37115,1998,1998,1639,"smithsburg",1,32.9667771008991
840,"46","008","WOLFSVILLE",1,10,28,1,1,2264,"wolfsville",46008,"WOLFSVILLE",42604.2,42604.2,42604.2,1998,1998,1640,"wolfsville",1,26.264538806793
840,"46","009","EMMITSBURG",1,10,29,1,1,2265,"emmitsburg",46009,"EMMITSBURG",37773,37773,37773,1998,1998,1641,"emmitsburg",1,16.0462953928893
840,"46","010","SILVER SPG",0,10,29,1,1,2266,"silver spg",46010,"SILVER SPG",42039.738,42039.74,42039.74,2001,2001,1642,"silver spg",1,0.433776378085507
840,"46","011","OLNEY",1,10,29,1,1,2267,"olney",46011,"OLNEY",37160.5,37160.5,37160.5,1998,1998,1643,"olney",1,1.10560519414138
840,"46","012","NORWOOD",0,10,29,1,1,2268,"norwood",46012,"NORWOOD",40322.9,40322.9,40322.9,1998,1998,1644,"norwood",1,12.3238820526758
840,"46","013","WARFIELDSBRG",1,10,29,1,1,2269,"warfieldsbrg",46013,"WARFIELDSBRG",38605.7,38605.7,38605.7,1998,1998,1645,"warfieldsbrg",1,84.7857995059655
840,"46","014","PLEASANT VAL",1,10,29,1,1,2270,"pleasant val",46014,"PLEASANT VAL",39077.6,39077.6,39077.6,1998,1998,1646,"pleasant val",1,28.0434048593754
840,"46","015","BACHMAN MILL",1,10,29,1,1,2271,"bachman mill",46015,"BACHMAN MILL",39383.6,39383.6,39383.6,1998,1998,1647,"bachman mill",1,7.19018137587599
840,"46","016","FOWBLESBURG",1,10,29,1,1,2272,"fowblesburg",46016,"FOWBLESBURG",37873.6,37873.6,37873.6,1998,1998,1648,"fowblesburg",1,29.0337334562295
840,"46","017","EKLO",1,10,29,1,1,2273,"eklo",46017,"EKLO",37628.7,37628.7,37628.7,1998,1998,1649,"eklo",1,36.028949615824
840,"46","018","RANDALLSTOWN",1,10,29,1,1,2274,"randallstown",46018,"RANDALLSTOWN",39081,39081,39081,1998,1998,1650,"randallstown",1,10.4756309836076
840,"46","019","UPPER XRDS",0,10,29,1,1,2275,"upper xrds",46019,"UPPER XRDS",40324.5,40324.5,40324.5,1998,1998,1651,"upper xrds",1,12.9516248615095
840,"46","020","VAN BIBBER",0,10,29,1,1,2276,"van bibber",46020,"VAN BIBBER",39314.4,39314.4,39314.4,1998,1998,1652,"van bibber",1,9.40298205957595
840,"46","021","JONES",0,4,30,1,1,2277,"jones",46021,"JONES",45181.4,45181.4,45181.4,1998,1998,1653,"jones",1,0.756821651515306
840,"46","022","BELTSVILLE",0,10,30,1,1,2278,"beltsville",46022,"BELTSVILLE",40728.6,40728.6,40728.6,1998,1998,1654,"beltsville",1,9.85135333719988
840,"46","023","LARGO",0,4,30,1,1,2279,"largo",46023,"LARGO",37962.512,37962.51,37962.51,2001,2001,1655,"largo",1,0.0951303355655274
840,"46","024","CHELTENHAM",0,4,30,1,1,2280,"cheltenham",46024,"CHELTENHAM",38572.9,38572.9,38572.9,1998,1998,1656,"cheltenham",1,0.953522762516929
840,"46","025","BROOMES ISL",0,4,30,1,1,2281,"broomes isl",46025,"BROOMES ISL",38402.5,38402.5,38402.5,1998,1998,1657,"broomes isl",1,12.5663263627165
840,"46","026","PT REPUBLIC",0,4,30,1,1,2282,"pt republic",46026,"PT REPUBLIC",39180.23,39180.23,39180.23,2001,2001,1658,"pt republic",1,0.938111625706598
840,"46","027","TALL TIMBERS",0,4,30,1,1,2283,"tall timbers",46027,"TALL TIMBERS",45811,45811,45811,1998,1998,1659,"tall timbers",1,0.0514749698468873
840,"46","028","LA PLATA",0,4,30,1,1,2284,"la plata",46028,"LA PLATA",41927.3,41927.3,41927.3,1998,1998,1660,"la plata",1,16.1297570905654
840,"46","029","HUGHESVILLE",1,4,30,1,1,2285,"hughesville",46029,"HUGHESVILLE",51972.6,51972.6,51972.6,1998,1998,1661,"hughesville",1,0.0415635345982804
840,"46","030","POMONKEY",1,4,30,1,1,2286,"pomonkey",46030,"POMONKEY",40222.4,40222.4,40222.4,1998,1998,1662,"pomonkey",1,0.218146286586447
840,"46","031","POMFRET",1,4,30,1,1,2287,"pomfret",46031,"POMFRET",37249.6,37249.6,37249.6,1998,1998,1663,"pomfret",1,28.6751488149989
840,"46","032","THEODORE",1,10,29,1,1,2288,"theodore",46032,"THEODORE",39214.1,39214.1,39214.1,1998,1998,1664,"theodore",1,334.387153778043
840,"46","033","NORTHEAST",1,10,30,1,1,2289,"northeast",46033,"NORTHEAST",40355.6,40355.6,40355.6,1998,1998,1665,"northeast",1,11.1359125144294
840,"46","034","ELKTON",1,4,30,1,1,2290,"elkton",46034,"ELKTON",44805.7,44805.7,44805.7,1998,1998,1666,"elkton",1,18.3625253030134
840,"46","035","MILLINGTON",1,4,30,1,1,2291,"millington",46035,"MILLINGTON",38995.1,38995.1,38995.1,1998,1998,1667,"millington",1,373.785254718774
840,"46","036","MELITOTA",1,4,30,1,1,2292,"melitota",46036,"MELITOTA",39143.5,39143.5,39143.5,1998,1998,1668,"melitota",1,312.449747591854
840,"46","037","PINEY NECK",1,4,30,1,1,2293,"piney neck",46037,"PINEY NECK",41503.5,41503.5,41503.5,1998,1998,1669,"piney neck",1,9.41028564434705
840,"46","038","HARMONY",1,4,30,1,1,2294,"harmony",46038,"HARMONY",39218.4,39218.4,39218.4,1998,1998,1670,"harmony",1,17.3169751354778
840,"46","039","MATTHEWS",1,4,30,1,1,2295,"matthews",46039,"MATTHEWS",41151.6,41151.6,41151.6,1998,1998,1671,"matthews",1,1.10348909431336
840,"46","040","EASTON",1,4,30,1,1,2296,"easton",46040,"EASTON",41575.2,41575.2,41575.2,1998,1998,1672,"easton",1,9.77213990096932
840,"46","041","GOLDEN HILL",1,4,30,1,1,2297,"golden hill",46041,"GOLDEN HILL",41420.7,41420.7,41420.7,1998,1998,1673,"golden hill",1,3.85692087191415
840,"46","042","HONGA",1,4,30,1,1,2298,"honga",46042,"HONGA",37508.1,37508.1,37508.1,1998,1998,1674,"honga",1,23.9787077732877
840,"46","043","MADISON",1,4,30,1,1,2299,"madison",46043,"MADISON",43641.3,43641.3,43641.3,1998,1998,1675,"madison",1,18.9222934910031
840,"46","044","VIENNA",1,4,30,1,1,2300,"vienna",46044,"VIENNA",39785.8,39785.8,39785.8,1998,1998,1676,"vienna",1,265.886864407161
840,"46","045","FRUITLAND",0,4,30,1,1,2301,"fruitland",46045,"FRUITLAND",38694.9,38694.9,38694.9,1998,1998,1677,"fruitland",1,0.973710368669317
840,"46","046","MARDELA",1,4,30,1,1,2302,"mardela",46046,"MARDELA",38799.8,38799.8,38799.8,1998,1998,1678,"mardela",1,5.17791857128337
840,"46","047","COKESBURY",1,4,30,1,1,2303,"cokesbury",46047,"COKESBURY",39149.9,39149.9,39149.9,1998,1998,1679,"cokesbury",1,58.1698124288979
840,"46","048","NEWARK",1,4,30,1,1,2304,"newark",46048,"NEWARK",37468,37468,37468,1998,1998,1680,"newark",1,146.000083264342
840,"46","049","SINEPUXENT",0,4,30,1,1,2305,"sinepuxent",46049,"SINEPUXENT",39755.684,39755.68,39755.68,2001,2001,1681,"sinepuxent",1,1.16787980363223
840,"46","050","SNOW HILL",0,4,30,1,1,2306,"snow hill",46050,"SNOW HILL",39181.777,39181.78,39181.78,2001,2001,1682,"snow hill",1,25.1309683905463
840,"46","051","JENNINGS",1,24,28,1,1,2307,"jennings",46051,"JENNINGS",39179.9,39179.9,39179.9,1998,1998,1683,"jennings",1,80.0450593832542
840,"46","052","STEYER",1,24,28,1,1,2308,"steyer",46052,"STEYER",40939.3,40939.3,40939.3,1998,1998,1684,"steyer",1,0.232663961860135
840,"46","053","FINZEL",1,24,28,1,1,2309,"finzel",46053,"FINZEL",39338.2,39338.2,39338.2,1998,1998,1685,"finzel",1,3.89601017280011
840,"46","054","GREEN RIDGE",1,13,28,1,1,2310,"green ridge",46054,"GREEN RIDGE",38426.3,38426.3,38426.3,1998,1998,1686,"green ridge",1,5.70772409030778
840,"46","055","PINEY GROVE",1,13,28,1,1,2311,"piney grove",46055,"PINEY GROVE",38561.4,38561.4,38561.4,1998,1998,1687,"piney grove",1,36.4411267721123
840,"46","102","ACCIDENT",0,24,28,1,1,2316,"accident",46102,"ACCIDENT",38279.4,38279.4,38279.4,1998,1998,1688,"accident",1,41.7325917485108
840,"46","110","WHEATON",1,10,29,1,1,2317,"wheaton",46110,"WHEATON",42384.6,42384.6,42384.6,1998,1998,1689,"wheaton",1,25.8810400961805
840,"46","112","IJAMSVILLE",1,10,29,1,1,2318,"ijamsville",46112,"IJAMSVILLE",45679.7,45679.7,45679.7,1998,1998,1690,"ijamsville",1,11.6525786665106
840,"46","121","SEVERNA PARK",0,4,30,1,1,2319,"severna park",46121,"SEVERNA PARK",39383.6,39383.6,39383.6,1998,1998,1691,"severna park",1,6.54987075089255
840,"46","123","DAVIDSNVILLE",1,4,30,1,1,2320,"davidsnville",46123,"DAVIDSNVILLE",39154.1,39154.1,39154.1,1998,1998,1692,"davidsnville",1,21.0428160749395
840,"46","124","NOTTINGHAM",1,4,30,1,1,2321,"nottingham",46124,"NOTTINGHAM",39534.648,39534.64,39534.64,2011,2011,1693,"nottingham",1,1.60760912915096
840,"46","125","ISLAND CREEK",1,4,30,1,1,2322,"island creek",46125,"ISLAND CREEK",40459.1,40459.1,40459.1,1998,1998,1694,"island creek",1,0.0844650276067176
840,"46","126","PR FREDERICK",1,4,30,1,1,2323,"pr frederick",46126,"PR FREDERICK",44700.2,44700.2,44700.2,1998,1998,1695,"pr frederick",1,12.590618961137
840,"46","145","WALNUT",1,4,30,1,1,2324,"walnut",46145,"WALNUT",38451.859,38451.86,38451.86,2001,2001,1697,"walnut",1,173.636539380055
840,"46","149","BERLIN",1,4,30,1,1,2325,"berlin",46149,"BERLIN",40241.8,40241.8,40241.8,1998,1998,1698,"berlin",1,24.1633073099058
840,"46","150","INDIANTOWN",0,4,30,1,1,2326,"indiantown",46150,"INDIANTOWN",39422.5,39422.5,39422.5,1998,1998,1699,"indiantown",1,26.9846607990512
840,"46","151","MADONNA",1,10,29,1,1,2327,"madonna",46151,"MADONNA",45084.654,45084.64,45084.64,2011,2011,1700,"madonna",1,1.96764148633328
840,"46","202","ACCIDENT 2",1,24,28,1,1,2329,"accident 2",46102,"ACCIDENT",38279.4,38279.4,38279.4,1998,1998,1688,"accident",0.933333333333333,41.7325917485108
840,"46","900","GROVE NECK",0,4,30,1,2,2330,"grove neck",46900,"GROVE NECK",40211.8,40211.8,40211.8,1998,1998,1701,"grove neck",1,7.11851965318984
840,"46","901","BALD FRIAR",0,10,29,1,2,2331,"bald friar",46901,"BALD FRIAR",38753.3,38753.3,38753.3,1998,1998,1702,"bald friar",1,28.2781085280078
840,"46","902","FAIR HILL",0,4,30,1,2,2332,"fair hill",46902,"FAIR HILL",39752.7,39752.7,39752.7,1998,1998,1703,"fair hill",1,1.33245019735407
840,"47","001","E DENNIS",1,9,30,1,1,2334,"e dennis",47001,"E DENNIS",39521.2,39521.2,39521.2,1998,1998,1704,"e dennis",1,92.7584019267595
840,"47","002","CHILMARK",0,9,30,1,1,2335,"chilmark",47002,"CHILMARK",40325.16,40325.16,40325.16,2001,2001,1705,"chilmark",1,577.471081353634
840,"47","004","WELLFLEET",0,9,30,1,1,2337,"wellfleet",47004,"WELLFLEET",37729,37729,37729,1998,1998,1707,"wellfleet",1,0.746303699586105
840,"47","005","PRATTVILLE",1,12,30,1,1,2338,"prattville",47005,"PRATTVILLE",37298.4,37298.4,37298.4,1998,1998,1708,"prattville",1,1.27714752534461
840,"47","006","BROCKTON",1,12,30,1,1,2339,"brockton",47006,"BROCKTON",38069.9,38069.9,38069.9,1998,1998,1709,"brockton",1,15.3710470183862
840,"47","007","NEWBURYPORT",1,12,30,1,1,2340,"newburyport",47007,"NEWBURYPORT",40496.5,40496.5,40496.5,1998,1998,1710,"newburyport",1,51.418560094082
840,"47","008","MAYNARD",1,12,30,1,1,2341,"maynard",47008,"MAYNARD",38987.4,38987.4,38987.4,1998,1998,1711,"maynard",1,282.351933265875
840,"47","009","LITTLETON",1,12,30,1,1,2342,"littleton",47009,"LITTLETON",40078.9,40078.9,40078.9,1998,1998,1712,"littleton",1,311.701724218038
840,"47","010","N OXFORD",1,12,30,1,1,2343,"n oxford",47010,"N OXFORD",40821.9,40821.9,40821.9,1998,1998,1713,"n oxford",1,42.4602582550585
840,"47","011","MANSFIELD",1,12,30,1,1,2344,"mansfield",47011,"MANSFIELD",42049.1,42049.1,42049.1,1998,1998,1714,"mansfield",1,135.136955206813
840,"47","012","PRINCETON",0,27,30,1,1,2345,"princeton",47012,"PRINCETON",36415.23,36415.23,36415.23,2001,2001,1715,"princeton",1,0.185432282501859
840,"47","013","E PEPPERELL",0,12,30,1,1,2346,"e pepperell",47013,"E PEPPERELL",38513.008,38513.01,38513.01,2001,2001,1716,"e pepperell",1,1.21997371155178
840,"47","014","BELCHERTOWN",1,12,30,1,1,2347,"belchertown",47014,"BELCHERTOWN",40747.1,40747.1,40747.1,1998,1998,1717,"belchertown",1,203.174267806101
840,"47","015","WARREN",0,12,30,1,1,2348,"warren",47015,"WARREN",38540.2,38540.2,38540.2,1998,1998,1718,"warren",1,36.2544813215771
840,"47","016","S BARRE",1,12,30,1,1,2349,"s barre",47016,"S BARRE",39618.7,39618.7,39618.7,1998,1998,1719,"s barre",1,0.810781828462001
840,"47","017","N ORANGE",1,27,14,1,1,2350,"n orange",47017,"N ORANGE",40459.4,40459.4,40459.4,1998,1998,1720,"n orange",1,90.0048490898692
840,"47","018","CUMMINGTON",0,27,14,1,1,2351,"cummington",47018,"CUMMINGTON",44304.7,44304.7,44304.7,1998,1998,1721,"cummington",1,46.8082469555261
840,"47","019","CHESTERFIELD",1,27,14,1,1,2352,"chesterfield",47019,"CHESTERFIELD",38513.1,38513.1,38513.1,1998,1998,1722,"chesterfield",1,1.26110125305749
840,"47","020","CHESHIRE",0,27,14,1,1,2353,"cheshire",47020,"CHESHIRE",36070.981,36070.99,36070.99,2001,2001,1723,"cheshire",1,0.224855220062359
840,"47","021","PITTSFIELD",1,27,14,1,1,2354,"pittsfield",47021,"PITTSFIELD",42287,42287,42287,1998,1998,1724,"pittsfield",1,7.60751547183096
840,"47","102","GAY HEAD",1,9,30,1,1,2357,"gay head",47102,"GAY HEAD",38777.8,38777.8,38777.8,1998,1998,1726,"gay head",1,1.31512356046479
840,"47","104","WELLFLEET 2",1,9,30,1,1,2358,"wellfleet 2",47004,"WELLFLEET",37729,37729,37729,1998,1998,1707,"wellfleet",0.939393939393939,0.776257908617298
840,"47","113","N. ANDOVER",1,12,30,1,1,2360,"n andover",47113,"N. ANDOVER",41416,41416,41416,1998,1998,1728,"n andover",1,89.6530706577818
840,"47","115","Warren 2",1,12,30,1,1,2361,"warren 2",47115,"WARREN 2",38835.994,38835.99,38835.99,2011,2011,1729,"warren 2",1,22.9801404625493
840,"47","118","CUMMINGTON 2",1,27,14,1,1,2362,"cummington 2",47018,"CUMMINGTON",44304.7,44304.7,44304.7,1998,1998,1721,"cummington",0.944444444444444,53.5316495022307
840,"47","120","HANCOCK",0,27,14,1,1,2363,"hancock",47120,"HANCOCK",38796.9,38796.9,38796.9,1998,1998,1730,"hancock",1,12.8544654081028
840,"47","900","WARE RIVER",1,27,30,1,2,2364,"ware river",47900,"WARE RIVER",40839.9,40839.9,40839.9,1998,1998,1731,"ware river",1,7.68824416866317
840,"47","901","CAPE COD NS",0,9,30,1,2,2365,"cape cod ns",47901,"CAPE COD NS",39954.9,39954.9,39954.9,1998,1998,1732,"cape cod ns",1,355.948186100383
840,"49","001","ONTONAGON",1,28,12,1,1,2366,"ontonagon",49001,"ONTONAGON",38981.2,38981.2,38981.2,1998,1998,1733,"ontonagon",1,18.502064570677
840,"49","002","BERGLAND",1,28,12,1,1,2367,"bergland",49002,"BERGLAND",42451.2,42451.2,42451.2,1998,1998,1734,"bergland",1,20.9793334318
840,"49","004","BOOTJACK",1,28,12,1,1,2369,"bootjack",49004,"BOOTJACK",42852.3,42852.3,42852.3,1998,1998,1736,"bootjack",1,1.02068672734861
840,"49","005","NED LAKE",1,28,12,1,1,2370,"ned lake",49005,"NED LAKE",39870.6,39870.6,39870.6,1998,1998,1737,"ned lake",1,7.0152607273065
840,"49","006","HERMAN",1,28,12,1,1,2371,"herman",49006,"HERMAN",44062.2,44062.2,44062.2,1998,1998,1738,"herman",1,59.5102757085988
840,"49","007","CRYSTAL FLS",1,28,12,1,1,2372,"crystal fls",49007,"CRYSTAL FLS",42933.9,42933.9,42933.9,1998,1998,1739,"crystal fls",1,35.6904827459112
840,"49","008","GIBBS CITY",1,28,12,1,1,2373,"gibbs city",49008,"GIBBS CITY",45302.1,45302.1,45302.1,1998,1998,1740,"gibbs city",1,0.802548866122235
840,"49","009","MAPLE GROVE",1,28,12,1,1,2374,"maple grove",49009,"MAPLE GROVE",41483.7,41483.7,41483.7,1998,1998,1741,"maple grove",1,0.900591783967882
840,"49","010","ISHPEMING",1,28,12,1,1,2375,"ishpeming",49010,"ISHPEMING",42417,42417,42417,1998,1998,1742,"ishpeming",1,0.9912543498784
840,"49","011","BROCKY LAKE",1,28,12,1,1,2376,"brocky lake",49011,"BROCKY LAKE",40209.4,40209.4,40209.4,1998,1998,1743,"brocky lake",1,26.9391476030749
840,"49","012","WILSON",1,28,12,1,1,2377,"wilson",49012,"WILSON",39052.6,39052.6,39052.6,1998,1998,1744,"wilson",1,0.976359321365082
840,"49","013","CUNARD",1,28,12,1,1,2378,"cunard",49013,"CUNARD",47450.2,47450.2,47450.2,1998,1998,1745,"cunard",1,0.342163641745795
840,"49","014","SHINGLETON",1,28,12,1,1,2379,"shingleton",49014,"SHINGLETON",39847.4,39847.4,39847.4,1998,1998,1746,"shingleton",1,0.142985734948552
840,"49","015","CREIGHTON",1,28,12,1,1,2380,"creighton",49015,"CREIGHTON",37590,37590,37590,1998,1998,1747,"creighton",1,1.32032974196151
840,"49","016","ISABELLA",0,28,12,1,1,2381,"isabella",49016,"ISABELLA",38168.6,38168.6,38168.6,1998,1998,1748,"isabella",1,0.865981789342535
840,"49","017","BEAR LAKE",1,20,12,1,1,2382,"bear lake",49017,"BEAR LAKE",39271.4,39271.4,39271.4,1998,1998,1749,"bear lake",1,16.0098653005694
840,"49","018","SCOTTVILLE",1,20,23,1,1,2383,"scottville",49018,"SCOTTVILLE",39072.2,39072.2,39072.2,1998,1998,1750,"scottville",1,0.204809955693942
840,"49","019","BIG BLUE LK",1,20,23,1,1,2384,"big blue lk",49019,"BIG BLUE LK",41414.1,41414.1,41414.1,1998,1998,1751,"big blue lk",1,0.383638952911712
840,"49","020","LAWRENCE",1,16,23,1,1,2385,"lawrence",49020,"LAWRENCE",39348.6,39348.6,39348.6,1998,1998,1752,"lawrence",1,1.17735726665472
840,"49","021","BRAVO",1,20,23,1,1,2386,"bravo",49021,"BRAVO",39584.3,39584.3,39584.3,1998,1998,1753,"bravo",1,1.76497182333824
840,"49","022","NEW TROY",1,16,23,1,1,2387,"new troy",49022,"NEW TROY",38404.8,38404.8,38404.8,1998,1998,1754,"new troy",1,0.96731079336818
840,"49","023","MUSKALLONGE",1,28,12,1,1,2388,"muskallonge",49023,"MUSKALLONGE",39828.6,39828.6,39828.6,1998,1998,1755,"muskallonge",1,20.381183149346
840,"49","024","TAHQUAMENON",1,28,12,1,1,2389,"tahquamenon",49024,"TAHQUAMENON",41057.9,41057.9,41057.9,1998,1998,1756,"tahquamenon",1,0.889765216036588
840,"49","025","GILCHRIST",1,28,12,1,1,2390,"gilchrist",49025,"GILCHRIST",41274.5,41274.5,41274.5,1998,1998,1757,"gilchrist",1,27.8638552674226
840,"49","026","PLEASANT VAL",0,20,12,1,1,2391,"pleasant val",49026,"PLEASANT VAL",43653,43653,43653,1998,1998,1758,"pleasant val",1,0.950396867959756
840,"49","027","LAKE CITY",1,20,12,1,1,2392,"lake city",49027,"LAKE CITY",39306.3,39306.3,39306.3,1998,1998,1759,"lake city",1,13.4931130993106
840,"49","028","IRONS",0,20,12,1,1,2393,"irons",49028,"IRONS",36751.262,36751.26,36751.26,2001,2001,1760,"irons",1,0.941998292436612
840,"49","029","SKEGEMOG PT",1,20,12,1,1,2394,"skegemog pt",49029,"SKEGEMOG PT",44660.8,44660.8,44660.8,1998,1998,1761,"skegemog pt",1,4.64311984432841
840,"49","030","TRAVERSE CTY",0,20,12,1,1,2395,"traverse cty",49030,"TRAVERSE CTY",45462.828,45462.83,45462.83,2001,2001,1762,"traverse cty",1,5.44637392918539
840,"49","031","BIG RAPIDS",0,20,23,1,1,2396,"big rapids",49031,"BIG RAPIDS",41039.148,41039.15,41039.15,2001,2001,1763,"big rapids",1,20.7606988725506
840,"49","032","NASHVILLE",1,16,23,1,1,2397,"nashville",49032,"NASHVILLE",39776.3,39776.3,39776.3,1998,1998,1764,"nashville",1,8.32018481178191
840,"49","033","COOPERSVILLE",1,16,23,1,1,2398,"coopersville",49033,"COOPERSVILLE",41174.8,41174.8,41174.8,1998,1998,1765,"coopersville",1,1.13572330216964
840,"49","034","BELDING",0,16,23,1,1,2399,"belding",49034,"BELDING",40476.9,40476.9,40476.9,1998,1998,1766,"belding",1,1.21465384187467
840,"49","035","GALESBURG",1,16,23,1,1,2400,"galesburg",49035,"GALESBURG",40902.1,40902.1,40902.1,1998,1998,1767,"galesburg",1,9.89109581870028
840,"49","036","HOWARDSVILLE",1,16,23,1,1,2401,"howardsville",49036,"HOWARDSVILLE",42037.5,42037.5,42037.5,1998,1998,1768,"howardsville",1,0.885796430091297
840,"49","037","MONTEREY",1,20,23,1,1,2402,"monterey",49037,"MONTEREY",40828.4,40828.4,40828.4,1998,1998,1769,"monterey",1,1.11339134106491
840,"49","038","REMUS",1,20,23,1,1,2403,"remus",49038,"REMUS",41921.8,41921.8,41921.8,1998,1998,1770,"remus",1,0.914938152100855
840,"49","039","MOTTVILLE",1,16,23,1,1,2404,"mottville",49039,"MOTTVILLE",38863.5,38863.5,38863.5,1998,1998,1771,"mottville",1,2.40253263582692
840,"49","040","RACO",1,28,12,1,1,2405,"raco",49040,"RACO",42111.2,42111.2,42111.2,1998,1998,1772,"raco",1,48.7908655913331
840,"49","041","PICKFORD",1,28,12,1,1,2406,"pickford",49041,"PICKFORD",39760.6,39760.6,39760.6,1998,1998,1773,"pickford",1,1.09106710623695
840,"49","042","RIGGSVILLE",1,28,12,1,1,2407,"riggsville",49042,"RIGGSVILLE",36744.6,36744.6,36744.6,1998,1998,1774,"riggsville",1,1.2939613583035
840,"49","043","WALLOON LAKE",0,20,12,1,1,2408,"walloon lake",49043,"WALLOON LAKE",43674.8,43674.8,43674.8,1998,1998,1775,"walloon lake",1,0.794049797678906
840,"49","044","BRUSH CREEK",1,28,12,1,1,2409,"brush creek",49044,"BRUSH CREEK",40267.3,40267.3,40267.3,1998,1998,1776,"brush creek",1,0.826597657625878
840,"49","045","SKEELS",1,20,12,1,1,2410,"skeels",49045,"SKEELS",39308.2,39308.2,39308.2,1998,1998,1777,"skeels",1,214.720611401226
840,"49","046","FREDERIC",0,20,12,1,1,2411,"frederic",49046,"FREDERIC",39824.3,39824.3,39824.3,1998,1998,1778,"frederic",1,50.9906253002564
840,"49","047","RED OAK",1,20,12,1,1,2412,"red oak",49047,"RED OAK",41213.5,41213.5,41213.5,1998,1998,1779,"red oak",1,9.69973386401054
840,"49","048","OBERLIN",1,20,12,1,1,2413,"oberlin",49048,"OBERLIN",38186.6,38186.6,38186.6,1998,1998,1780,"oberlin",1,0.95514646978326
840,"49","049","ST CHARLES",1,16,23,1,1,2414,"st charles",49049,"ST CHARLES",40235.3,40235.3,40235.3,1998,1998,1781,"st charles",1,6.36105094276049
840,"49","050","NO BRADLEY",1,20,23,1,1,2415,"no bradley",49050,"NO BRADLEY",39413.5,39413.5,39413.5,1998,1998,1782,"no bradley",1,8.80382686292176
840,"49","051","OLA",1,16,23,1,1,2416,"ola",49051,"OLA",42026.8,42026.8,42026.8,1998,1998,1783,"ola",1,1.03705276217756
840,"49","052","MAPLE RAPIDS",1,16,23,1,1,2417,"maple rapids",49052,"MAPLE RAPIDS",41218.2,41218.2,41218.2,1998,1998,1784,"maple rapids",1,1.01940227529978
840,"49","053","BELL OAK",0,16,23,1,1,2418,"bell oak",49053,"BELL OAK",39487.2,39487.2,39487.2,1998,1998,1785,"bell oak",1,0.382750904346606
840,"49","054","HOLT",1,16,23,1,1,2419,"holt",49054,"HOLT",44086.8,44086.8,44086.8,1998,1998,1786,"holt",1,1.22974912022848
840,"49","055","HOMER",1,16,23,1,1,2420,"homer",49055,"HOMER",41384.3,41384.3,41384.3,1998,1998,1787,"homer",1,2.53731088495697
840,"49","056","FOWLERVILLE",1,16,23,1,1,2421,"fowlerville",49056,"FOWLERVILLE",40754.7,40754.7,40754.7,1998,1998,1788,"fowlerville",1,1.18356329934288
840,"49","058","PRATTVILLE",1,16,23,1,1,2423,"prattville",49058,"PRATTVILLE",41623.7,41623.7,41623.7,1998,1998,1790,"prattville",1,1.80256964516557
840,"49","059","CATHRO",1,20,12,1,1,2424,"cathro",49059,"CATHRO",39840.1,39840.1,39840.1,1998,1998,1791,"cathro",1,1.39650889633339
840,"49","060","BEAVER LAKE",1,20,12,1,1,2425,"beaver lake",49060,"BEAVER LAKE",40775.8,40775.8,40775.8,1998,1998,1792,"beaver lake",1,1.14404417265083
840,"49","061","SAND LAKE",1,20,12,1,1,2426,"sand lake",49061,"SAND LAKE",36556.5,36556.5,36556.5,1998,1998,1793,"sand lake",1,11.9623057943322
840,"49","062","HUBBARD LAKE",0,20,12,1,1,2427,"hubbard lake",49062,"HUBBARD LAKE",39878.738,39878.74,39878.74,2001,2001,1794,"hubbard lake",1,49.2507736444226
840,"49","063","JUNIATA",1,16,23,1,1,2428,"juniata",49063,"JUNIATA",40523.7,40523.7,40523.7,1998,1998,1795,"juniata",1,0.804301664209634
840,"49","064","OWENDALE",1,16,23,1,1,2429,"owendale",49064,"OWENDALE",39436,39436,39436,1998,1998,1796,"owendale",1,148.643956808221
840,"49","065","NORTH BRANCH",0,16,23,1,1,2430,"north branch",49065,"NORTH BRANCH",39457.6,39457.6,39457.6,1998,1998,1797,"north branch",1,0.530621661332706
840,"49","066","S LYONS",0,16,23,1,1,2431,"s lyons",49066,"S LYONS",39922.094,39922.09,39922.09,2001,2001,1798,"s lyons",1,79.4600744317436
840,"49","067","PETTYSVILLE",0,16,23,1,1,2432,"pettysville",49067,"PETTYSVILLE",39523.953,39523.95,39523.95,2001,2001,1799,"pettysville",1,0.0347075834163771
840,"49","068","DRAYTON PLNS",0,16,23,1,1,2433,"drayton plns",49068,"DRAYTON PLNS",52489.063,52489.06,52489.06,2001,2001,1800,"drayton plns",1,0.937316225088833
840,"49","069","HAMTRAMCK",0,16,23,1,1,2434,"hamtramck",49069,"HAMTRAMCK",36223.105,36223.1,36223.1,2001,2001,1801,"hamtramck",1,0.274676048383807
840,"49","070","DECKERVILLE",1,16,23,1,1,2435,"deckerville",49070,"DECKERVILLE",39567.2,39567.2,39567.2,1998,1998,1802,"deckerville",1,8.83429761237245
840,"49","071","TYRE",1,16,23,1,1,2436,"tyre",49071,"TYRE",39680.5,39680.5,39680.5,1998,1998,1803,"tyre",1,0.323144098045613
840,"49","072","ADAIR",0,16,23,1,1,2437,"adair",49072,"ADAIR",40917.3,40917.3,40917.3,1998,1998,1804,"adair",1,0.873116532439803
840,"49","073","WALDENBURG",1,16,23,1,1,2438,"waldenburg",49073,"WALDENBURG",41157.8,41157.8,41157.8,1998,1998,1805,"waldenburg",1,0.865575810122373
840,"49","116","ISABELLA 2",1,28,12,1,1,2440,"isabella 2",49016,"ISABELLA",38168.6,38168.6,38168.6,1998,1998,1748,"isabella",0.933333333333333,10.5937907151016
840,"49","126","PLEASANT VALLEY 2",1,20,12,1,1,2441,"pleasant valley 2",49126,"PLEASANT VALLEY 2",43841.521,43841.51,43841.51,2011,2011,1806,"pleasant valley 2",1,58.2381836310765
840,"49","128","HARRIETTA",1,20,12,1,1,2442,"harrietta",49128,"HARRIETTA",39680.8,39680.8,39680.8,1998,1998,1807,"harrietta",1,1.20594640386143
840,"49","130","CEDAR RUN",0,20,12,1,1,2443,"cedar run",49130,"CEDAR RUN",51770.3,51770.3,51770.3,1998,1998,1808,"cedar run",1,0.544321877205699
840,"49","131","HUNGERFORD",1,20,23,1,1,2444,"hungerford",49131,"HUNGERFORD",43886.5,43886.5,43886.5,1998,1998,1809,"hungerford",1,0.394615435149636
840,"49","134","BELDING 2",1,16,23,1,1,2445,"belding 2",49134,"BELDING 2",39952.679,39952.67,39952.67,2011,2011,1810,"belding 2",1,1.57618550251332
840,"49","143","WALLOON LAKE 2",1,20,12,1,1,2446,"walloon lake 2",49143,"WALLOON LAKE 2",41462.369,41462.36,41462.36,2011,2011,1811,"walloon lake 2",1,7.5249782578858
840,"49","146","FREDERIC 2",1,20,12,1,1,2447,"frederic 2",49146,"FREDERIC 2",42876.781,42876.77,42876.77,2011,2011,1812,"frederic 2",1,6.94032261911614
840,"49","153","BELL OAK 2",1,16,23,1,1,2448,"bell oak 2",49053,"BELL OAK",39487.2,39487.2,39487.2,1998,1998,1785,"bell oak",0.933333333333333,0.382750904346606
840,"49","162","HERRON",1,20,12,1,1,2449,"herron",49162,"HERRON",46189.2,46189.2,46189.2,1998,1998,1813,"herron",1,1.17745041073131
840,"49","165","LAPEER",1,16,23,1,1,2450,"lapeer",49165,"LAPEER",49810.258,49810.26,49810.26,2001,2001,1814,"lapeer",1,15.8878000960904
840,"49","166","ROCHESTER",1,16,23,1,1,2451,"rochester",49166,"ROCHESTER",46048.2,46048.2,46048.2,1998,1998,1815,"rochester",1,1.20848646328334
840,"49","167","HAMBURG",0,16,23,1,1,2452,"hamburg",49167,"HAMBURG",39424.8,39424.8,39424.8,1998,1998,1816,"hamburg",1,1.2336244525779
840,"49","168","HARTLAND",0,16,23,1,1,2453,"hartland",49168,"HARTLAND",44545.4,44545.4,44545.4,1998,1998,1817,"hartland",1,14.1189151206566
840,"49","172","RICHMOND",1,16,23,1,1,2454,"richmond",49172,"RICHMOND",41976.165,41976.17,41976.17,2001,2001,1818,"richmond",1,0.749002059862381
840,"49","230","MAYFIELD",1,20,12,1,1,2455,"mayfield",49230,"MAYFIELD",49317.871,49317.87,49317.87,2001,2001,1819,"mayfield",1,1.55570937617953
840,"49","267","HAMBURG 2",1,16,23,1,1,2456,"hamburg 2",49267,"HAMBURG 2",46045.024,46045.02,46045.02,2011,2011,1820,"hamburg 2",1,4.01855295177623
840,"49","900","CHIPPEWA LK.",1,20,23,1,2,2457,"chippewa lk",49900,"CHIPPEWA LK.",43238.1,43238.1,43238.1,1998,1998,1821,"chippewa lk",1,1.04840047497193
840,"49","901","IMP LAKE",0,28,12,1,2,2458,"imp lake",49901,"IMP LAKE",39622,39622,39622,1998,1998,1822,"imp lake",1,0.994865580488817
840,"49","902","PINE RIVER",0,28,12,1,2,2459,"pine river",49902,"PINE RIVER",39678.7,39678.7,39678.7,1998,1998,1823,"pine river",1,18.5546490961474
840,"49","903","HIAWATHA NF",1,28,12,1,2,2460,"hiawatha nf",49903,"HIAWATHA NF",40223.5,40223.5,40223.5,1998,1998,1824,"hiawatha nf",1,15.3772131875725
840,"49","904","BETCHLER LKS",1,28,12,1,2,2461,"betchler lks",49904,"BETCHLER LKS",39504,39504,39504,1998,1998,1825,"betchler lks",1,198.011094063903
840,"49","905","NEW BUFFALO",0,16,23,1,2,2462,"new buffalo",49905,"NEW BUFFALO",38112.5,38112.5,38112.5,1998,1998,1826,"new buffalo",1,0.716054983556344
840,"49","906","SENEY NWR",1,28,12,1,2,2463,"seney nwr",49906,"SENEY NWR",40761.6,40761.6,40761.6,1998,1998,1827,"seney nwr",1,0.952124114866281
840,"49","907","ALLEGAN WMA",0,20,23,1,2,2464,"allegan wma",49907,"ALLEGAN WMA",39556.4,39556.4,39556.4,1998,1998,1828,"allegan wma",1,0.574663939193188
840,"49","908","SIDNAW",1,28,12,1,2,2465,"sidnaw",49908,"SIDNAW",39680.6,39680.6,39680.6,1998,1998,1829,"sidnaw",1,1.12220814938573
840,"49","909","ALMENA",0,16,23,1,2,2466,"almena",49909,"ALMENA",41865.5,41865.5,41865.5,1998,1998,1830,"almena",1,0.329531083401127
840,"49","910","BARRY S.G.A.",0,16,23,1,2,2467,"barry s g a",49910,"BARRY S.G.A.",35519.1,35519.1,35519.1,1998,1998,1831,"barry s g a",1,0.935954151568338
840,"49","911","SCOTT'S MARSH",0,28,12,1,2,2468,"scott s marsh",49911,"SCOTT'S MARSH",35089.262,35089.26,35089.26,2011,2011,1832,"scott s marsh",1,13.4970595432686
840,"49","912","CLUSTER LAKES",0,28,12,1,2,2469,"cluster lakes",49912,"CLUSTER LAKES",38475.27,38475.26,38475.26,2011,2011,1833,"cluster lakes",1,10.4127234853513
840,"49","913","ENSIGN",0,28,12,1,2,2470,"ensign",49913,"ENSIGN",39318.999,39318.99,39318.99,2011,2011,1834,"ensign",1,8.48956784897907
840,"49","914","Big Island Lake",0,20,12,1,2,2471,"big island lake",49914,"BIG ISLAND LAKE",39861.075,39861.07,39861.07,2011,2011,1835,"big island lake",1,17.0602237355583
840,"49","915","Gooseneck",0,20,12,1,2,2472,"gooseneck",49915,"GOOSENECK",39530.824,39530.82,39530.82,2011,2011,1836,"gooseneck",1,2.6425500963218
840,"49","916","BARRY S.G.A. 2",0,16,23,1,2,2473,"barry s g a 2",49910,"BARRY S.G.A.",35519.1,35519.1,35519.1,1998,1998,1831,"barry s g a",0.948717948717949,0.935954151568338
840,"50","001","MONEY CREEK",1,17,23,1,1,2474,"money creek",50001,"MONEY CREEK",39953.1,39953.1,39953.1,1998,1998,1837,"money creek",1,52.5807464388992
840,"50","002","CHATFIELD",0,17,23,1,1,2475,"chatfield",50102,"CHATFIELD II",43551.081,43551.07,43551.07,2011,2011,1919,"chatfield ii",0.916666666666667,4.78474105564739
840,"50","003","HARTLAND",1,40,11,1,1,2476,"hartland",50003,"HARTLAND",39163.3,39163.3,39163.3,1998,1998,1839,"hartland",1,0.367606245626801
840,"50","004","HUNTLEY",1,40,11,1,1,2477,"huntley",50004,"HUNTLEY",41262,41262,41262,1998,1998,1840,"huntley",1,15.697737912983
840,"50","005","CHANDLER",1,40,11,1,1,2478,"chandler",50005,"CHANDLER",39509.9,39509.9,39509.9,1998,1998,1841,"chandler",1,0.520069623209641
840,"50","006","ASH CREEK",1,40,22,1,1,2479,"ash creek",50006,"ASH CREEK",39216.924,39216.92,39216.92,2011,2011,1842,"ash creek",1,36.2559659779936
840,"50","007","MILLVILLE",1,17,23,1,1,2480,"millville",50007,"MILLVILLE",40276,40276,40276,1998,1998,1843,"millville",1,38.7305455569301
840,"50","008","LAKEVILLE",1,32,22,1,1,2481,"lakeville",50008,"LAKEVILLE",39699.3,39699.3,39699.3,1998,1998,1844,"lakeville",1,12.4866007625701
840,"50","009","MINNETONKA",1,40,23,1,1,2482,"minnetonka",50009,"MINNETONKA",41931.5,41931.5,41931.5,1998,1998,1845,"minnetonka",1,7.79684782280848
840,"50","010","ARLINGTON",1,40,11,1,1,2483,"arlington",50010,"ARLINGTON",40093,40093,40093,1998,1998,1846,"arlington",1,41.3752228001633
840,"50","011","COURTLAND",1,40,11,1,1,2484,"courtland",50011,"COURTLAND",40942.4,40942.4,40942.4,1998,1998,1847,"courtland",1,1.1446490114976
840,"50","012","REDWOOD FALL",1,40,11,1,1,2485,"redwood fall",50012,"REDWOOD FALL",39430.8,39430.8,39430.8,1998,1998,1848,"redwood fall",1,1.05837070762238
840,"50","013","MAYNARD",1,40,11,1,1,2486,"maynard",50013,"MAYNARD",39322.1,39322.1,39322.1,1998,1998,1849,"maynard",1,0.866918411095498
840,"50","014","DAWSON",1,40,11,1,1,2487,"dawson",50014,"DAWSON",39199.9,39199.9,39199.9,1998,1998,1850,"dawson",1,48.3498030488974
840,"50","015","PRINCETON",1,20,23,1,1,2488,"princeton",50015,"PRINCETON",40751.5,40751.5,40751.5,1998,1998,1851,"princeton",1,62.9060734686574
840,"50","016","OSSEO",1,40,23,1,1,2489,"osseo",50016,"OSSEO",38471.9,38471.9,38471.9,1998,1998,1852,"osseo",1,139.31330398001
840,"50","017","KNAPP",1,40,23,1,1,2490,"knapp",50017,"KNAPP",40473.3,40473.3,40473.3,1998,1998,1853,"knapp",1,62.1214271368093
840,"50","018","ST STEPHEN",1,20,23,1,1,2491,"st stephen",50018,"ST STEPHEN",39555.6,39555.6,39555.6,1998,1998,1854,"st stephen",1,79.6904885677777
840,"50","019","APPLETON",1,40,11,1,1,2492,"appleton",50019,"APPLETON",39537.6,39537.6,39537.6,1998,1998,1855,"appleton",1,1.36870654881814
840,"50","020","GLUEK",1,40,11,1,1,2493,"gluek",50020,"GLUEK",39474.5,39474.5,39474.5,1998,1998,1856,"gluek",1,27.4149730354699
840,"50","021","CHOKIO",1,40,11,1,1,2494,"chokio",50021,"CHOKIO",39952,39952,39952,1998,1998,1857,"chokio",1,87.8167379000716
840,"50","022","CROMWELL",1,28,12,1,1,2495,"cromwell",50022,"CROMWELL",40241.6,40241.6,40241.6,1998,1998,1858,"cromwell",1,13.8093665214103
840,"50","023","WIGWAM BAY",1,20,12,1,1,2496,"wigwam bay",50023,"WIGWAM BAY",40268.2,40268.2,40268.2,1998,1998,1859,"wigwam bay",1,63.4821247291255
840,"50","024","MILLE LACS",1,28,12,1,1,2497,"mille lacs",50024,"MILLE LACS",40486.4,40486.4,40486.4,1998,1998,1860,"mille lacs",1,46.5272952884841
840,"50","025","BACKUS",1,20,12,1,1,2498,"backus",50025,"BACKUS",42117.2,42117.2,42117.2,1998,1998,1861,"backus",1,73.288396702131
840,"50","027","EDWARDS",1,20,23,1,1,2500,"edwards",50027,"EDWARDS",40442.3,40442.3,40442.3,1998,1998,1863,"edwards",1,90.0385510600234
840,"50","028","EVERGREEN",1,20,23,1,1,2501,"evergreen",50028,"EVERGREEN",38371.7,38371.7,38371.7,1998,1998,1864,"evergreen",1,57.0971660787517
840,"50","029","GLYNDON",1,40,11,1,1,2502,"glyndon",50029,"GLYNDON",39910.9,39910.9,39910.9,1998,1998,1865,"glyndon",1,12.4876120932596
840,"50","030","TENNEY",1,40,11,1,1,2503,"tenney",50030,"TENNEY",40061.1,40061.1,40061.1,1998,1998,1866,"tenney",1,61.2588067890288
840,"50","031","HOVLAND",1,28,12,1,1,2504,"hovland",50031,"HOVLAND",40697.3,40697.3,40697.3,1998,1998,1867,"hovland",1,88.1770815881101
840,"50","032","LOCKPORT",1,28,12,1,1,2505,"lockport",50032,"LOCKPORT",40075.9,40075.9,40075.9,1998,1998,1868,"lockport",1,55.3585142993945
840,"50","033","SAWBILL LNDG",1,28,12,1,1,2506,"sawbill lndg",50033,"SAWBILL LNDG",42689.4,42689.4,42689.4,1998,1998,1869,"sawbill lndg",1,66.6480037905908
840,"50","034","HART LAKE",1,28,12,1,1,2507,"hart lake",50034,"HART LAKE",45596.6,45596.6,45596.6,1998,1998,1870,"hart lake",1,9.74758723845747
840,"50","035","FLOODWOOD",1,28,12,1,1,2508,"floodwood",50035,"FLOODWOOD",39623.5,39623.5,39623.5,1998,1998,1871,"floodwood",1,47.0791893491875
840,"50","036","ISLAND LAKE",0,28,12,1,1,2509,"island lake",50036,"ISLAND LAKE",40957.3,40957.3,40957.3,1998,1998,1872,"island lake",1,45.4558192183184
840,"50","037","COHASSET",1,28,12,1,1,2510,"cohasset",50037,"COHASSET",40278.2,40278.2,40278.2,1998,1998,1873,"cohasset",1,62.9127424058727
840,"50","038","SHERRY LAKE",1,28,12,1,1,2511,"sherry lake",50038,"SHERRY LAKE",43415.9,43415.9,43415.9,1998,1998,1874,"sherry lake",1,3.63447198149246
840,"50","039","BENA",0,28,12,1,1,2512,"bena",50039,"BENA",40268.7,40268.7,40268.7,1998,1998,1875,"bena",1,26.3158379604874
840,"50","040","BEMIDJI",0,28,12,1,1,2513,"bemidji",50040,"BEMIDJI",43145.3,43145.3,43145.3,1998,1998,1876,"bemidji",1,1.0789992862737
840,"50","041","OKLEE",1,30,11,1,1,2514,"oklee",50041,"OKLEE",39925.3,39925.3,39925.3,1998,1998,1877,"oklee",1,66.1675245419991
840,"50","042","DEBS",1,28,12,1,1,2515,"debs",50042,"DEBS",39135.2,39135.2,39135.2,1998,1998,1878,"debs",1,81.7465976531561
840,"50","043","BELTRAMI",1,40,11,1,1,2516,"beltrami",50043,"BELTRAMI",41268.2,41268.2,41268.2,1998,1998,1879,"beltrami",1,71.1672788605339
840,"50","044","WYLIE",1,30,11,1,1,2517,"wylie",50044,"WYLIE",38907.1,38907.1,38907.1,1998,1998,1880,"wylie",1,25.9391037635883
840,"50","045","CRANE LAKE",1,28,12,1,1,2518,"crane lake",50045,"CRANE LAKE",41752.7,41752.7,41752.7,1998,1998,1881,"crane lake",1,23.209623809862
840,"50","046","LITTLE FORK",1,28,12,1,1,2519,"little fork",50046,"LITTLE FORK",37138.2,37138.2,37138.2,1998,1998,1882,"little fork",1,1.15073849247035
840,"50","047","LUDE",1,28,12,1,1,2520,"lude",50047,"LUDE",39284.7,39284.7,39284.7,1998,1998,1883,"lude",1,809.140597025229
840,"50","049","ERIE",1,30,11,1,1,2522,"erie",50049,"ERIE",39741.9,39741.9,39741.9,1998,1998,1885,"erie",1,0.829624053392105
840,"50","050","GRYGLA",1,30,11,1,1,2523,"grygla",50050,"GRYGLA",39726.3,39726.3,39726.3,1998,1998,1886,"grygla",1,18.3116258198416
840,"50","051","BADGER",1,30,11,1,1,2524,"badger",50051,"BADGER",40919.1,40919.1,40919.1,1998,1998,1887,"badger",1,69.1870226030813
840,"50","052","LAKE BRONSON",1,30,11,1,1,2525,"lake bronson",50052,"LAKE BRONSON",39805.3,39805.3,39805.3,1998,1998,1888,"lake bronson",1,70.724231137999
840,"50","053","CALEDONIA",0,17,23,1,1,2526,"caledonia",50053,"CALEDONIA",76434,76434,76434,1998,1998,1889,"caledonia",1,1.29515880707183
840,"50","054","LE ROY",1,32,22,1,1,2527,"le roy",50054,"LE ROY",42633.1,42633.1,42633.1,1998,1998,1890,"le roy",1,4.28071690076337
840,"50","055","AUSTIN",1,32,22,1,1,2528,"austin",50055,"AUSTIN",39987.6,39987.6,39987.6,1998,1998,1891,"austin",1,46.4748679461227
840,"50","056","FAIRMONT",1,40,11,1,1,2529,"fairmont",50056,"FAIRMONT",44918.6,44918.6,44918.6,1998,1998,1892,"fairmont",1,53.8550839042453
840,"50","057","WORTHINGTON",1,40,11,1,1,2530,"worthington",50057,"WORTHINGTON",40258.8,40258.8,40258.8,1998,1998,1893,"worthington",1,0.472703690913589
840,"50","058","FRONTENAC",1,17,22,1,1,2531,"frontenac",50058,"FRONTENAC",45963.4,45963.4,45963.4,1998,1998,1894,"frontenac",1,11.1868166615902
840,"50","059","LE CENTER",1,40,23,1,1,2532,"le center",50059,"LE CENTER",46029.9,46029.9,46029.9,1998,1998,1895,"le center",1,44.9635839216217
840,"50","060","FRANKLIN",1,40,11,1,1,2533,"franklin",50060,"FRANKLIN",40827.3,40827.3,40827.3,1998,1998,1896,"franklin",1,564.909744694106
840,"50","061","TRACY",1,40,11,1,1,2534,"tracy",50061,"TRACY",51368.2,51368.2,51368.2,1998,1998,1897,"tracy",1,101.130747213196
840,"50","062","TYLER",1,40,11,1,1,2535,"tyler",50062,"TYLER",40848.8,40848.8,40848.8,1998,1998,1898,"tyler",1,50.3571789655181
840,"50","064","NEW LONDON",1,40,23,1,1,2537,"new london",50064,"NEW LONDON",45870.8,45870.8,45870.8,1998,1998,1900,"new london",1,0.719772651333943
840,"50","065","GLENWOOD",1,40,23,1,1,2538,"glenwood",50065,"GLENWOOD",44272.6,44272.6,44272.6,1998,1998,1901,"glenwood",1,1.58901541286938
840,"50","066","CHOKIO NORTH",1,40,11,1,1,2539,"chokio north",50066,"CHOKIO",39047.3,39047.3,39047.3,1998,1998,1902,"chokio",0.833333333333333,1.22799042934969
840,"50","067","MAHTOWA",1,28,12,1,1,2540,"mahtowa",50067,"MAHTOWA",45554.2,45554.2,45554.2,1998,1998,1903,"mahtowa",1,0.337766062944862
840,"50","068","MCGREGOR",1,28,12,1,1,2541,"mcgregor",50068,"MCGREGOR",51629.2,51629.2,51629.2,1998,1998,1904,"mcgregor",1,1.15373127300845
840,"50","069","BRAINERD",1,20,12,1,1,2542,"brainerd",50069,"BRAINERD",45317.4,45317.4,45317.4,1998,1998,1905,"brainerd",1,69.7221335578668
840,"50","070","ASHBY",1,40,23,1,1,2543,"ashby",50070,"ASHBY",50182.9,50182.9,50182.9,1998,1998,1906,"ashby",1,45.8613494540763
840,"50","071","SAWBILL CAMP",1,28,12,1,1,2544,"sawbill camp",50071,"SAWBILL CAMP",48094.9,48094.9,48094.9,1998,1998,1907,"sawbill camp",1,1.26302439445478
840,"50","072","JORDAN",1,28,12,1,1,2545,"jordan",50072,"JORDAN",39448.7,39448.7,39448.7,1998,1998,1908,"jordan",1,31.7539862373437
840,"50","073","BABBITT",1,28,12,1,1,2546,"babbitt",50073,"BABBITT",40002.4,40002.4,40002.4,1998,1998,1909,"babbitt",1,484.083071756115
840,"50","074","BIGFORK",1,28,12,1,1,2547,"bigfork",50074,"BIGFORK",54362.1,54362.1,54362.1,1998,1998,1910,"bigfork",1,22.618263304566
840,"50","075","BLACKDUCK",1,28,12,1,1,2548,"blackduck",50075,"BLACKDUCK",45424.5,45424.5,45424.5,1998,1998,1911,"blackduck",1,0.983903427030225
840,"50","076","BAGLEY",0,20,12,1,1,2549,"bagley",50076,"BAGLEY",49926.1,49926.1,49926.1,1998,1998,1912,"bagley",1,0.654088681198725
840,"50","077","LOCKHART",1,40,11,1,1,2550,"lockhart",50077,"LOCKHART",40538.1,40538.1,40538.1,1998,1998,1913,"lockhart",1,86.711269401596
840,"50","078","GLENDALE",1,28,12,1,1,2551,"glendale",50078,"GLENDALE",58863.4,58863.4,58863.4,1998,1998,1914,"glendale",1,62.0859956496551
840,"50","079","KOOCHICHING",0,28,12,1,1,2552,"koochiching",50079,"KOOCHICHING",47751.77,47751.77,47751.77,2001,2001,1915,"koochiching",1,1.22295283284704
840,"50","080","RED LAKE",1,28,12,1,1,2553,"red lake",50080,"RED LAKE",46257.8,46257.8,46257.8,1998,1998,1916,"red lake",1,12.6909824180268
840,"50","081","WARROAD",1,30,12,1,1,2554,"warroad",50081,"WARROAD",40855.2,40855.2,40855.2,1998,1998,1917,"warroad",1,72.2750434047573
840,"50","082","GREENBUSH",1,30,12,1,1,2555,"greenbush",50082,"GREENBUSH",45009.6,45009.6,45009.6,1998,1998,1918,"greenbush",1,18.5610588073057
840,"50","102","Chatfield 2",1,17,23,1,1,2557,"chatfield 2",50102,"CHATFIELD II",43551.081,43551.07,43551.07,2011,2011,1919,"chatfield ii",0.914141414141414,9.84054841739252
840,"50","139","CASS LAKE",1,28,12,1,1,2558,"cass lake",50139,"CASS LAKE",39455.5,39455.5,39455.5,1998,1998,1920,"cass lake",1,118.032552784234
840,"50","140","NEBISH",1,28,12,1,1,2559,"nebish",50140,"NEBISH",36008.3,36008.3,36008.3,1998,1998,1921,"nebish",1,27.583522305863
840,"50","153","CALEDONIA 2",1,17,23,1,1,2560,"caledonia 2",50053,"CALEDONIA",76434,76434,76434,1998,1998,1889,"caledonia",0.939393939393939,1.29515880707183
840,"50","179","NETT LAKE",1,28,12,1,1,2561,"nett lake",50179,"NETT LAKE",56868.664,56868.66,56868.66,2001,2001,1922,"nett lake",1,1.22295283284704
840,"50","900","SHERBURNE NR",1,20,23,1,2,2562,"sherburne nr",50900,"SHERBURNE NR",37694.6,37694.6,37694.6,1998,1998,1923,"sherburne nr",1,0.951055311634766
840,"50","902","TAMARAC NWR",1,20,12,1,2,2563,"tamarac nwr",50902,"TAMARAC NWR",35998.1,35998.1,35998.1,1998,1998,1924,"tamarac nwr",1,0.356946824599515
840,"50","903","WHITEWATER",0,17,23,1,2,2564,"whitewater",50903,"WHITEWATER",39344.4,39344.4,39344.4,1998,1998,1925,"whitewater",1,0.353578138143381
840,"50","904","BIG STONE",0,40,11,1,2,2565,"big stone",50904,"BIG STONE",37464.7,37464.5,37464.5,1998,1998,1926,"big stone",1,48.9305205248714
840,"50","905","WHITEWATER 2",0,17,23,1,2,2566,"whitewater 2",50903,"WHITEWATER",39344.4,39344.4,39344.4,1998,1998,1925,"whitewater",0.944444444444444,351.921855666925
840,"51","001","LAKE MARY",0,5,27,1,1,2567,"lake mary",51001,"LAKE MARY",42271.035,42271.04,42271.04,2001,2001,1927,"lake mary",1,0.938753497057002
840,"51","002","BEVERLY",0,4,27,1,1,2568,"beverly",51002,"BEVERLY",38542.1,38542.1,38542.1,1998,1998,1928,"beverly",1,52.764872751346
840,"51","003","DUNDEE",1,5,26,1,1,2569,"dundee",51003,"DUNDEE",42786.4,42786.4,42786.4,1998,1998,1929,"dundee",1,1.12360484644299
840,"51","004","COMMERCE",0,5,26,1,1,2570,"commerce",51004,"COMMERCE",42173.1,42173.1,42173.1,1998,1998,1930,"commerce",1,0.992729435597306
840,"51","005","TCHULA",0,5,26,1,1,2571,"tchula",51005,"TCHULA",37256.42,37256.42,37256.42,2011,2011,1931,"tchula",1,21.027582920132
840,"51","006","BENTON",1,4,27,1,1,2572,"benton",51006,"BENTON",40428.9,40428.9,40428.9,1998,1998,1932,"benton",1,0.618079109533416
840,"51","007","ISOLA",1,5,26,1,1,2573,"isola",51007,"ISOLA",47122.1,47122.1,47122.1,1998,1998,1933,"isola",1,1.04633878692694
840,"51","008","UTICA",1,4,27,1,1,2574,"utica",51008,"UTICA",36950.9,36950.9,36950.9,1998,1998,1934,"utica",1,0.157605629563925
840,"51","009","LUCIEN",1,4,27,1,1,2575,"lucien",51009,"LUCIEN",39324.1,39324.1,39324.1,1998,1998,1935,"lucien",1,0.700846752267136
840,"51","010","FAYETTE",1,4,27,1,1,2576,"fayette",51010,"FAYETTE",39889.5,39889.5,39889.5,1998,1998,1936,"fayette",1,22.4215430473011
840,"51","011","OLIVE BRANCH",0,4,27,1,1,2577,"olive branch",51011,"OLIVE BRANCH",40774.9,40774.9,40774.9,1998,1998,1937,"olive branch",1,0.502906224885251
840,"51","012","COCKRUM",1,4,27,1,1,2578,"cockrum",51012,"COCKRUM",38593.1,38593.1,38593.1,1998,1998,1938,"cockrum",1,0.421060325027039
840,"51","013","WALTHALL",0,4,27,1,1,2579,"walthall",51013,"WALTHALL",39021.716,39021.71,39021.71,2001,2001,1939,"walthall",1,0.876426383208488
840,"51","014","DUCK HILL",1,4,27,1,1,2580,"duck hill",51014,"DUCK HILL",38402.4,38402.4,38402.4,1998,1998,1940,"duck hill",1,0.920432594906601
840,"51","015","FOREST",1,4,27,1,1,2581,"forest",51015,"FOREST",39331.5,39331.5,39331.5,1998,1998,1941,"forest",1,0.814806811762268
840,"51","016","LAKE",1,4,27,1,1,2582,"lake",51016,"LAKE",39861.1,39861.1,39861.1,1998,1998,1942,"lake",1,994.380432115329
840,"51","017","MT CARMEL",1,4,27,1,1,2583,"mt carmel",51017,"MT CARMEL",39413.9,39413.9,39413.9,1998,1998,1943,"mt carmel",1,34.758316208498
840,"51","018","COLUMBIA",1,4,27,1,1,2584,"columbia",51018,"COLUMBIA",43117.4,43117.4,43117.4,1998,1998,1944,"columbia",1,7.22237190187693
840,"51","019","POPLARVILLE",0,4,27,1,1,2585,"poplarville",51019,"POPLARVILLE",37783.762,37783.76,37783.76,2001,2001,1945,"poplarville",1,9.64293179775157
840,"51","020","CYBUR",1,4,27,1,1,2586,"cybur",51020,"CYBUR",41211.9,41211.9,41211.9,1998,1998,1946,"cybur",1,22.7427055658624
840,"51","021","CORINTH",1,4,27,1,1,2587,"corinth",51021,"CORINTH",39067.4,39067.4,39067.4,1998,1998,1947,"corinth",1,1.04604021946911
840,"51","022","TUPELO",1,4,27,1,1,2588,"tupelo",51022,"TUPELO",39773.7,39773.7,39773.7,1998,1998,1948,"tupelo",1,0.423351773132035
840,"51","023","MACON",1,4,27,1,1,2589,"macon",51023,"MACON",38530.9,38530.9,38530.9,1998,1998,1949,"macon",1,26.6893626447946
840,"51","024","SCOOBA",0,4,27,1,1,2590,"scooba",51024,"SCOOBA",39105.6,39105.6,39105.6,1998,1998,1950,"scooba",1,1.05001821396929
840,"51","025","ABERDEEN",1,4,27,1,1,2591,"aberdeen",51025,"ABERDEEN",39049.5,39049.5,39049.5,1998,1998,1951,"aberdeen",1,0.862779332403269
840,"51","026","DUFFEE",1,4,27,1,1,2592,"duffee",51026,"DUFFEE",36744.2,36744.2,36744.2,1998,1998,1952,"duffee",1,20.9846161468928
840,"51","027","NEELY",1,4,27,1,1,2593,"neely",51027,"NEELY",42173.3,42173.3,42173.3,1998,1998,1953,"neely",1,0.0338556859976085
840,"51","028","WAYNESBORO",1,4,27,1,1,2594,"waynesboro",51028,"WAYNESBORO",39102.1,39102.1,39102.1,1998,1998,1954,"waynesboro",1,0.301211036646185
840,"51","029","FONTAINBLEAU",0,3,27,1,1,2595,"fontainbleau",51029,"FONTAINBLEAU",44567.508,44567.51,44567.51,2001,2001,1955,"fontainbleau",1,0.770782873056893
840,"51","030","BENNDALE",1,3,27,1,1,2596,"benndale",51030,"BENNDALE",41587.9,41587.9,41587.9,1998,1998,1956,"benndale",1,0.460321074768654
840,"51","031","Leaf River",1,4,27,1,1,2597,"leaf river",51031,"LEAF RIVER",40490.095,40490.09,40490.09,2011,2011,1957,"leaf river",1,39.5640439154134
840,"51","032","Trace Central",1,4,27,1,1,2598,"trace central",51032,"TRACE CENTRAL",40394.847,40394.84,40394.84,2011,2011,1958,"trace central",1,1.29368531561245
840,"51","033","Monticello",1,4,27,1,1,2599,"monticello",51033,"MONTICELLO",39457.186,39457.18,39457.18,2011,2011,1959,"monticello",1,5.49478624201832
840,"51","034","Winterville",1,5,26,1,1,2600,"winterville",51034,"WINTERVILLE",40348.443,40348.43,40348.43,2011,2011,1960,"winterville",1,23.1893283386783
840,"51","035","Trace South",1,4,27,1,1,2601,"trace south",51035,"TRACE SOUTH",39428.108,39428.1,39428.1,2011,2011,1961,"trace south",1,3.98089177588605
840,"51","036","Eagle Lake",1,4,26,1,1,2602,"eagle lake",51036,"EAGLE LAKE",45151.69,45151.68,45151.68,2011,2011,1962,"eagle lake",1,2.23193158636907
840,"51","037","De Soto",1,3,27,1,1,2603,"de soto",51037,"DE SOTO",39774,39773.99,39773.99,2011,2011,1963,"de soto",1,12.4451953013489
840,"51","038","Weir",1,4,27,1,1,2604,"weir",51038,"WEIR",41014.523,41014.51,41014.51,2011,2011,1964,"weir",1,642.534777792255
840,"51","039","Water Valley",1,4,27,1,1,2605,"water valley",51039,"WATER VALLEY",43396.822,43396.81,43396.81,2011,2011,1965,"water valley",1,27.6312441498036
840,"51","040","Shelby",1,5,26,1,1,2606,"shelby",51040,"SHELBY",39284.173,39284.16,39284.16,2011,2011,1966,"shelby",1,5.55553055337095
840,"51","041","Holly Springs",1,4,27,1,1,2607,"holly springs",51041,"HOLLY SPRINGS",39019.964,39019.96,39019.96,2011,2011,1967,"holly springs",1,2.01854397989642
840,"51","042","Trace North",1,4,27,1,1,2608,"trace north",51042,"TRACE NORTH",38957.704,38957.7,38957.7,2011,2011,1968,"trace north",1,31.4654935596475
840,"51","043","Amite River",1,3,27,1,1,2609,"amite river",51043,"AMITE RIVER",39735.949,39735.94,39735.94,2011,2011,1969,"amite river",1,0.924038436891748
840,"51","101","FORT ADAMS",1,5,27,1,1,2610,"fort adams",51101,"FORT ADAMS",40705,40705,40705,1998,1998,1970,"fort adams",1,6.51685788608157
840,"51","102","SIBLEY",1,4,27,1,1,2611,"sibley",51002,"BEVERLY",38542.1,38542.1,38542.1,1998,1998,1928,"beverly",0.662698412698413,30.1428474731807
840,"51","104","MOON",1,5,26,1,1,2612,"moon",51104,"MOON",43859.7,43859.7,43859.7,1998,1998,1971,"moon",1,0.548617485022749
840,"51","105","TCHULA 2",0,5,26,1,1,2613,"tchula 2",51005,"TCHULA",37256.42,37256.42,37256.42,2011,2011,1931,"tchula",0.916666666666667,21.8249418655331
840,"51","111","OLIVE BRANCH 2",1,4,27,1,1,2614,"olive branch 2",51111,"OLIVE BRANCH 2",39604.657,39604.65,39604.65,2011,2011,1972,"olive branch 2",1,6.47785294538091
840,"51","113","EMBRY",1,4,27,1,1,2615,"embry",51113,"EMBRY",40371,40371,40371,1998,1998,1973,"embry",1,0.934873761940072
840,"51","119","NECAISE",1,3,27,1,1,2616,"necaise",51119,"NECAISE",39556.8,39556.8,39556.8,1998,1998,1974,"necaise",1,0.654679936859157
840,"51","124","SCOOBA 2",0,4,27,1,1,2617,"scooba 2",51024,"SCOOBA",39105.6,39105.6,39105.6,1998,1998,1950,"scooba",0.916666666666667,24.0749915632457
840,"51","129","DIBERVILLE",0,3,27,1,1,2618,"diberville",51129,"DIBERVILLE",38863.246,38863.25,38863.25,2001,2001,1975,"diberville",1,0.65431286542139
840,"51","205","TCHULA 3",1,5,26,1,1,2619,"tchula 3",51205,"TCHULA 3",37660.66,37660.66,37660.66,2011,2011,1976,"tchula 3",1,38.2057718336052
840,"51","224","SCOOBA 3",1,4,27,1,1,2620,"scooba 3",51224,"SCOOBA 3",49947.96,49947.95,49947.95,2011,2011,1977,"scooba 3",1,516.066039030464
840,"51","900","SANDY CREEK",0,4,27,1,2,2623,"sandy creek",51900,"SANDY CREEK",41436.8,41436.8,41436.8,1998,1998,1979,"sandy creek",1,0.988044276452931
840,"51","901","LAKE COMO",1,4,27,1,2,2624,"lake como",51901,"LAKE COMO",39960.366,39960.36,39960.36,2011,2011,1980,"lake como",1,5.69958711458414
840,"51","903","DELTA N.F.",0,5,26,1,2,2626,"delta n f",51903,"DELTA N.F.",40126.8,40126.8,40126.8,1998,1998,1982,"delta n f",1,743.356597104368
840,"51","904","TIPPO",1,5,26,1,2,2627,"tippo",51904,"TIPPO",39958.7,39958.7,39958.7,1998,1998,1983,"tippo",1,1.07148954156992
840,"51","905","TALLAHATCHIE",1,5,26,1,2,2628,"tallahatchie",51905,"TALLAHATCHIE",40373.5,40373.5,40373.5,1998,1998,1984,"tallahatchie",1,8.50404886333918
840,"51","906","GRENADA LAKE",0,4,27,1,2,2629,"grenada lake",51906,"GRENADA LAKE",41344.1,41344.1,41344.1,1998,1998,1985,"grenada lake",1,0.793658769445499
840,"52","001","DEVENTER",1,5,26,1,1,2644,"deventer",52001,"DEVENTER",46922.9,46922.9,46922.9,1998,1998,1986,"deventer",1,15.7622194017178
840,"52","002","PULASKI",1,19,24,1,1,2645,"pulaski",52002,"PULASKI",37032.9,37032.9,37032.9,1998,1998,1987,"pulaski",1,0.851056832592321
840,"52","003","PEACE VALLEY",1,19,24,1,1,2646,"peace valley",52003,"PEACE VALLEY",42751,42751,42751,1998,1998,1988,"peace valley",1,6.37756479877303
840,"52","004","SWEDEN",1,19,24,1,1,2647,"sweden",52004,"SWEDEN",39421.2,39421.2,39421.2,1998,1998,1989,"sweden",1,12.5946600325378
840,"52","005","CASSVILLE",1,19,24,1,1,2648,"cassville",52005,"CASSVILLE",39380.4,39380.4,39380.4,1998,1998,1990,"cassville",1,1.14597278524796
840,"52","006","PINEVILLE",1,19,24,1,1,2649,"pineville",52006,"PINEVILLE",40348,40348,40348,1998,1998,1991,"pineville",1,15.0175196887113
840,"52","007","CP GIRARDEAU",1,5,26,1,1,2650,"cp girardeau",52007,"CP GIRARDEAU",40873.1,40873.1,40873.1,1998,1998,1992,"cp girardeau",1,0.847014949132683
840,"52","008","CASCADE",1,19,24,1,1,2651,"cascade",52008,"CASCADE",39523.4,39523.4,39523.4,1998,1998,1993,"cascade",1,606.459145628963
840,"52","009","IRONTON",0,19,24,1,1,2652,"ironton",52009,"IRONTON",35312.603,35312.6,35312.6,2001,2001,1994,"ironton",1,0.931898275603714
840,"52","010","AKERS",1,19,24,1,1,2653,"akers",52010,"AKERS",40757.1,40757.1,40757.1,1998,1998,1995,"akers",1,0.731702212321711
840,"52","011","WESCO",1,19,24,1,1,2654,"wesco",52011,"WESCO",40485.8,40485.8,40485.8,1998,1998,1996,"wesco",1,0.783522206832091
840,"52","012","CLEMENTINE",0,19,24,1,1,2655,"clementine",52012,"CLEMENTINE",46605.4,46605.4,46605.4,1998,1998,1997,"clementine",1,14.5799989744354
840,"52","013","HANDLEY",1,19,24,1,1,2656,"handley",52013,"HANDLEY",42262.9,42262.9,42262.9,1998,1998,1998,"handley",1,0.943124119614794
840,"52","014","GRAYDON",1,33,24,1,1,2657,"graydon",52014,"GRAYDON",51135.4,51135.4,51135.4,1998,1998,1999,"graydon",1,8.66647679156051
840,"52","015","FILLEY",1,33,22,1,1,2658,"filley",52015,"FILLEY",39102.1,39102.1,39102.1,1998,1998,2000,"filley",1,0.778808034783631
840,"52","016","REEDS",1,33,24,1,1,2659,"reeds",52016,"REEDS",44431.8,44431.8,44431.8,1998,1998,2001,"reeds",1,8.05244513773293
840,"52","017","WASHINGTON",0,19,22,1,1,2660,"washington",52017,"WASHINGTON",37773.613,37773.61,37773.61,2001,2001,2002,"washington",1,1.18516047665083
840,"52","018","HAYDEN",1,19,24,1,1,2661,"hayden",52018,"HAYDEN",38979.2,38979.2,38979.2,1998,1998,2003,"hayden",1,483.999918933156
840,"52","019","DANVILLE",1,31,22,1,1,2662,"danville",52019,"DANVILLE",37249.3,37249.3,37249.3,1998,1998,2004,"danville",1,0.942167784620978
840,"52","020","SYRACUSE",1,19,24,1,1,2663,"syracuse",52020,"SYRACUSE",33846.2,33846.2,33846.2,1998,1998,2005,"syracuse",1,748.03707812031
840,"52","021","CENTERTOWN",1,19,24,1,1,2664,"centertown",52021,"CENTERTOWN",41473.3,41473.3,41473.3,1998,1998,2006,"centertown",1,33.022402669954
840,"52","022","COLE CAMP",0,33,24,1,1,2665,"cole camp",52022,"COLE CAMP",40152.883,40152.88,40152.88,2001,2001,2007,"cole camp",1,0.398272442876185
840,"52","023","OHIO",1,33,22,1,1,2666,"ohio",52023,"OHIO",38656.9,38656.9,38656.9,1998,1998,2008,"ohio",1,0.0344743552995076
840,"52","024","SNI MILLS",0,33,22,1,1,2667,"sni mills",52024,"SNI MILLS",40021.7,40021.7,40021.7,1998,1998,2009,"sni mills",1,1.20738990269463
840,"52","025","RENSSELAER",1,31,22,1,1,2668,"rensselaer",52025,"RENSSELAER",38774.3,38774.3,38774.3,1998,1998,2010,"rensselaer",1,115.378373266488
840,"52","026","WARREN",0,31,22,1,1,2669,"warren",52026,"WARREN",43028.309,43028.31,43028.31,2001,2001,2011,"warren",1,0.667214803566496
840,"52","027","MADISON",1,31,22,1,1,2670,"madison",52027,"MADISON",38896.2,38896.2,38896.2,1998,1998,2012,"madison",1,0.554591844574916
840,"52","028","HUNTSVILLE",1,31,22,1,1,2671,"huntsville",52028,"HUNTSVILLE",40298.6,40298.6,40298.6,1998,1998,2013,"huntsville",1,345.036354227573
840,"52","029","ROCKINGHAM",1,32,22,1,1,2672,"rockingham",52029,"ROCKINGHAM",37064.2,37064.2,37064.2,1998,1998,2014,"rockingham",1,22.2375693527633
840,"52","030","STET",0,32,22,1,1,2673,"stet",52030,"STET",39057,39057,39057,1998,1998,2015,"stet",1,0.711650406917693
840,"52","031","HAMILTON",0,32,22,1,1,2674,"hamilton",52031,"HAMILTON",40335.074,40335.07,40335.07,2001,2001,2016,"hamilton",1,11.9704501254836
840,"52","032","FRAZIER",1,32,22,1,1,2675,"frazier",52032,"FRAZIER",40033.331,40033.32,40033.32,2011,2011,2017,"frazier",1,0.0963193743737594
840,"52","033","KAHOKA",0,32,22,1,1,2676,"kahoka",52033,"KAHOKA",39621.4,39621.4,39621.4,1998,1998,2018,"kahoka",1,1.13445285251471
840,"52","034","STICKLERVILL",1,32,22,1,1,2677,"sticklervill",52034,"STICKLERVILL",38493.3,38493.3,38493.3,1998,1998,2019,"sticklervill",1,1.22203949793989
840,"52","035","TRENTON",1,32,22,1,1,2678,"trenton",52035,"TRENTON",39213.2,39213.2,39213.2,1998,1998,2020,"trenton",1,0.686460396882114
840,"52","036","BOLCKOW",0,32,22,1,1,2679,"bolckow",52036,"BOLCKOW",40528.9,40528.9,40528.9,1998,1998,2021,"bolckow",1,5.70087153431805
840,"52","037","TARKIO",0,32,22,1,1,2680,"tarkio",52037,"TARKIO",40771.219,40771.22,40771.22,2001,2001,2022,"tarkio",1,0.84668131521966
840,"52","052","WILLIAMSVILL",1,19,24,1,1,2681,"williamsvill",52052,"WILLIAMSVILL",39613.7,39613.7,39613.7,1998,1998,2023,"williamsvill",1,640.119302283458
840,"52","053","BENNETT",1,19,24,1,1,2682,"bennett",52053,"BENNETT",39412.3,39412.3,39412.3,1998,1998,2024,"bennett",1,0.518196094963295
840,"52","054","HILDA",1,19,24,1,1,2683,"hilda",52054,"HILDA",37707.4,37707.4,37707.4,1998,1998,2025,"hilda",1,0.873887278865179
840,"52","055","CRANE",1,19,24,1,1,2684,"crane",52055,"CRANE",40371.1,40371.1,40371.1,1998,1998,2026,"crane",1,0.843496594863998
840,"52","056","WHITEWATER",1,19,24,1,1,2685,"whitewater",52056,"WHITEWATER",41426.1,41426.1,41426.1,1998,1998,2027,"whitewater",1,7.68083438174372
840,"52","057","BARKS",1,19,24,1,1,2686,"barks",52057,"BARKS",40073,40073,40073,1998,1998,2028,"barks",1,0.634540808689195
840,"52","058","CENTERVILLE",1,19,24,1,1,2687,"centerville",52058,"CENTERVILLE",39792.6,39792.6,39792.6,1998,1998,2029,"centerville",1,1.23510082618727
840,"52","059","MARSHFIELD",1,19,24,1,1,2688,"marshfield",52059,"MARSHFIELD",39470.9,39470.9,39470.9,1998,1998,2030,"marshfield",1,0.923062092047048
840,"52","061","BLAND",1,19,24,1,1,2689,"bland",52061,"BLAND",39192.9,39192.9,39192.9,1998,1998,2031,"bland",1,1.28963300216749
840,"52","062","OSAGE BEACH",1,19,24,1,1,2690,"osage beach",52062,"OSAGE BEACH",39338.6,39338.6,39338.6,1998,1998,2032,"osage beach",1,1.02948983931469
840,"52","064","MILLWOOD",1,31,22,1,1,2691,"millwood",52064,"MILLWOOD",40124.501,40124.49,40124.49,2011,2011,2033,"millwood",1,4.61221783866488
840,"52","066","LACLEDE",1,32,22,1,1,2692,"laclede",52066,"LACLEDE",41657.8,41657.8,41657.8,1998,1998,2034,"laclede",1,1.0997113980042
840,"52","067","KEARNEY",1,32,22,1,1,2693,"kearney",52067,"KEARNEY",36776,36776,36776,1998,1998,2035,"kearney",1,1.05103880713708
840,"52","068","KIRKSVILLE",1,32,22,1,1,2694,"kirksville",52068,"KIRKSVILLE",39342.4,39342.4,39342.4,1998,1998,2036,"kirksville",1,0.824265313589656
840,"52","070","MCFALL",1,32,22,1,1,2695,"mcfall",52070,"MCFALL",40724.6,40724.6,40724.6,1998,1998,2037,"mcfall",1,1.3131815351824
840,"52","071","NEW POINT",1,32,22,1,1,2696,"new point",52071,"NEW POINT",40262.1,40262.1,40262.1,1998,1998,2038,"new point",1,28.3548313910446
840,"52","109","GRANITEVILLE",1,19,24,1,1,2697,"graniteville",52109,"GRANITEVILLE",38300.3,38300.3,38300.3,1998,1998,2039,"graniteville",1,66.0876867787881
840,"52","112","CLEMENTINE 2",0,19,24,1,1,2698,"clementine 2",52112,"CLEMENTINE 2",41481.352,41481.34,41481.34,2011,2011,2040,"clementine 2",1,3.41739127502167
840,"52","117","GILDEHOUSE",0,19,22,1,1,2699,"gildehouse",52117,"GILDEHOUSE",38766.75,38766.75,38766.75,2001,2001,2041,"gildehouse",1,85.9513213034676
840,"52","122","SEDALIA",1,33,24,1,1,2700,"sedalia",52122,"SEDALIA",42083.1,42083.1,42083.1,1998,1998,2042,"sedalia",1,0.825367502672049
840,"52","124","KINGSVILLE",1,33,22,1,1,2701,"kingsville",52124,"KINGSVILLE",42091.5,42091.5,42091.5,1998,1998,2043,"kingsville",1,801.380540861457
840,"52","126","FRANKFORD",1,31,22,1,1,2702,"frankford",52126,"FRANKFORD",39537.227,39537.22,39537.22,2011,2011,2044,"frankford",1,0.789293141859726
840,"52","130","NORBORNE",1,32,22,1,1,2703,"norborne",52130,"NORBORNE",40169,40169,40169,1998,1998,2045,"norborne",1,0.711650406917693
840,"52","131","CAMERON",1,32,22,1,1,2704,"cameron",52131,"CAMERON",42827.8,42827.8,42827.8,1998,1998,2046,"cameron",1,0.9192887721105
840,"52","133","KAHOKA2",1,32,22,1,1,2705,"kahoka2",52133,"KAHOKA2",40740.747,40740.74,40740.74,2011,2011,2047,"kahoka2",1,2.04246986533493
840,"52","136","BARNARD",1,32,22,1,1,2706,"barnard",52136,"BARNARD",40085.817,40085.81,40085.81,2011,2011,2048,"barnard",1,0.886861427274014
840,"52","137","WATSON",1,32,22,1,1,2707,"watson",52137,"WATSON",40076.8,40076.8,40076.8,1998,1998,2049,"watson",1,1.01067853871766
840,"52","212","Palace",1,19,24,1,1,2735,"palace",52212,"PALACE",44145.381,44145.37,44145.37,2011,2011,2050,"palace",1,0.0925225758642101
840,"52","217","UNION",0,19,22,1,1,2736,"union",52217,"UNION",48187.8,48187.8,48187.8,1998,1998,2051,"union",1,0.797948287837314
840,"52","317","MOSELLE",1,19,22,1,1,2738,"moselle",52317,"MOSELLE",43319.7,43319.7,43319.7,2001,2001,2052,"moselle",1,0.494202020688942
840,"53","001","LIBBY DAM",1,64,10,1,1,2739,"libby dam",53001,"LIBBY DAM",45426.9,45426.9,45426.9,1998,1998,2053,"libby dam",1,22.8086823907019
840,"53","002","KALISPELL",1,65,10,1,1,2740,"kalispell",53002,"KALISPELL",44754.9,44754.9,44754.9,1998,1998,2054,"kalispell",1,0.473150991991338
840,"53","003","ST MARY",0,65,10,1,1,2741,"st mary",53003,"ST MARY",41349.7,41349.7,41349.7,1998,1998,2055,"st mary",1,1.14729749369199
840,"53","004","HAY LAKE",1,38,11,1,1,2742,"hay lake",53004,"HAY LAKE",38651,38651,38651,1998,1998,2056,"hay lake",1,0.83220694008556
840,"53","006","VIRGELLE",1,38,11,1,1,2744,"virgelle",53006,"VIRGELLE",37397.6,37397.6,37397.6,1998,1998,2058,"virgelle",1,732.775541233073
840,"53","007","CLEVELAND",1,39,11,1,1,2745,"cleveland",53007,"CLEVELAND",40719.5,40719.5,40719.5,1998,1998,2059,"cleveland",1,1.46629598023296
840,"53","008","HARLEM",1,38,11,1,1,2746,"harlem",53008,"HARLEM",42537.5,42537.5,42537.5,1998,1998,2060,"harlem",1,1.18646680587406
840,"53","009","MALTA",1,38,11,1,1,2747,"malta",53009,"MALTA",45116.8,45116.8,45116.8,1998,1998,2061,"malta",1,1.56320746549904
840,"53","010","GLASGOW",1,38,11,1,1,2748,"glasgow",53010,"GLASGOW",39427.7,39427.7,39427.7,1998,1998,2062,"glasgow",1,1.34580235120291
840,"53","011","OSWEGO",1,38,11,1,1,2749,"oswego",53011,"OSWEGO",40291.6,40291.6,40291.6,1998,1998,2063,"oswego",1,31.2059454649917
840,"53","012","REDSTONE",1,38,11,1,1,2750,"redstone",53012,"REDSTONE",39100,39100,39100,1998,1998,2064,"redstone",1,1.2674459987252
840,"53","013","ST REGIS",1,64,10,1,1,2751,"st regis",53013,"ST REGIS",42251.4,42251.4,42251.4,1998,1998,2065,"st regis",1,472.534253220572
840,"53","014","POLSON",1,65,10,1,1,2752,"polson",53014,"POLSON",41979.3,41979.3,41979.3,1998,1998,2066,"polson",1,6.92276689585595
840,"53","015","ARLEE",1,64,10,1,1,2753,"arlee",53015,"ARLEE",38193.9,38193.9,38193.9,1998,1998,2067,"arlee",1,1.20177081478751
840,"53","016","AUGUSTA",1,65,10,1,1,2754,"augusta",53016,"AUGUSTA",40837.4,40837.4,40837.4,1998,1998,2068,"augusta",1,1.26305492544046
840,"53","017","GREAT FALLS",1,38,11,1,1,2755,"great falls",53017,"GREAT FALLS",43326.5,43326.5,43326.5,1998,1998,2069,"great falls",1,1.25806059920567
840,"53","018","HIGHWOOD",1,39,17,1,1,2756,"highwood",53018,"HIGHWOOD",41805.8,41805.8,41805.8,1998,1998,2070,"highwood",1,0.682364300487502
840,"53","019","LEROY",1,39,17,1,1,2757,"leroy",53019,"LEROY",40953.8,40953.8,40953.8,1998,1998,2071,"leroy",1,1.0082498659754
840,"53","020","ROY",1,39,17,1,1,2758,"roy",53020,"ROY",40190.7,40190.7,40190.7,1998,1998,2072,"roy",1,54.7783787132445
840,"53","021","BRUSETT",1,39,17,1,1,2759,"brusett",53021,"BRUSETT",41166.1,41166.1,41166.1,1998,1998,2073,"brusett",1,9.66285350595557
840,"53","023","CIRCLE",1,39,17,1,1,2761,"circle",53023,"CIRCLE",39432.3,39432.3,39432.3,1998,1998,2075,"circle",1,14.5601221737942
840,"53","024","SAVAGE",1,39,17,1,1,2762,"savage",53024,"SAVAGE",41080,41080,41080,1998,1998,2076,"savage",1,1.08163817094857
840,"53","025","WOODMAN",1,64,10,1,1,2763,"woodman",53025,"WOODMAN",40417,40417,40417,1998,1998,2077,"woodman",1,16.7630065608967
840,"53","026","CLINTON",1,64,10,1,1,2764,"clinton",53026,"CLINTON",38427.4,38427.4,38427.4,1998,1998,2078,"clinton",1,12.659423248437
840,"53","027","ELLISTON",1,65,10,1,1,2765,"elliston",53027,"ELLISTON",38006.5,38006.5,38006.5,1998,1998,2079,"elliston",1,1.02131274299096
840,"53","028","BOULDER",1,65,10,1,1,2766,"boulder",53028,"BOULDER",42019.1,42019.1,42019.1,1998,1998,2080,"boulder",1,0.682571276136959
840,"53","029","TWO DOT",1,65,17,1,1,2767,"two dot",53029,"TWO DOT",38809,38809,38809,1998,1998,2081,"two dot",1,0.647137939872881
840,"53","030","SHAWMUT",1,39,17,1,1,2768,"shawmut",53030,"SHAWMUT",40464.3,40464.3,40464.3,1998,1998,2082,"shawmut",1,1.37389647485614
840,"53","031","FLATWILLOW",0,39,17,1,1,2769,"flatwillow",53031,"FLATWILLOW",40171.5,40171.5,40171.5,1998,1998,2083,"flatwillow",1,1.45905342937595
840,"53","032","INGOMAR",1,39,17,1,1,2770,"ingomar",53032,"INGOMAR",38077.6,38077.6,38077.6,1998,1998,2084,"ingomar",1,1.04462616092997
840,"53","033","FORSYTH",1,39,17,1,1,2771,"forsyth",53033,"FORSYTH",39908.4,39908.4,39908.4,1998,1998,2085,"forsyth",1,14.5551232288883
840,"53","034","LOCATE",1,39,17,1,1,2772,"locate",53034,"LOCATE",38926.9,38926.9,38926.9,1998,1998,2086,"locate",1,68.2288783825997
840,"53","035","WEBSTER",1,39,17,1,1,2773,"webster",53035,"WEBSTER",40007.2,40007.2,40007.2,1998,1998,2087,"webster",1,1.02940770480429
840,"53","036","SULA",1,64,10,1,1,2774,"sula",53036,"SULA",45180,45180,45180,1998,1998,2088,"sula",1,1.04773230129586
840,"53","037","TWIN BRIDGES",0,65,10,1,1,2775,"twin bridges",53037,"TWIN BRIDGES",39394.465,39394.46,39394.46,2001,2001,2089,"twin bridges",1,0.0237332699496235
840,"53","038","WILLOW CREEK",0,65,10,1,1,2776,"willow creek",53038,"WILLOW CREEK",38395.6,38395.6,38395.6,1998,1998,2090,"willow creek",1,150.006463479051
840,"53","039","CHESTNUT",1,64,10,1,1,2777,"chestnut",53039,"CHESTNUT",40813,40813,40813,1998,1998,2091,"chestnut",1,167.50258098152
840,"53","040","REED POINT",1,65,17,1,1,2778,"reed point",53040,"REED POINT",41024.9,41024.9,41024.9,1998,1998,2092,"reed point",1,29.5748666158499
840,"53","041","LAUREL",1,39,10,1,1,2779,"laurel",53041,"LAUREL",39800,39800,39800,1998,1998,2093,"laurel",1,8.00904864093643
840,"53","042","ST XAVIER",0,39,17,1,1,2780,"st xavier",53042,"ST XAVIER",38456.2,38456.2,38456.2,1998,1998,2094,"st xavier",1,1.2446067814414
840,"53","043","BRANDENBERG",1,39,17,1,1,2781,"brandenberg",53043,"BRANDENBERG",37491,37491,37491,1998,1998,2095,"brandenberg",1,220.980709368552
840,"53","044","POWDERVILLE",1,39,17,1,1,2782,"powderville",53044,"POWDERVILLE",41162,41162,41162,1998,1998,2096,"powderville",1,594.98255101282
840,"53","045","ALBION",1,39,17,1,1,2783,"albion",53045,"ALBION",40133.2,40133.2,40133.2,1998,1998,2097,"albion",1,18.679875683281
840,"53","047","RED ROCK",1,65,10,1,1,2785,"red rock",53047,"RED ROCK",42775.8,42775.8,42775.8,1998,1998,2099,"red rock",1,1.11945555164519
840,"53","063","THOMPSON RIV",1,64,10,1,1,2786,"thompson riv",53063,"THOMPSON RIV",54644.6,54644.6,54644.6,1998,1998,2100,"thompson riv",1,52.2348114158646
840,"53","064","NINEMILE",1,64,10,1,1,2787,"ninemile",53064,"NINEMILE",47554.3,47554.3,47554.3,1998,1998,2101,"ninemile",1,16.5095879279956
840,"53","074","PABLO RES.",1,65,10,1,1,2788,"pablo res",53074,"PABLO RES.",41066.8,41066.8,41066.8,1998,1998,2102,"pablo res",1,1.22629699985501
840,"53","075","FISH CREEK",1,64,10,1,1,2789,"fish creek",53075,"FISH CREEK",47228.8,47228.8,47228.8,1998,1998,2103,"fish creek",1,14.9709592009743
840,"53","076","SKALKAHO",0,64,10,1,1,2790,"skalkaho",53076,"SKALKAHO",64741.7,64741.7,64741.7,1998,1998,2104,"skalkaho",1,25.0053046937522
840,"53","086","PAINTED ROCK",1,64,10,1,1,2791,"painted rock",53086,"PAINTED ROCK",34782.8,34782.8,34782.8,1998,1998,2105,"painted rock",1,0.415215968267862
840,"53","087","WISE RIVER",1,65,10,1,1,2792,"wise river",53087,"WISE RIVER",52153.8,52153.8,52153.8,1998,1998,2106,"wise river",1,16.7778086774059
840,"53","097","LIMA",1,65,10,1,1,2793,"lima",53097,"LIMA",40540.8,40540.8,40540.8,1998,1998,2107,"lima",1,401.379362340437
840,"53","101","NOXON",1,64,10,1,1,2794,"noxon",53101,"NOXON",54213.9,54213.9,54213.9,1998,1998,2108,"noxon",1,1.01317780810533
840,"53","103","St. Mary 2",1,65,10,1,1,2795,"st mary 2",53103,"ST. MARY 2",44742.602,44742.6,44742.6,2011,2011,2109,"st mary 2",1,0.220701389480083
840,"53","105","Whitlash",1,38,11,1,1,2796,"whitlash",53105,"WHITLASH",44345.471,44345.47,44345.47,2011,2011,2110,"whitlash",1,2.95528098343881
840,"53","131","Flatwillow 2",1,39,17,1,1,2797,"flatwillow 2",53131,"FLATWILLOW 2",41093.254,41093.25,41093.25,2011,2011,2111,"flatwillow 2",1,18.0161799050529
840,"53","137","GLEN",1,65,10,1,1,2798,"glen",53137,"GLEN",47019.6,47019.6,47019.6,1998,1998,2112,"glen",1,0.917422059514798
840,"53","138","WILLOW CREEK 2",1,65,10,1,1,2799,"willow creek 2",53038,"WILLOW CREEK",38395.6,38395.6,38395.6,1998,1998,2090,"willow creek",0.952380952380952,149.999998215119
840,"53","142","ST XAVIER 2",1,39,17,1,1,2800,"st xavier 2",53042,"ST XAVIER",38456.2,38456.2,38456.2,1998,1998,2094,"st xavier",0.939393939393939,8.70163740339516
840,"53","176","SKALKHO-RYE",1,64,10,1,1,2801,"skalkho rye",53176,"SKALKHO-RYE",39700.832,39700.83,39700.83,2001,2001,2113,"skalkho rye",1,98.515051383745
840,"53","800","INSIDE ROAD",1,64,10,1,3,2848,"inside road",53800,"INSIDE ROAD",40368.8,40368.8,40368.8,1998,1998,2114,"inside road",1,12.8512263746793
840,"53","900","LOGAN PASS",1,64,10,1,2,2849,"logan pass",53900,"LOGAN PASS",49263.5,49263.5,49263.5,1998,1998,2115,"logan pass",1,1.20632823073875
840,"53","901","VICTOR",1,65,10,1,2,2850,"victor",53901,"VICTOR",29457,29457,29457,1998,1998,2116,"victor",1,3.38685398454656
840,"53","902","THREEMILE WA",1,65,10,1,2,2851,"threemile wa",53902,"THREEMILE WA",39424.1,39424.1,39424.1,1998,1998,2117,"threemile wa",1,152.774587523299
840,"53","903","CRAMER CREEK",1,65,10,1,2,2852,"cramer creek",53903,"CRAMER CREEK",41275.2,41275.2,41275.2,1998,1998,2118,"cramer creek",1,230.872057467773
840,"53","904","BRADMAN",0,65,10,1,2,2853,"bradman",53904,"BRADMAN",52113.5,52113.5,52113.5,1998,1998,2119,"bradman",1,277.432450584203
840,"53","905","GREENOUGH",0,65,10,1,2,2854,"greenough",53905,"GREENOUGH",34694.7,34694.7,34694.7,1998,1998,2120,"greenough",1,0.987339029465642
840,"53","906","ELEVATION MT",1,65,10,1,2,2855,"elevation mt",53906,"ELEVATION MT",40015,40015,40015,1998,1998,2121,"elevation mt",1,166.349651122435
840,"53","908","BULL MTN.",1,39,17,1,2,2857,"bull mtn",53908,"BULL MTN.",39788.2,39788.2,39788.2,1998,1998,2123,"bull mtn",1,1.11043966611579
840,"53","955","GREENOAGH 2",0,65,10,1,2,2858,"greenoagh 2",53955,"GREENOAGH 2",39133.968,39133.96,39133.96,2011,2011,2124,"greenoagh 2",1,8.30829601125217
840,"54","001","JULIAN",1,32,22,1,1,2860,"julian",54001,"JULIAN",39958.3,39958.3,39958.3,1998,1998,2125,"julian",1,1.22339350156188
840,"54","002","JOHNSON",1,32,22,1,1,2861,"johnson",54002,"JOHNSON",39709.3,39709.3,39709.3,1998,1998,2126,"johnson",1,39.1989344165583
840,"54","003","LIBERTY",0,32,19,1,1,2862,"liberty",54003,"LIBERTY",46309.9,46309.9,46309.9,1998,1998,2127,"liberty",1,1.30261804999255
840,"54","004","BELVIDERE",1,34,19,1,1,2863,"belvidere",54004,"BELVIDERE",40196,40196,40196,1998,1998,2128,"belvidere",1,0.974182624426262
840,"54","005","SEWARD",1,34,19,1,1,2864,"seward",54005,"SEWARD",42889.2,42889.3,42889.3,1998,1998,2129,"seward",1,1.35311353930716
840,"54","006","KENESAW",1,34,19,1,1,2865,"kenesaw",54006,"KENESAW",40041.9,40041.9,40041.9,1998,1998,2130,"kenesaw",1,0.759950737585483
840,"54","007","KEARNEY",1,34,19,1,1,2866,"kearney",54007,"KEARNEY",39119.5,39119.5,39119.5,1998,1998,2131,"kearney",1,0.84471143716739
840,"54","008","SUMNER",1,34,19,1,1,2867,"sumner",54008,"SUMNER",41011.8,41011.8,41011.8,1998,1998,2132,"sumner",1,10.1401240144035
840,"54","009","HOLBROOK",1,34,19,1,1,2868,"holbrook",54009,"HOLBROOK",39679.8,39679.8,39679.8,1998,1998,2133,"holbrook",1,0.949524069468373
840,"54","010","BARTLEY",1,34,19,1,1,2869,"bartley",54010,"BARTLEY",39396.8,39396.8,39396.8,1998,1998,2134,"bartley",1,46.1937845239666
840,"54","011","STRATTON",1,34,19,1,1,2870,"stratton",54011,"STRATTON",41105.2,41105.2,41105.2,1998,1998,2135,"stratton",1,1.14898315560356
840,"54","012","GRETNA",0,32,22,1,1,2871,"gretna",54012,"GRETNA",39069.4,39069.4,39069.4,1998,1998,2136,"gretna",1,35.0160506763401
840,"54","013","IRVINGTON",1,32,22,1,1,2872,"irvington",54013,"IRVINGTON",41911.1,41911.1,41911.1,1998,1998,2137,"irvington",1,2.14158981680645
840,"54","014","SURPRISE",1,34,19,1,1,2873,"surprise",54014,"SURPRISE",43628.8,43628.8,43628.8,1998,1998,2138,"surprise",1,0.816900510983768
840,"54","015","RICHLAND",1,32,22,1,1,2874,"richland",54015,"RICHLAND",39892.9,39892.9,39892.9,1998,1998,2139,"richland",1,0.986262024892656
840,"54","016","BARTLETT",0,36,19,1,1,2875,"bartlett",54016,"BARTLETT",47417.672,47417.67,47417.67,2001,2001,2140,"bartlett",1,0.28757774743201
840,"54","017","PETERSBURG",1,34,19,1,1,2876,"petersburg",54017,"PETERSBURG",40203,40203,40203,1998,1998,2141,"petersburg",1,0.766722485371017
840,"54","018","ALMERIA",1,34,19,1,1,2877,"almeria",54018,"ALMERIA",41615.1,41615.1,41615.1,1998,1998,2142,"almeria",1,0.838488776369846
840,"54","019","OCONTO",0,34,19,1,1,2878,"oconto",54019,"OCONTO",40675.711,40675.71,40675.71,2001,2001,2143,"oconto",1,1.12367592915107
840,"54","020","PAXTON",1,36,18,1,1,2879,"paxton",54020,"PAXTON",39596.7,39596.7,39596.7,1998,1998,2144,"paxton",1,1.03757837778818
840,"54","021","DALTON",1,36,18,1,1,2880,"dalton",54021,"DALTON",40391.6,40391.6,40391.6,1998,1998,2145,"dalton",1,31.013159336577
840,"54","022","THURSTON",1,32,22,1,1,2881,"thurston",54022,"THURSTON",41688,41688,41688,1998,1998,2146,"thurston",1,189.196906875275
840,"54","023","SPARTA",1,32,11,1,1,2882,"sparta",54023,"SPARTA",40968.7,40968.7,40968.7,1998,1998,2147,"sparta",1,11.6144012217834
840,"54","024","WINSIDE",0,32,11,1,1,2883,"winside",54024,"WINSIDE",41124.7,41124.7,41124.7,1998,1998,2148,"winside",1,0.412869532684804
840,"54","025","EAGLE CREEK",1,34,11,1,1,2884,"eagle creek",54025,"EAGLE CREEK",40360.9,40360.9,40360.9,1998,1998,2149,"eagle creek",1,2.11900071098009
840,"54","026","MIDWAY",1,34,11,1,1,2885,"midway",54026,"MIDWAY",40903.5,40903.5,40903.5,1998,1998,2150,"midway",1,0.887937004130105
840,"54","027","SWAN LAKE",1,36,19,1,1,2886,"swan lake",54027,"SWAN LAKE",40566.4,40566.4,40566.4,1998,1998,2151,"swan lake",1,12.8081925313413
840,"54","028","JOHNSTOWN",1,36,19,1,1,2887,"johnstown",54028,"JOHNSTOWN",39618.5,39618.5,39618.5,1998,1998,2152,"johnstown",1,21.2703265176938
840,"54","029","PIESTER LAKE",1,36,19,1,1,2888,"piester lake",54029,"PIESTER LAKE",38301.4,38301.4,38301.4,1998,1998,2153,"piester lake",1,776.191326786088
840,"54","030","AGATE",0,36,18,1,1,2889,"agate",54030,"AGATE",41534.6,41534.6,41534.6,1998,1998,2154,"agate",1,1.07284157185119
840,"54","031","KENNEDY",1,36,19,1,1,2890,"kennedy",54031,"KENNEDY",38083.5,38083.5,38083.5,1998,1998,2155,"kennedy",1,3.23353837203513
840,"54","032","TABLE",1,34,19,1,1,2891,"table",54032,"TABLE",39979.3,39979.3,39979.3,1998,1998,2156,"table",1,0.814656279831162
840,"54","033","KIMBALL",1,36,18,1,1,2892,"kimball",54033,"KIMBALL",40107.6,40107.6,40107.6,1998,1998,2157,"kimball",1,26.9492050577281
840,"54","034","GORDON",1,36,19,1,1,2893,"gordon",54034,"GORDON",39807.9,39807.9,39807.9,1998,1998,2158,"gordon",1,0.959060273067126
840,"54","035","BRADY",1,34,19,1,1,2894,"brady",54035,"BRADY",41922.2,41922.2,41922.2,1998,1998,2159,"brady",1,1.03173249062301
840,"54","036","BENKELMAN",1,36,18,1,1,2895,"benkelman",54036,"BENKELMAN",40182.8,40182.8,40182.8,1998,1998,2160,"benkelman",1,1.23837329508648
840,"54","037","RINGGOLD",1,36,19,1,1,2896,"ringgold",54037,"RINGGOLD",40361.4,40361.4,40361.4,1998,1998,2161,"ringgold",1,238.782151460321
840,"54","038","ARTHUR",1,36,19,1,1,2897,"arthur",54038,"ARTHUR",41175.8,41175.8,41175.8,1998,1998,2162,"arthur",1,0.197047111440747
840,"54","039","CRESCENT LK",1,36,19,1,1,2898,"crescent lk",54039,"CRESCENT LK",40346.4,40346.4,40346.4,1998,1998,2163,"crescent lk",1,16.1898292903071
840,"54","040","MURRAY LAKE",1,36,18,1,1,2899,"murray lake",54040,"MURRAY LAKE",40378,40378,40378,1998,1998,2164,"murray lake",1,1.15791827746855
840,"54","041","BROWNLEE",1,36,19,1,1,2900,"brownlee",54041,"BROWNLEE",40043.8,40043.8,40043.8,1998,1998,2165,"brownlee",1,1.31899518008583
840,"54","042","MULLEN",1,36,19,1,1,2901,"mullen",54042,"MULLEN",39487.1,39487.1,39487.1,1998,1998,2166,"mullen",1,32.6439482985676
840,"54","043","BEREA",1,36,18,1,1,2902,"berea",54043,"BEREA",40859.2,40859.2,40859.2,1998,1998,2167,"berea",1,0.794890076429787
840,"54","044","CRAWFORD",1,39,18,1,1,2903,"crawford",54044,"CRAWFORD",39873.7,39873.7,39873.7,1998,1998,2168,"crawford",1,76.0461413355582
840,"54","103","LIBERTY 2",0,32,19,1,1,2904,"liberty 2",54103,"LIBERTY 2",39506.652,39506.65,39506.65,2011,2011,2169,"liberty 2",1,3.96576108328337
840,"54","112","GRETNA 2",1,32,22,1,1,2905,"gretna 2",54012,"GRETNA",39069.4,39069.4,39069.4,1998,1998,2136,"gretna",0.916666666666667,20.271180336389
840,"54","116","WHEELER CO",1,36,19,1,1,2906,"wheeler co",54116,"WHEELER CO",40294.1,40294.1,40294.1,1998,1998,2170,"wheeler co",1,1.15881494272204
840,"54","119","BERWYN",0,34,19,1,1,2907,"berwyn",54119,"BERWYN",40604.2,40604.2,40604.2,1998,1998,2171,"berwyn",1,10.1736350184129
840,"54","124","WINSIDE 2",1,32,11,1,1,2908,"winside 2",54124,"WINSIDE 2",40680.471,40680.46,40680.46,2011,2011,2172,"winside 2",1,0.0519421246044445
840,"54","130","AGATE 2",1,36,18,1,1,2909,"agate 2",54130,"AGATE 2",39948.423,39948.42,39948.42,2011,2011,2173,"agate 2",1,42.2531844143872
840,"54","900","OGLALA NAT. GRASS.",1,39,17,1,2,2935,"oglala nat grass",54900,"OGLALA NAT. GRASS.",39049.97,39049.97,39049.97,2001,2001,2174,"oglala nat grass",1,7.1106429069545
840,"54","901","Pine Ridge",1,39,18,1,2,2936,"pine ridge",54901,"Pine Ridge",40838.903,40838.9,40838.9,2001,2001,2175,"pine ridge",1,28.783250639611
840,"55","001","VYA",0,89,9,1,1,2937,"vya",55001,"VYA",49368.363,49368.36,49368.36,2001,2001,2176,"vya",1,0.380507156502367
840,"55","002","PIUTE MDWS",1,80,9,1,1,2938,"piute mdws",55002,"PIUTE MDWS",46848,46848,46848,1998,1998,2177,"piute mdws",1,1.47078464697871
840,"55","004","MIDAS",1,88,9,1,1,2940,"midas",55004,"MIDAS",49205.6,49205.6,49205.6,1998,1998,2179,"midas",1,1.46421002660213
840,"55","005","DINNER STA",0,88,9,1,1,2941,"dinner sta",55005,"DINNER STA",38076.8,38076.8,38076.8,1998,1998,2180,"dinner sta",1,3.06132493857152
840,"55","006","RANCHOGRANDE",1,88,9,1,1,2942,"ranchogrande",55006,"RANCHOGRANDE",45052.8,45052.8,45052.8,1998,1998,2181,"ranchogrande",1,1.46242770386733
840,"55","007","SAND PASS",1,80,9,1,1,2943,"sand pass",55007,"SAND PASS",40774.5,40774.5,40774.5,1998,1998,2182,"sand pass",1,151.88597446378
840,"55","009","FISH CREEK",1,88,9,1,1,2945,"fish creek",55009,"FISH CREEK",41756.6,41756.6,41756.6,1998,1998,2184,"fish creek",1,1.1672843698783
840,"55","010","CORTEZ",1,88,9,1,1,2946,"cortez",55010,"CORTEZ",37339.9,37339.9,37339.9,1998,1998,2185,"cortez",1,3.08236610820438
840,"55","011","WALKER CAN",1,88,9,1,1,2947,"walker can",55011,"WALKER CAN",41868.8,41868.8,41868.8,1998,1998,2186,"walker can",1,138.431801278134
840,"55","012","MIZPAH",1,88,9,1,1,2948,"mizpah",55012,"MIZPAH",40473.2,40473.2,40473.2,1998,1998,2187,"mizpah",1,609.000024500841
840,"55","013","SUTCLIFFE",0,88,9,1,1,2949,"sutcliffe",55013,"SUTCLIFFE",42746.277,42746.28,42746.28,2001,2001,2188,"sutcliffe",1,1.26008312689124
840,"55","014","FRENCHMAN",0,80,9,1,1,2950,"frenchman",55014,"FRENCHMAN",40055.516,40055.52,40055.52,2001,2001,2189,"frenchman",1,0.599684817088695
840,"55","015","TOIYABE NF",1,88,9,1,1,2951,"toiyabe nf",55015,"TOIYABE NF",41340.4,41340.4,41340.4,1998,1998,2190,"toiyabe nf",1,142.745695128509
840,"55","016","EUREKA",1,88,9,1,1,2952,"eureka",55016,"EUREKA",40560,40560,40560,1998,1998,2191,"eureka",1,10.1030678163554
840,"55","018","MAJORS PLACE",1,88,9,1,1,2954,"majors place",55018,"MAJORS PLACE",43751.2,43751.2,43751.2,1998,1998,2193,"majors place",1,1.25983148719248
840,"55","020","THORNE",0,80,9,1,1,2956,"thorne",55020,"THORNE",46874.965,46874.96,46874.96,2001,2001,2195,"thorne",1,1.25403723836607
840,"55","021","BIG SMOKEY V",0,80,9,1,1,2957,"big smokey v",55021,"BIG SMOKEY V",34198.5,34198.5,34198.5,1998,1998,2196,"big smokey v",1,1.38430566768235
840,"55","022","DOBBIN CREEK",1,88,9,1,1,2958,"dobbin creek",55022,"DOBBIN CREEK",42445.6,42445.6,42445.6,1998,1998,2197,"dobbin creek",1,1.02619343160069
840,"55","023","WILLIS",1,88,9,1,1,2959,"willis",55023,"WILLIS",38329.6,38329.6,38329.6,1998,1998,2198,"willis",1,13.5912022019089
840,"55","025","SILVER PEAK",0,80,33,1,1,2961,"silver peak",55025,"SILVER PEAK",41650.6,41650.6,41650.6,1998,1998,2200,"silver peak",1,11.0920307633479
840,"55","027","HIKO",1,80,9,1,1,2962,"hiko",55027,"HIKO",39616.4,39616.4,39616.4,1998,1998,2201,"hiko",1,1.20875902122851
840,"55","028","CALIENTE",1,80,9,1,1,2963,"caliente",55028,"CALIENTE",40708.9,40708.9,40708.9,1998,1998,2202,"caliente",1,0.820444433435741
840,"55","029","BEATTY",1,83,33,1,1,2964,"beatty",55029,"BEATTY",44601.9,44601.9,44601.9,1998,1998,2203,"beatty",1,267.731646440223
840,"55","030","ALAMO",0,80,33,1,1,2965,"alamo",55030,"ALAMO",43025.914,43025.91,43025.91,2001,2001,2204,"alamo",1,1.24049638046668
840,"55","031","VAL OF FIRE",1,83,33,1,1,2966,"val of fire",55031,"VAL OF FIRE",40294.3,40294.3,40294.3,1998,1998,2205,"val of fire",1,12.274935100943
840,"55","032","JEAN LAKE",0,83,33,1,1,2967,"jean lake",55032,"JEAN LAKE",44578.6,44578.6,44578.6,1998,1998,2206,"jean lake",1,1.17685588553305
840,"55","033","NELSON",1,83,33,1,1,2968,"nelson",55033,"NELSON",42166.2,42166.2,42166.2,1998,1998,2207,"nelson",1,122.998750697547
840,"55","037","JARBIDGE",0,88,9,1,1,2969,"jarbidge",55037,"JARBRIDGE",42289.4,42289.4,42289.4,1998,1998,2208,"jarbridge",0.962962962962963,1.45827143271392
840,"55","043","RUBY VALLEY",0,88,9,1,1,2970,"ruby valley",55043,"RUBY VALLEY",38225.7,38225.7,38225.7,1998,1998,2209,"ruby valley",1,1.0947367778123
840,"55","045","NIXON",1,88,9,1,1,2971,"nixon",55045,"NIXON",42384.8,42384.8,42384.8,1998,1998,2210,"nixon",1,844.570558165093
840,"55","101","BALD MTN.",1,89,9,1,1,2973,"bald mtn",55101,"BALD MTN.",39930.9,39930.9,39930.9,1998,1998,2211,"bald mtn",1,57.6732222026325
840,"55","103","CHIMNEY RES.",1,88,9,1,1,2974,"chimney res",55103,"CHIMNEY RES.",36295.6,36295.6,36295.6,1998,1998,2212,"chimney res",1,24.7439803198259
840,"55","108","OREANA",0,88,9,1,1,2975,"oreana",55008,"RYE PATCH",39681.832,39681.83,39681.83,2001,2001,2183,"rye patch",0.611111111111111,37.1465646720986
840,"55","114","FALLON",1,80,9,1,1,2976,"fallon",55114,"FALLON",46858.1,46858.1,46858.1,1998,1998,2214,"fallon",1,0.990201646423721
840,"55","120","HAWTHORNE",0,88,9,1,1,2978,"hawthorne",55120,"HAWTHORNE",39182.9,39182.9,39182.9,1998,1998,2215,"hawthorne",1,20.8243522524831
840,"55","121","DARROUGHS HOT SPGS",1,80,9,1,1,2979,"darroughs hot spgs",55121,"DARROUGHS HOT SPGS",44268.578,44268.58,44268.58,2001,2001,2216,"darroughs hot spgs",1,3.13339322771864
840,"55","125","SILVER PEAK 2",1,80,33,1,1,2980,"silver peak 2",55025,"SILVER PEAK",41650.6,41650.6,41650.6,1998,1998,2200,"silver peak",0.948717948717949,11.1171420437154
840,"55","132","SANDY VALLEY",0,83,33,1,1,2982,"sandy valley",55032,"JEAN LAKE",44578.6,44578.6,44578.6,1998,1998,2206,"jean lake",0.666666666666667,10.1245519562023
840,"55","137","Jarbidge 2",0,88,9,1,1,2983,"jarbidge 2",55037,"JARBRIDGE",42289.4,42289.4,42289.4,1998,1998,2208,"jarbridge",0.896296296296296,1.53208572456601
840,"55","143","RUBY VALLEY 2",1,88,9,1,1,2984,"ruby valley 2",55143,"RUBY VALLEY 2",40273.662,40273.66,40273.66,2011,2011,2218,"ruby valley 2",1,13.9258891338768
840,"55","901","COMINS LAKE",0,88,9,1,2,2987,"comins lake",55901,"COMINS LAKE",48115.9,48115.9,48115.9,1998,1998,2219,"comins lake",1,42.6964312753102
840,"55","902","HUMBOLDT NF",0,88,9,1,2,2988,"humboldt nf",55902,"HUMBOLDT NF",57671.3,57671.4,57671.4,1998,1998,2220,"humboldt nf",1,0.650144776507387
840,"55","904","CARSON RIVER",0,80,9,1,2,2990,"carson river",55904,"CARSON RIVER",33268.3,33268.3,33268.3,1998,1998,2222,"carson river",1,1.36246202207331
840,"55","905","AUSTIN",0,88,9,1,2,2991,"austin",55905,"AUSTIN",33082.7,33082.7,33082.7,1998,1998,2223,"austin",1,478.992220324498
840,"55","906","ASH MEADOWS",1,83,33,1,2,2992,"ash meadows",55906,"ASH MEADOWS",39687.8,39687.8,39687.8,1998,1998,2224,"ash meadows",1,0.973712521233575
840,"55","908","MEADOW VALLY",1,88,9,1,2,2994,"meadow vally",55908,"MEADOW VALLY",42200.6,42200.6,42200.6,1998,1998,2226,"meadow vally",1,583.930281340591
840,"55","909","Carson River 2",0,80,9,1,2,2995,"carson river 2",55904,"CARSON RIVER",33268.3,33268.3,33268.3,1998,1998,2222,"carson river",0.952380952380952,401.288294277481
840,"55","910","HUMBOLDT NF 2",1,88,9,1,2,2996,"humboldt nf 2",55902,"HUMBOLDT NF",57671.3,57671.4,57671.4,1998,1998,2220,"humboldt nf",0.948717948717949,19.4432609875579
840,"58","001","PETERBOROUGH",1,27,14,1,1,3100,"peterborough",58001,"PETERBOROUGH",41147.6,41147.5,41147.5,1998,1998,2227,"peterborough",1,0.510455747942994
840,"58","002","BRENTWOOD",0,12,30,1,1,3101,"brentwood",58002,"BRENTWOOD",39642.7,39642.7,39642.7,1998,1998,2228,"brentwood",1,1.03945090950199
840,"58","003","FITZWILLIAM",1,27,14,1,1,3102,"fitzwilliam",58003,"FITZWILLIAM",39355.5,39355.5,39355.5,1998,1998,2229,"fitzwilliam",1,63.7387955159667
840,"58","004","DOVER",1,12,30,1,1,3103,"dover",58004,"DOVER",36381.1,36381.1,36381.1,1998,1998,2230,"dover",1,1.12249416667958
840,"58","005","HOPKINTON",1,27,14,1,1,3104,"hopkinton",58005,"HOPKINTON",38761.3,38761.3,38761.3,1998,1998,2231,"hopkinton",1,194.925685788678
840,"58","006","EPSOM",1,27,30,1,1,3105,"epsom",58006,"EPSOM",44191.9,44191.9,44191.9,1998,1998,2232,"epsom",1,865.275920613438
840,"58","007","CONCORD",1,27,14,1,1,3106,"concord",58007,"CONCORD",41569.2,41569.2,41569.2,1998,1998,2233,"concord",1,0.815966502851896
840,"58","008","STRAFFORD",1,27,30,1,1,3107,"strafford",58008,"STRAFFORD",40191.6,40191.6,40191.6,1998,1998,2234,"strafford",1,473.932956739879
840,"58","009","CANTERBURY",1,27,14,1,1,3108,"canterbury",58009,"CANTERBURY",39704.4,39704.4,39704.4,1998,1998,2235,"canterbury",1,234.855307255109
840,"58","010","GILMANTN I W",1,27,14,1,1,3109,"gilmantn i w",58010,"GILMANTN I W",40148.4,40148.4,40148.4,1998,1998,2236,"gilmantn i w",1,0.326306407574166
840,"58","011","WILMOT",1,27,14,1,1,3110,"wilmot",58011,"WILMOT",40858.3,40858.3,40858.3,1998,1998,2237,"wilmot",1,93.77953227387
840,"58","012","MT CHOCORUA",1,28,14,1,1,3111,"mt chocorua",58012,"MT CHOCORUA",39684.4,39684.4,39684.4,1998,1998,2238,"mt chocorua",1,99.6460188587522
840,"58","013","WALPOLE",1,27,14,1,1,3112,"walpole",58013,"WALPOLE",38651.7,38651.7,38651.7,1998,1998,2239,"walpole",1,603.195299867381
840,"58","014","MARLOW",1,27,14,1,1,3113,"marlow",58014,"MARLOW",37855.8,37855.8,37855.8,1998,1998,2240,"marlow",1,435.312874793509
840,"58","015","LEMPSTER",1,27,14,1,1,3114,"lempster",58015,"LEMPSTER",40571.9,40571.9,40571.9,1998,1998,2241,"lempster",1,476.380970920598
840,"58","016","CRAWFORD NOT",0,28,14,1,1,3115,"crawford not",58016,"CRAWFORD NOT",39491.329,39491.32,39491.32,2011,2011,2242,"crawford not",1,331.511762836136
840,"58","017","JEFFERSON HL",1,28,14,1,1,3116,"jefferson hl",58017,"JEFFERSON HL",38915.6,38915.6,38915.6,1998,1998,2243,"jefferson hl",1,0.805734108630946
840,"58","018","FRANCONIA",1,28,14,1,1,3117,"franconia",58018,"FRANCONIA",41262.8,41262.8,41262.8,1998,1998,2244,"franconia",1,1.01027608947966
840,"58","019","MILAN",1,28,14,1,1,3118,"milan",58019,"MILAN",43106.2,43106.2,43106.2,1998,1998,2245,"milan",1,43.5304859078888
840,"58","020","STRATFORD",1,28,14,1,1,3119,"stratford",58020,"STRATFORD",43522.1,43522.1,43522.1,1998,1998,2246,"stratford",1,28.7101542228112
840,"58","021","DIXVIL NOTCH",0,28,14,1,1,3120,"dixvil notch",58021,"DIXVIL NOTCH",37027,37027,37027,1998,1998,2247,"dixvil notch",1,26.5722833574017
840,"58","022","CLARKSVILLE",1,28,14,1,1,3121,"clarksville",58022,"CLARKSVILLE",40881.4,40881.4,40881.4,1998,1998,2248,"clarksville",1,59.927177798356
840,"58","023","GLEN",1,28,14,1,1,3122,"glen",58023,"GLEN",44466.7,44466.7,44466.7,1998,1998,2249,"glen",1,6.24560771397619
840,"58","102","EAST KINGSTON",1,12,30,1,1,3123,"east kingston",58102,"EAST KINGSTON",29814.604,29814.6,29814.6,2001,2001,2250,"east kingston",1,59.0952351538042
840,"58","116","JEFFERS NTCH",1,28,14,1,1,3124,"jeffers ntch",58116,"JEFFERS NTCH",38298.3,38298.3,38298.3,1998,1998,2251,"jeffers ntch",1,31.1274343916775
840,"59","001","WOODBURY HGT",1,4,30,1,1,3126,"woodbury hgt",59001,"WOODBURY HGT",43387.5,43387.5,43387.5,1998,1998,2252,"woodbury hgt",1,0.787157653592143
840,"59","002","GREENWICH",1,4,30,1,1,3127,"greenwich",59002,"GREENWICH",43448.1,43448.1,43448.1,1998,1998,2253,"greenwich",1,65.4599522217719
840,"59","003","SIX POINTS",1,4,30,1,1,3128,"six points",59003,"SIX POINTS",39881.1,39881.1,39881.1,1998,1998,2254,"six points",1,0.814259297145809
840,"59","004","DEEPWATER",0,4,30,1,1,3129,"deepwater",59004,"DEEPWATER",40591.285,40591.29,40591.29,2001,2001,2255,"deepwater",1,1.06424713634806
840,"59","005","TOMS RIVER",1,4,30,1,1,3130,"toms river",59005,"TOMS RIVER",39213.4,39213.4,39213.4,1998,1998,2256,"toms river",1,32.157588932332
840,"59","006","ALBION",1,4,30,1,1,3131,"albion",59006,"ALBION",40973.8,40973.8,40973.8,1998,1998,2257,"albion",1,0.824225825210224
840,"59","007","ANCORA",0,4,30,1,1,3132,"ancora",59007,"ANCORA",40521.215,40521.21,40521.21,2001,2001,2258,"ancora",1,0.574848853868342
840,"59","008","MASONVILLE",0,4,30,1,1,3133,"masonville",59008,"MASONVILLE",41145.406,41145.41,41145.41,2001,2001,2259,"masonville",1,0.68446303481124
840,"59","009","BENNETT MILL",0,4,30,1,1,3134,"bennett mill",59009,"BENNETT MILL",40127.9,40127.9,40127.9,1998,1998,2260,"bennett mill",1,1.16106768312543
840,"59","010","SANDBROOK",1,10,29,1,1,3135,"sandbrook",59010,"SANDBROOK",39018.8,39018.8,39018.8,1998,1998,2261,"sandbrook",1,0.192572777937428
840,"59","011","HOLMANSVILLE",0,4,30,1,1,3136,"holmansville",59111,"HOLMANSVILLE 2",44494.758,44494.75,44494.75,2011,2011,2288,"holmansville 2",0.952380952380952,5.81293107122046
840,"59","012","CLARKSVILLE",0,4,30,1,1,3137,"clarksville",59012,"CLARKSVILLE",39259.325,39259.33,39259.33,2001,2001,2263,"clarksville",1,54.8906779094705
840,"59","013","NEW BEDFORD",1,4,30,1,1,3138,"new bedford",59013,"NEW BEDFORD",39448.6,39448.6,39448.6,1998,1998,2264,"new bedford",1,0.949714439746463
840,"59","014","CROTON",0,10,29,1,1,3139,"croton",59014,"CROTON",38806.6,38806.6,38806.6,1998,1998,2265,"croton",1,1.04560576905644
840,"59","015","ROBBINSVILLE",0,4,30,1,1,3140,"robbinsville",59015,"ROBBINSVILLE",39465.566,39465.57,39465.57,2001,2001,2266,"robbinsville",1,0.744726229358984
840,"59","016","HOPE",0,12,28,1,1,3141,"hope",59016,"HOPE",44657.512,44657.51,44657.51,2001,2001,2267,"hope",1,0.873612821755775
840,"59","017","PASSAIC",0,10,29,1,1,3142,"passaic",59017,"PASSAIC",42487.723,42487.72,42487.72,2001,2001,2268,"passaic",1,0.721080976514037
840,"59","018","MIDVALE",1,12,28,1,1,3143,"midvale",59018,"MIDVALE",45206.6,45206.6,45206.6,1998,1998,2269,"midvale",1,36.2097061054943
840,"59","019","KEMAH LAKE",1,13,28,1,1,3144,"kemah lake",59019,"KEMAH LAKE",40987.2,40987.2,40987.2,1998,1998,2270,"kemah lake",1,0.24052763998445
840,"59","020","BLOOMSBURY",1,13,28,1,1,3145,"bloomsbury",59020,"BLOOMSBURY",39241.3,39241.3,39241.3,1998,1998,2271,"bloomsbury",1,0.578074970306515
840,"59","021","HIGH POINT",1,13,28,1,1,3146,"high point",59021,"HIGH POINT",40406.1,40406.1,40406.1,1998,1998,2272,"high point",1,0.988056312193939
840,"59","022","DOVER",1,12,28,1,1,3147,"dover",59022,"DOVER",40571,40571,40571,1998,1998,2273,"dover",1,44.2440089711751
840,"59","023","POTTERSVILLE",1,10,29,1,1,3148,"pottersville",59023,"POTTERSVILLE",39931.9,39931.9,39931.9,1998,1998,2274,"pottersville",1,13.0793553413722
840,"59","024","GILLETTE",1,10,29,1,1,3149,"gillette",59024,"GILLETTE",39673.4,39673.4,39673.4,1998,1998,2275,"gillette",1,0.665858736479661
840,"59","025","KEYPORT",1,4,30,1,1,3150,"keyport",59025,"KEYPORT",39963.8,39963.9,39963.9,1998,1998,2276,"keyport",1,0.826791051718574
840,"59","026","CRANBURY",1,4,30,1,1,3151,"cranbury",59026,"CRANBURY",39574.2,39574.2,39574.2,1998,1998,2277,"cranbury",1,189.653116238092
840,"59","027","ROOSEVELT",1,4,30,1,1,3152,"roosevelt",59027,"ROOSEVELT",39177.6,39177.6,39177.6,1998,1998,2278,"roosevelt",1,0.695234839361559
840,"59","028","FRIENDSHIP",1,4,30,1,1,3153,"friendship",59028,"FRIENDSHIP",40064.4,40064.4,40064.4,1998,1998,2279,"friendship",1,6.83840253790251
840,"59","029","POMONA",1,4,30,1,1,3154,"pomona",59029,"POMONA",39721.2,39721.2,39721.2,1998,1998,2280,"pomona",1,1.0250254491689
840,"59","030","OCEAN CITY",1,4,30,1,1,3155,"ocean city",59030,"OCEAN CITY",40028.2,40028.2,40028.2,1998,1998,2281,"ocean city",1,15.0783467903854
840,"59","031","VILLAS",0,4,30,1,1,3156,"villas",59031,"VILLAS",38974.371,38974.37,38974.37,2001,2001,2282,"villas",1,1.10858750505581
840,"59","032","SPRAGUETOWN",0,4,30,1,1,3157,"spraguetown",59032,"SPRAGUETOWN",40163.8,40163.8,40163.8,1998,1998,2283,"spraguetown",1,0.988076971632538
840,"59","033","MT MISERY",0,4,30,1,1,3158,"mt misery",59033,"MT MISERY",39181.415,39181.42,39181.42,2001,2001,2284,"mt misery",1,1.03560782840877
840,"59","104","PEDRICKTOWN",0,4,30,1,1,3160,"pedricktown",59104,"PEDRICKTOWN",39295.4,39295.4,39295.4,1998,1998,2285,"pedricktown",1,6.53200670072209
840,"59","107","WINSLOW",1,4,30,1,1,3161,"winslow",59107,"WINSLOW",40806.3,40806.3,40806.3,1998,1998,2286,"winslow",1,3.50549606847666
840,"59","109","BENNETT MILL 2",1,4,30,1,1,3162,"bennett mill 2",59109,"BENNETT MILL 2",37322.93,37322.92,37322.92,2011,2011,2287,"bennett mill 2",1,2.91241858321576
840,"59","111","Holmansville 2",0,4,30,1,1,3163,"holmansville 2",59111,"HOLMANSVILLE 2",44494.758,44494.75,44494.75,2011,2011,2288,"holmansville 2",1,1.54645646218529
840,"59","114","CROTON 2",1,10,29,1,1,3164,"croton 2",59014,"CROTON",38806.6,38806.6,38806.6,1998,1998,2265,"croton",0.916666666666667,553.701473733313
840,"59","116","RAMSEYSBURG",1,12,28,1,1,3165,"ramseysburg",59116,"RAMSEYSBURG",42305.5,42305.5,42305.5,1998,1998,2290,"ramseysburg",1,66.2853256209707
840,"59","131","DEL HAVEN",0,4,30,1,1,3166,"del haven",59131,"DEL HAVEN",41345.418,41345.42,41345.42,2001,2001,2291,"del haven",1,1.10858750505581
840,"59","132","SPRAGUETOWN 2",0,4,30,1,1,3167,"spraguetown 2",59132,"SPRAGUETOWN 2",41557.816,41557.82,41557.82,2001,2001,2292,"spraguetown 2",1,15.7149297909617
840,"59","204","PEDRICKTOWN 2",1,4,30,1,1,3168,"pedricktown 2",59104,"PEDRICKTOWN",39295.4,39295.4,39295.4,1998,1998,2285,"pedricktown",0.948717948717949,25.5236412581157
840,"59","231","CAPE MAY CH",0,4,30,1,1,3169,"cape may ch",59231,"CAPE MAY CH",47758.7,47758.7,47758.7,1998,1998,2293,"cape may ch",1,520.576957522137
840,"59","232","SPRAGUETOWN 3",1,4,30,1,1,3170,"spraguetown 3",59032,"SPRAGUETOWN",40163.8,40163.8,40163.8,1998,1998,2283,"spraguetown",0.948717948717949,14.9487020168475
840,"60","001","FARMINGTON",0,84,16,1,1,3171,"farmington",60001,"FARMINGTON",45804.973,45804.97,45804.97,2001,2001,2294,"farmington",1,1.16863339315523
840,"60","003","CEBOLLA",1,62,16,1,1,3173,"cebolla",60003,"CEBOLLA",39691.2,39691.2,39691.2,1998,1998,2296,"cebolla",1,1.02269172499596
840,"60","004","OJO SARCO",1,62,16,1,1,3174,"ojo sarco",60004,"OJO SARCO",40340.3,40340.3,40340.3,1998,1998,2297,"ojo sarco",1,1.07457938362426
840,"60","005","FARLEY",1,87,18,1,1,3175,"farley",60005,"FARLEY",40182.3,40182.3,40182.3,1998,1998,2298,"farley",1,0.617299128123131
840,"60","006","GRENVILLE",1,55,18,1,1,3176,"grenville",60006,"GRENVILLE",42376.8,42376.8,42376.8,1998,1998,2299,"grenville",1,0.781735815133963
840,"60","007","CROWNPOINT",0,87,16,1,1,3177,"crownpoint",60007,"CROWNPOINT",41311.23,41311.23,41311.23,2001,2001,2300,"crownpoint",1,7.40512415138948
840,"60","008","TORREON",1,87,16,1,1,3178,"torreon",60008,"TORREON",45372.2,45372.2,45372.2,1998,1998,2301,"torreon",1,166.100482069159
840,"60","009","LA CIENEGA",1,87,16,1,1,3179,"la cienega",60009,"LA CIENEGA",39967.6,39967.6,39967.6,1998,1998,2302,"la cienega",1,0.826878966697135
840,"60","010","PECOS",1,84,16,1,1,3180,"pecos",60010,"PECOS",40946,40946,40946,1998,1998,2303,"pecos",1,0.70156807267848
840,"60","013","FENCE LAKE",1,87,16,1,1,3183,"fence lake",60013,"FENCE LAKE",39858.6,39858.6,39858.6,1998,1998,2305,"fence lake",1,0.236510029509251
840,"60","015","VALENCIA",0,87,16,1,1,3185,"valencia",60015,"VALENCIA",39837.652,39837.65,39837.65,2001,2001,2307,"valencia",1,1.06734043390364
840,"60","016","CLAUNCH",0,84,16,1,1,3186,"claunch",60016,"CLAUNCH",42688.6,42688.6,42688.6,1998,1998,2308,"claunch",1,10.720555800792
840,"60","017","COOLEY LAKE",1,55,18,1,1,3187,"cooley lake",60017,"COOLEY LAKE",39748.5,39748.5,39748.5,1998,1998,2309,"cooley lake",1,73.8034705203569
840,"60","018","FLOYD",1,55,18,1,1,3188,"floyd",60018,"FLOYD",41518.1,41518.1,41518.1,1998,1998,2310,"floyd",1,1.0456241999979
840,"60","019","HORSE SPGS",1,87,16,1,1,3189,"horse spgs",60019,"HORSE SPGS",41151.4,41151.4,41151.4,1998,1998,2311,"horse spgs",1,38.4031970530122
840,"60","020","HORSE MTN",1,84,16,1,1,3190,"horse mtn",60020,"HORSE MTN",39017.3,39017.3,39017.3,1998,1998,2312,"horse mtn",1,1.20474828426624
840,"60","021","SAN ANTONIO",0,56,35,1,1,3191,"san antonio",60021,"SAN ANTONIO",43459.547,43459.55,43459.55,2001,2001,2313,"san antonio",1,1.00470811776777
840,"60","022","CARRIZOZO",1,84,35,1,1,3192,"carrizozo",60022,"CARRIZOZO",41304.2,41304.2,41304.2,1998,1998,2314,"carrizozo",1,8.93221857139127
840,"60","023","ROSWELL",1,56,35,1,1,3193,"roswell",60023,"ROSWELL",41425.4,41425.4,41425.4,1998,1998,2315,"roswell",1,0.330062862634644
840,"60","024","CAPROCK",1,55,18,1,1,3194,"caprock",60024,"CAPROCK",42540.5,42540.5,42540.5,1998,1998,2316,"caprock",1,20.8120860337233
840,"60","025","GAGE",1,56,35,1,1,3195,"gage",60025,"GAGE",40304.7,40304.7,40304.7,1998,1998,2317,"gage",1,667.222679587682
840,"60","026","DEMING",0,56,35,1,1,3196,"deming",60026,"DEMING",37971.472,37971.47,37971.47,2011,2011,2318,"deming",1,3.91491681485755
840,"60","027","JORNADA",1,56,35,1,1,3197,"jornada",60027,"JORNADA",41630.5,41630.5,41630.5,1998,1998,2319,"jornada",1,1.29114607685947
840,"60","028","CLOUDCROFT",1,84,35,1,1,3198,"cloudcroft",60028,"CLOUDCROFT",38566.3,38566.3,38566.3,1998,1998,2320,"cloudcroft",1,61.478784582501
840,"60","029","LAKEWOOD",1,56,35,1,1,3199,"lakewood",60029,"LAKEWOOD",38827,38827,38827,1998,1998,2321,"lakewood",1,0.877580656582764
840,"60","030","MALJAMAR",0,55,18,1,1,3200,"maljamar",60030,"MALJAMAR",39598.414,39598.41,39598.41,2001,2001,2322,"maljamar",1,1.02195875061728
840,"60","031","RODEO",1,56,35,1,1,3201,"rodeo",60031,"RODEO",38854.7,38854.7,38854.7,1998,1998,2323,"rodeo",1,53.5989731348073
840,"60","051","SHIPROCK",1,87,16,1,1,3202,"shiprock",60051,"SHIPROCK",36091.7,36091.7,36091.7,1998,1998,2324,"shiprock",1,25.1804559597254
840,"60","052","COUNSELOR",1,87,16,1,1,3203,"counselor",60052,"COUNSELOR",45534.6,45534.6,45534.6,1998,1998,2325,"counselor",1,16.4543989547716
840,"60","053","STINKING LK.",0,84,16,1,1,3204,"stinking lk",60053,"STINKING LK.",51861.2,51861.2,51861.2,1998,1998,2326,"stinking lk",1,235.0643488114
840,"60","054","ANGEL FIRE",0,62,16,1,1,3205,"angel fire",60054,"ANGEL FIRE",50605,50605,50605,1998,1998,2327,"angel fire",1,24.4429560120594
840,"60","055","RATON",0,87,18,1,1,3206,"raton",60055,"RATON",38066.7,38066.7,38066.7,1998,1998,2328,"raton",1,0.994019213683793
840,"60","056","SEDAN",1,55,18,1,1,3207,"sedan",60056,"SEDAN",43098.3,43098.3,43098.3,1998,1998,2329,"sedan",1,0.723689721075614
840,"60","058","MT. TAYLOR",0,84,16,1,1,3209,"mt taylor",60058,"MT. TAYLOR",55549.5,55549.5,55549.5,1998,1998,2331,"mt taylor",1,1.40341731345348
840,"60","059","VALLECITOS",1,84,16,1,1,3210,"vallecitos",60059,"VALLECITOS",41448.3,41448.3,41448.3,1998,1998,2332,"vallecitos",1,41.0747137367202
840,"60","060","GALLINAS",1,84,16,1,1,3211,"gallinas",60060,"GALLINAS",38486.6,38486.6,38486.6,1998,1998,2333,"gallinas",1,439.219122095331
840,"60","061","VARIADERO",1,87,18,1,1,3212,"variadero",60061,"VARIADERO",39516.1,39516.1,39516.1,1998,1998,2334,"variadero",1,0.87105823301035
840,"60","062","ROSEBUD",1,55,18,1,1,3213,"rosebud",60062,"ROSEBUD",49021.8,49021.8,49021.8,1998,1998,2335,"rosebud",1,31.0694938541848
840,"60","063","QUEMADO",0,87,16,1,1,3214,"quemado",60063,"QUEMADO",42462.1,42462.1,42462.1,1998,1998,2336,"quemado",1,1.8267465918656
840,"60","064","DATIL",0,87,16,1,1,3215,"datil",60064,"DATIL",42279.293,42279.29,42279.29,2001,2001,2337,"datil",1,1.00148729538681
840,"60","065","MOUNTAINAIR",1,87,16,1,1,3216,"mountainair",60065,"MOUNTAINAIR",42877.6,42877.6,42877.6,1998,1998,2338,"mountainair",1,35.7327802466611
840,"60","066","CORONA EAST",0,87,16,1,1,3217,"corona east",60066,"CORONA EAST",47078.047,47078.05,47078.05,2001,2001,2339,"corona east",1,18.0981020165012
840,"60","067","PASTURA",1,87,16,1,1,3218,"pastura",60067,"PASTURA",52471.1,52471.1,52471.1,1998,1998,2340,"pastura",1,50.7913195752169
840,"60","068","CLOVIS",1,55,18,1,1,3219,"clovis",60068,"CLOVIS",40453.2,40453.2,40453.2,1998,1998,2341,"clovis",1,0.481519014922563
840,"60","069","RESERVE",1,84,34,1,1,3220,"reserve",60069,"RESERVE",40244.8,40244.8,40244.8,1998,1998,2342,"reserve",1,4.63959760817845
840,"60","070","VICKS PEAK",1,81,34,1,1,3221,"vicks peak",60070,"VICKS PEAK",58081.9,58081.9,58081.9,1998,1998,2343,"vicks peak",1,1.19949331043497
840,"60","071","LABORCITA",0,56,35,1,1,3222,"laborcita",60071,"LABORCITA",40631.1,40631.1,40631.1,1998,1998,2344,"laborcita",1,143.034615151952
840,"60","072","CAPITAN MTN.",1,87,35,1,1,3223,"capitan mtn",60072,"CAPITAN MTN.",42471.6,42471.6,42471.6,1998,1998,2345,"capitan mtn",1,244.482865886367
840,"60","073","BITTER LAKE",1,56,35,1,1,3224,"bitter lake",60073,"BITTER LAKE",51186.9,51186.9,51186.9,1998,1998,2346,"bitter lake",1,15.6858563168006
840,"60","074","PEP",1,55,18,1,1,3225,"pep",60074,"PEP",39939.8,39939.8,39939.8,1998,1998,2347,"pep",1,0.672682289415533
840,"60","075","RED ROCK",1,56,35,1,1,3226,"red rock",60075,"RED ROCK",44723,44723,44723,1998,1998,2348,"red rock",1,1.03368247554137
840,"60","076","EMORY PASS",1,81,34,1,1,3227,"emory pass",60076,"EMORY PASS",40898.4,40898.4,40898.4,1998,1998,2349,"emory pass",1,1.09216819218976
840,"60","077","MESILLA",0,56,35,1,1,3228,"mesilla",60077,"MESILLA",45579.4,45579.4,45579.4,1998,1998,2350,"mesilla",1,19.0898278852749
840,"60","078","PINON",1,84,35,1,1,3229,"pinon",60078,"PINON",49339.9,49339.9,49339.9,1998,1998,2351,"pinon",1,4.50400838488378
840,"60","079","QUEEN",1,81,35,1,1,3230,"queen",60079,"QUEEN",52939.4,52939.4,52939.4,1998,1998,2352,"queen",1,40.123001042423
840,"60","080","HOBBS",1,55,18,1,1,3231,"hobbs",60080,"HOBBS",39435.8,39435.8,39435.8,1998,1998,2353,"hobbs",1,2.35062942824847
840,"60","081","HATCHET PEAK",1,56,35,1,1,3232,"hatchet peak",60081,"HATCHET PEAK",46505.2,46505.2,46505.2,1998,1998,2354,"hatchet peak",1,1.27878178859966
840,"60","082","COLUMBUS",1,56,35,1,1,3233,"columbus",60082,"COLUMBUS",44176.3,44176.3,44176.3,1998,1998,2355,"columbus",1,1.01184333178251
840,"60","101","AZTEC",0,84,16,1,1,3236,"aztec",60101,"AZTEC",49083.316,49083.32,49083.32,2001,2001,2356,"aztec",1,1.13929290420274
840,"60","107","BLUEWATER LAKE",1,84,16,1,1,3237,"bluewater lake",60107,"BLUEWATER LAKE",43660.6,43660.6,43660.6,1998,1998,2357,"bluewater lake",1,48.1443001391406
840,"60","111","SABINOSO",1,87,18,1,1,3238,"sabinoso",60111,"SABINOSO",40089.4,40089.4,40089.4,1998,1998,2358,"sabinoso",1,16.4761611166281
840,"60","112","LOGAN",1,55,18,1,1,3239,"logan",60112,"LOGAN",40666.5,40666.5,40666.5,1998,1998,2359,"logan",1,30.096745894404
840,"60","114","CERRO VERDE",1,87,16,1,1,3240,"cerro verde",60114,"CERRO VERDE",40170.1,40170.1,40170.1,1998,1998,2360,"cerro verde",1,38.52723753611
840,"60","115","ESCONDIDA",1,87,35,1,1,3241,"escondida",60115,"ESCONDIDA",44267.8,44267.8,44267.8,1998,1998,2361,"escondida",1,40.8010255394063
840,"60","116","CLAUNCH 2",1,84,16,1,1,3242,"claunch 2",60116,"CLAUNCH 2",39393.079,39393.07,39393.07,2011,2011,2362,"claunch 2",1,1.27662271261471
840,"60","121","ENGLE",0,56,35,1,1,3243,"engle",60121,"ENGLE",39843.586,39843.59,39843.59,2001,2001,2363,"engle",1,24.540828947586
840,"60","126","LAKE VALLEY",1,56,35,1,1,3244,"lake valley",60126,"LAKE VALLEY",40459.7,40459.7,40459.7,1998,1998,2364,"lake valley",1,1.31315191543571
840,"60","130","SAN SIMON",0,56,18,1,1,3245,"san simon",60130,"SAN SIMON",39772.2,39772.2,39772.2,1998,1998,2365,"san simon",1,0.930379175135981
840,"60","153","DULCE",1,84,16,1,1,3246,"dulce",60153,"DULCE",41274.559,41274.56,41274.56,2001,2001,2366,"dulce",1,21.0498022768617
840,"60","154","Angel Fire 2",1,62,16,1,1,3247,"angel fire 2",60154,"ANGEL FIRE 2",44296.374,44296.37,44296.37,2011,2011,2367,"angel fire 2",1,2.69117663412848
840,"60","155","MAXWELL",1,87,18,1,1,3248,"maxwell",60155,"MAXWELL",41997.2,41997.2,41997.2,1998,1998,2368,"maxwell",1,0.603506074970872
840,"60","158","MT. TAYLOR 2",1,84,16,1,1,3249,"mt taylor 2",60058,"MT. TAYLOR",55549.5,55549.5,55549.5,1998,1998,2331,"mt taylor",0.939393939393939,1.47518452971557
840,"60","163","SALT LAKE",0,87,16,1,1,3250,"salt lake",60163,"SALT LAKE",39710.1,39710.1,39710.1,1998,1998,2369,"salt lake",1,0.724460842970741
840,"60","164","MAGDALENA",1,87,34,1,1,3251,"magdalena",60164,"MAGDALENA",41144.953,41144.95,41144.95,2001,2001,2370,"magdalena",1,36.4296551601232
840,"60","166","GALLO ARROYO",1,87,16,1,1,3252,"gallo arroyo",60166,"GALLO ARROYO",40721.8,40721.8,40721.8,1998,1998,2371,"gallo arroyo",1,11.2014734817414
840,"60","171","LABORCITA 2",1,56,35,1,1,3253,"laborcita 2",60071,"LABORCITA",40631.1,40631.1,40631.1,1998,1998,2344,"laborcita",0.939393939393939,1.50138089020555
840,"60","201","LA PLATA",0,84,16,1,1,3254,"la plata",60201,"LA PLATA",33951.8,33951.8,33951.8,1998,1998,2372,"la plata",1,12.1567059284857
840,"60","221","SUNSHINE WLL",1,56,35,1,1,3255,"sunshine wll",60221,"SUNSHINE WLL",38247.1,38247.1,38247.1,1998,1998,2373,"sunshine wll",1,1.04771200413481
840,"60","263","SALT LAKE 2",1,87,16,1,1,3256,"salt lake 2",60263,"SALT LAKE 2",39938.194,39938.19,39938.19,2011,2011,2374,"salt lake 2",1,9.81155251414365
840,"60","301","LA PLATA 2",0,84,16,1,1,3257,"la plata 2",60201,"LA PLATA",33951.8,33951.8,33951.8,1998,1998,2372,"la plata",0.933333333333333,12.1567059284857
840,"60","900","CAPULIN",0,87,16,1,2,3258,"capulin",60900,"CAPULIN",40068.6,40068.6,40068.6,1998,1998,2375,"capulin",1,1.2448797855006
840,"61","001","WESTHAMPTON",1,9,30,1,1,3259,"westhampton",61001,"WESTHAMPTON",41621.6,41621.6,41621.6,1998,1998,2376,"westhampton",1,9.25438286821985
840,"61","002","MANORVILLE",1,9,30,1,1,3260,"manorville",61002,"MANORVILLE",37442.9,37442.9,37442.9,1998,1998,2377,"manorville",1,0.596223335322065
840,"61","003","HUNTINGTON",1,9,30,1,1,3261,"huntington",61003,"HUNTINGTON",39319.3,39319.3,39319.3,1998,1998,2378,"huntington",1,19.259824841411
840,"61","004","JONES BEACH",1,9,30,1,1,3262,"jones beach",61004,"JONES BEACH",41267.6,41267.6,41267.6,1998,1998,2379,"jones beach",1,28.3151093160267
840,"61","005","HAUPPAUGE",1,9,30,1,1,3263,"hauppauge",61005,"HAUPPAUGE",39585.2,39585.2,39585.2,1998,1998,2380,"hauppauge",1,0.909415207596856
840,"61","006","BEDFORD",1,12,30,1,1,3264,"bedford",61006,"BEDFORD",37126.5,37126.5,37126.5,1998,1998,2381,"bedford",1,4.53722609847463
840,"61","007","SOMERS",0,12,28,1,1,3265,"somers",61007,"SOMERS",36055.641,36055.64,36055.64,2001,2001,2382,"somers",1,10.98005346622
840,"61","008","RHINEBECK",1,13,13,1,1,3266,"rhinebeck",61008,"RHINEBECK",40793.3,40793.3,40793.3,1998,1998,2383,"rhinebeck",1,936.655006352178
840,"61","009","HIGHLAND",1,13,13,1,1,3267,"highland",61009,"HIGHLAND",41103.4,41103.4,41103.4,1998,1998,2384,"highland",1,2.08648867187866
840,"61","010","WARWICK",0,13,28,1,1,3268,"warwick",61010,"WARWICK",49335.9,49335.9,49335.9,1998,1998,2385,"warwick",1,0.638614293870352
840,"61","011","MIDDLETOWN",1,13,28,1,1,3269,"middletown",61011,"MIDDLETOWN",40828.5,40828.5,40828.5,1998,1998,2386,"middletown",1,0.88652166713944
840,"61","013","WESTBROOKVLE",1,13,28,1,1,3271,"westbrookvle",61013,"WESTBROOKVLE",41717.4,41717.4,41717.4,1998,1998,2388,"westbrookvle",1,0.686137840971002
840,"61","014","W SHOKAN",1,13,13,1,1,3272,"w shokan",61014,"W SHOKAN",41798.3,41798.3,41798.3,1998,1998,2389,"w shokan",1,49.0390283117933
840,"61","015","MT HOPE",1,13,28,1,1,3273,"mt hope",61015,"MT HOPE",39047,39047,39047,1998,1998,2390,"mt hope",1,0.787242951351915
840,"61","016","AUSTERLITZ",1,13,13,1,1,3274,"austerlitz",61016,"AUSTERLITZ",40935.7,40935.7,40935.7,1998,1998,2391,"austerlitz",1,0.765307834757254
840,"61","017","PETERSBURG",1,27,14,1,1,3275,"petersburg",61017,"PETERSBURG",38111.8,38111.8,38111.8,1998,1998,2392,"petersburg",1,0.786202821604314
840,"61","018","CATSKILLS",1,13,13,1,1,3276,"catskills",61018,"CATSKILLS",38766.9,38766.9,38766.9,1998,1998,2393,"catskills",1,0.349352763562173
840,"61","019","GHENT",1,13,13,1,1,3277,"ghent",61019,"GHENT",41503.4,41503.4,41503.4,1998,1998,2394,"ghent",1,17.164569439376
840,"61","020","BALLSTON LK",0,13,13,1,1,3278,"ballston lk",61020,"BALLSTON LK",37576.691,37576.69,37576.69,2001,2001,2395,"ballston lk",1,34.9701020554582
840,"61","021","DURHAM",0,24,28,1,1,3279,"durham",61021,"DURHAM",36704.078,36704.08,36704.08,2001,2001,2396,"durham",1,0.364563155615706
840,"61","022","MEDUSA",1,24,28,1,1,3280,"medusa",61022,"MEDUSA",39327.7,39327.7,39327.7,1998,1998,2397,"medusa",1,0.623850434123487
840,"61","023","COOPERSTOWN",0,24,28,1,1,3281,"cooperstown",61023,"COOPERSTOWN",42438.746,42438.75,42438.75,2001,2001,2398,"cooperstown",1,30.977126309348
840,"61","025","COBLESKILL",0,24,28,1,1,3283,"cobleskill",61025,"COBLESKILL",39370.5,39370.5,39370.5,1998,1998,2400,"cobleskill",1,0.247535459161482
840,"61","026","DUANESBURG",1,24,13,1,1,3284,"duanesburg",61026,"DUANESBURG",38444.6,38444.6,38444.6,1998,1998,2401,"duanesburg",1,8.53793318342551
840,"61","027","S BERNE",0,24,28,1,1,3285,"s berne",61027,"S BERNE",35536.1,35536.2,35536.2,1998,1998,2402,"s berne",1,337.536837762794
840,"61","028","PLATTE COVE",1,24,28,1,1,3286,"platte cove",61028,"PLATTE COVE",40232.8,40232.8,40232.8,1998,1998,2403,"platte cove",1,7.19305976505201
840,"61","029","LAURENS",1,24,28,1,1,3287,"laurens",61029,"LAURENS",38612.6,38612.6,38612.6,1998,1998,2404,"laurens",1,295.312642389564
840,"61","030","WHITNEY PT",0,24,28,1,1,3288,"whitney pt",61030,"WHITNEY PT",38668.7,38668.7,38668.7,1998,1998,2405,"whitney pt",1,0.963022817945103
840,"61","031","COVENTRYVILE",1,24,28,1,1,3289,"coventryvile",61031,"COVENTRYVILE",42407.1,42407.1,42407.1,1998,1998,2406,"coventryvile",1,0.930136541260588
840,"61","032","MCDONOUGH",1,24,28,1,1,3290,"mcdonough",61032,"MCDONOUGH",50666.2,50666.2,50666.2,1998,1998,2407,"mcdonough",1,0.803357906780163
840,"61","033","CORBETTSVILE",1,24,28,1,1,3291,"corbettsvile",61033,"CORBETTSVILE",40466.5,40466.5,40466.5,1998,1998,2408,"corbettsvile",1,0.638985156182398
840,"61","034","ONEONTA",1,24,28,1,1,3292,"oneonta",61034,"ONEONTA",47383.2,47383.2,47383.2,1998,1998,2409,"oneonta",1,5.25083588730264
840,"61","035","ORISKANY FLS",1,24,13,1,1,3293,"oriskany fls",61035,"ORISKANY FLS",41569.8,41569.7,41569.7,1998,1998,2410,"oriskany fls",1,7.24792061509266
840,"61","036","OXFORD",0,24,28,1,1,3294,"oxford",61036,"OXFORD",39982.2,39982.2,39982.2,1998,1998,2411,"oxford",1,0.82497996438425
840,"61","037","CAYUGA",1,16,13,1,1,3295,"cayuga",61037,"CAYUGA",40038.4,40038.4,40038.4,1998,1998,2412,"cayuga",1,1.24741338809668
840,"61","039","E NEWARK",1,24,28,1,1,3297,"e newark",61039,"E NEWARK",39705.6,39705.6,39705.6,1998,1998,2414,"e newark",1,9.04261343754101
840,"61","040","ROMULUS",1,16,13,1,1,3298,"romulus",61040,"ROMULUS",40705.3,40705.3,40705.3,1998,1998,2415,"romulus",1,0.994145025567214
840,"61","041","DRYDEN",1,24,28,1,1,3299,"dryden",61041,"DRYDEN",38255.7,38255.7,38255.7,1998,1998,2416,"dryden",1,0.950092472739345
840,"61","042","MACDOUGALL",1,16,13,1,1,3300,"macdougall",61042,"MACDOUGALL",42255.1,42255.1,42255.1,1998,1998,2417,"macdougall",1,29.2302723782952
840,"61","043","TRUMANSBURG",1,24,13,1,1,3301,"trumansburg",61043,"TRUMANSBURG",39904.3,39904.3,39904.3,1998,1998,2418,"trumansburg",1,0.409951478739468
840,"61","044","VESTAL CTR",1,24,28,1,1,3302,"vestal ctr",61044,"VESTAL CTR",36268,36268,36268,1998,1998,2419,"vestal ctr",1,616.815062053513
840,"61","045","PHILLIPS CR",1,24,28,1,1,3303,"phillips cr",61045,"PHILLIPS CR",40684.4,40684.4,40684.4,1998,1998,2420,"phillips cr",1,16.7431555159589
840,"61","046","SWAIN",0,24,28,1,1,3304,"swain",61046,"SWAIN",40492.3,40492.3,40492.3,1998,1998,2421,"swain",1,0.65629007169062
840,"61","047","ORLEANS",1,16,13,1,1,3305,"orleans",61047,"ORLEANS",39624.6,39624.6,39624.6,1998,1998,2422,"orleans",1,526.758960701832
840,"61","048","RUSHVILLE",1,16,13,1,1,3306,"rushville",61048,"RUSHVILLE",39205.5,39205.5,39205.5,1998,1998,2423,"rushville",1,18.77977673941
840,"61","049","BRANCHPORT",1,24,13,1,1,3307,"branchport",61049,"BRANCHPORT",38506.1,38506.1,38506.1,1998,1998,2424,"branchport",1,2.26513341965464
840,"61","050","CANADICE L",1,24,13,1,1,3308,"canadice l",61050,"CANADICE L",47220.5,47220.5,47220.5,1998,1998,2425,"canadice l",1,21.6887345223039
840,"61","051","MENDON",1,16,13,1,1,3309,"mendon",61051,"MENDON",38826.1,38826.1,38826.1,1998,1998,2426,"mendon",1,0.786376134088624
840,"61","052","MT MORRIS",1,24,13,1,1,3310,"mt morris",61052,"MT MORRIS",52531.3,52531.3,52531.3,1998,1998,2427,"mt morris",1,1.39404603022182
840,"61","053","HAMBURG",1,16,13,1,1,3311,"hamburg",61053,"HAMBURG",39250.9,39250.9,39250.9,1998,1998,2428,"hamburg",1,0.569885892532791
840,"61","054","WEST SENECA",0,16,13,1,1,3312,"west seneca",61054,"WEST SENECA",38516.3,38516.4,38516.4,1998,1998,2429,"west seneca",1,1.33258356785687
840,"61","055","GAINESVILLE",1,16,28,1,1,3313,"gainesville",61055,"GAINESVILLE",40838,40838,40838,1998,1998,2430,"gainesville",1,5.84692565390734
840,"61","056","CATTARAUGUS",1,24,28,1,1,3314,"cattaraugus",61056,"CATTARAUGUS",38540.3,38540.3,38540.3,1998,1998,2431,"cattaraugus",1,0.0488818427715222
840,"61","057","EAST JAVA",1,24,28,1,1,3315,"east java",61057,"EAST JAVA",39406.4,39406.4,39406.4,1998,1998,2432,"east java",1,1.16650160788138
840,"61","058","CASTILE",1,16,13,1,1,3316,"castile",61058,"CASTILE",42843.4,42843.4,42843.4,1998,1998,2433,"castile",1,2.52851442981329
840,"61","059","RANDOLPH",1,24,13,1,1,3317,"randolph",61059,"RANDOLPH",40380.4,40380.4,40380.4,1998,1998,2434,"randolph",1,1.01255865683872
840,"61","060","CENTERVILLE",1,24,28,1,1,3318,"centerville",61060,"CENTERVILLE",40357.2,40357.2,40357.2,1998,1998,2435,"centerville",1,0.276776651150543
840,"61","061","SHERIDAN",1,24,13,1,1,3319,"sheridan",61061,"SHERIDAN",41375.1,41375.1,41375.1,1998,1998,2436,"sheridan",1,263.906172289417
840,"61","062","CHERRY HILL",1,24,13,1,1,3320,"cherry hill",61062,"CHERRY HILL",39201.8,39201.8,39201.8,1998,1998,2437,"cherry hill",1,0.929775131303665
840,"61","063","NASHVILLE",1,24,13,1,1,3321,"nashville",61063,"NASHVILLE",39707.9,39707.9,39707.9,1998,1998,2438,"nashville",1,5.94775876894402
840,"61","064","ST JOHNSBURG",1,16,13,1,1,3322,"st johnsburg",61064,"ST JOHNSBURG",39946.6,39946.6,39946.6,1998,1998,2439,"st johnsburg",1,18.2260385971356
840,"61","065","E YOUNGSTOWN",1,16,13,1,1,3323,"e youngstown",61065,"E YOUNGSTOWN",39548.1,39548.1,39548.1,1998,1998,2440,"e youngstown",1,1.31783243482548
840,"61","066","BYRON",1,16,13,1,1,3324,"byron",61066,"BYRON",46540.4,46540.4,46540.4,1998,1998,2441,"byron",1,0.0817052538005548
840,"61","067","CHURCHVILLE",1,16,13,1,1,3325,"churchville",61067,"CHURCHVILLE",41846.1,41846.1,41846.1,1998,1998,2442,"churchville",1,33.2319988697816
840,"61","068","PENFIELD",1,16,13,1,1,3326,"penfield",61068,"PENFIELD",40891.7,40891.7,40891.7,1998,1998,2443,"penfield",1,11.4213462994342
840,"61","069","N VICTORY 2",1,16,13,1,1,3327,"n victory 2",61069,"N VICTORY",40682.6,40682.6,40682.6,1998,1998,2444,"n victory",0.939393939393939,9.02898036200645
840,"61","070","CICERO CTR",1,16,13,1,1,3328,"cicero ctr",61070,"CICERO CTR",41131.4,41131.4,41131.4,1998,1998,2445,"cicero ctr",1,0.92784853753361
840,"61","071","WATERTOWN",1,18,13,1,1,3329,"watertown",61071,"WATERTOWN",42382.2,42382.2,42382.2,1998,1998,2446,"watertown",1,0.137595505275224
840,"61","072","PULASKI",1,18,13,1,1,3330,"pulaski",61072,"PULASKI",40157.7,40157.7,40157.7,1998,1998,2447,"pulaski",1,6.16077692842314
840,"61","073","MCKEEVER",1,26,14,1,1,3331,"mckeever",61073,"MCKEEVER",41164.1,41164.1,41164.1,1998,1998,2448,"mckeever",1,68.7072252086964
840,"61","074","ALDER CREEK",1,24,13,1,1,3332,"alder creek",61074,"ALDER CREEK",40009.9,40009.9,40009.9,1998,1998,2449,"alder creek",1,0.0416009389342211
840,"61","075","KASOAG",1,24,14,1,1,3333,"kasoag",61075,"KASOAG",38320.1,38320.1,38320.1,1998,1998,2450,"kasoag",1,1.25789788667449
840,"61","076","HIGHMARKET",1,26,14,1,1,3334,"highmarket",61076,"HIGHMARKET",39399.2,39399.2,39399.2,1998,1998,2451,"highmarket",1,39.7421609031514
840,"61","077","NUMBER FOUR",1,26,14,1,1,3335,"number four",61077,"NUMBER FOUR",41198.6,41198.6,41198.6,1998,1998,2452,"number four",1,0.884727769786534
840,"61","078","N WILMURT",1,26,13,1,1,3336,"n wilmurt",61078,"N WILMURT",41667.2,41667.2,41667.2,1998,1998,2453,"n wilmurt",1,1.05291387095774
840,"61","079","ONEIDA",1,24,13,1,1,3337,"oneida",61079,"ONEIDA",42194.9,42194.9,42194.9,1998,1998,2454,"oneida",1,0.892642548215396
840,"61","080","CLINTON",1,16,13,1,1,3338,"clinton",61080,"CLINTON",41478.3,41478.3,41478.3,1998,1998,2455,"clinton",1,5.08842383213653
840,"61","081","BLUE RIDGE N",1,26,14,1,1,3339,"blue ridge n",61081,"BLUE RIDGE N",42813.6,42813.6,42813.6,1998,1998,2456,"blue ridge n",1,11.7957728915668
840,"61","082","OLD FORGE",0,26,14,1,1,3340,"old forge",61082,"OLD FORGE",43964.8,43964.8,43964.8,1998,1998,2457,"old forge",1,0.76610167126605
840,"61","083","BLUE RIDGE S",1,26,14,1,1,3341,"blue ridge s",61083,"BLUE RIDGE S",31466.3,31466.3,31466.3,1998,1998,2458,"blue ridge s",1,520.199047079947
840,"61","084","NEWCOMB",1,26,14,1,1,3342,"newcomb",61084,"NEWCOMB",41416.8,41416.8,41416.8,1998,1998,2459,"newcomb",1,7.01110594671611
840,"61","085","SPECULATOR",1,26,14,1,1,3343,"speculator",61085,"SPECULATOR",39768,39768,39768,1998,1998,2460,"speculator",1,0.63345698546637
840,"61","086","HOPE FALLS",1,26,14,1,1,3344,"hope falls",61086,"HOPE FALLS",40203.7,40203.7,40203.7,1998,1998,2461,"hope falls",1,32.4904208972272
840,"61","087","INLET",0,26,14,1,1,3345,"inlet",61087,"INLET",48054.3,48054.3,48054.3,1998,1998,2462,"inlet",1,1.36910693262576
840,"61","088","NORTH RIVER",1,26,14,1,1,3346,"north river",61088,"NORTH RIVER",39175.6,39175.6,39175.6,1998,1998,2463,"north river",1,287.014268277683
840,"61","089","SALEM",1,13,13,1,1,3347,"salem",61089,"SALEM",40424.4,40424.4,40424.4,1998,1998,2464,"salem",1,6.21016778969258
840,"61","090","ARGYLE",1,13,13,1,1,3348,"argyle",61090,"ARGYLE",41045.7,41045.7,41045.7,1998,1998,2465,"argyle",1,25.5387947378437
840,"61","091","NORTH EASTON",1,13,13,1,1,3349,"north easton",61091,"NORTH EASTON",40676.1,40676.1,40676.1,1998,1998,2466,"north easton",1,0.237684851341029
840,"61","092","S HORICON",1,26,14,1,1,3350,"s horicon",61092,"S HORICON",39479.3,39479.3,39479.3,1998,1998,2467,"s horicon",1,0.727436373811783
840,"61","093","WARRENSBURG",1,26,14,1,1,3351,"warrensburg",61093,"WARRENSBURG",40724.5,40724.5,40724.5,1998,1998,2468,"warrensburg",1,43.9525117864247
840,"61","094","FOWLER",0,24,13,1,1,3352,"fowler",61094,"FOWLER",37234.793,37234.79,37234.79,2001,2001,2469,"fowler",1,64.7419850462596
840,"61","095","WADDINGTON",1,18,13,1,1,3353,"waddington",61095,"WADDINGTON",39692.1,39692.1,39692.1,1998,1998,2470,"waddington",1,0.760986028459931
840,"61","096","OGDENSBURG",1,18,13,1,1,3354,"ogdensburg",61096,"OGDENSBURG",38746.1,38746.1,38746.1,1998,1998,2471,"ogdensburg",1,47.1142277613745
840,"61","097","DEGRASSE",1,26,14,1,1,3355,"degrasse",61097,"DEGRASSE",39749.6,39749.6,39749.6,1998,1998,2472,"degrasse",1,39.6248388695308
840,"61","098","WANAKENA",1,26,14,1,1,3356,"wanakena",61098,"WANAKENA",39634.6,39634.6,39634.6,1998,1998,2473,"wanakena",1,1.04652583531792
840,"61","099","DEXTER LAKE",0,26,14,1,1,3357,"dexter lake",61099,"DEXTER LAKE",36166.391,36166.39,36166.39,2001,2001,2474,"dexter lake",1,41.0803722886605
840,"61","100","GABRIELS",1,26,14,1,1,3358,"gabriels",61100,"GABRIELS",40135.7,40135.7,40135.7,1998,1998,2475,"gabriels",1,0.945260362877605
840,"61","101","SABATTIS",0,26,14,1,1,3359,"sabattis",61101,"SABATTIS",39329.7,39329.7,39329.7,1998,1998,2476,"sabattis",1,3.54965562484772
840,"61","102","PARISHVILLE",1,18,13,1,1,3360,"parishville",61102,"PARISHVILLE",41479.2,41479.2,41479.2,1998,1998,2477,"parishville",1,1.34067330968419
840,"61","103","HOPKINTON",1,18,13,1,1,3361,"hopkinton",61103,"HOPKINTON",40124.2,40124.2,40124.2,1998,1998,2478,"hopkinton",1,1.19308598113888
840,"61","104","TUPPER LAKE",0,26,14,1,1,3362,"tupper lake",61104,"TUPPER LAKE",39233.301,39233.3,39233.3,2001,2001,2479,"tupper lake",1,42.8382425257188
840,"61","105","WEST BANGOR",1,18,13,1,1,3363,"west bangor",61105,"WEST BANGOR",39956.4,39956.4,39956.4,1998,1998,2480,"west bangor",1,0.850788200375902
840,"61","106","UNDERWOOD",0,26,14,1,1,3364,"underwood",61106,"UNDERWOOD",39567.2,39567.2,39567.2,1998,1998,2481,"underwood",1,5.52258055184437
840,"61","107","DANNEMORA",1,26,14,1,1,3365,"dannemora",61107,"DANNEMORA",44558.1,44558.1,44558.1,1998,1998,2482,"dannemora",1,0.242448341674902
840,"61","109","WILLSBORO",1,18,13,1,1,3367,"willsboro",61109,"WILLSBORO",44690.6,44690.6,44690.6,1998,1998,2484,"willsboro",1,39.6790914497915
840,"61","110","NAPLES",1,24,13,1,1,3368,"naples",61110,"NAPLES",39552.8,39552.8,39552.8,1998,1998,2485,"naples",1,0.621633096595104
840,"61","111","S VANDALIA",1,24,28,1,1,3369,"s vandalia",61111,"S VANDALIA",38420.3,38420.3,38420.3,1998,1998,2486,"s vandalia",1,1.44433095788577
840,"61","112","SCIOTA",1,26,14,1,1,3370,"sciota",61112,"SCIOTA",43789.3,43789.3,43789.3,1998,1998,2487,"sciota",1,0.942881511871965
840,"61","113","PHILADELPHIA",1,18,13,1,1,3371,"philadelphia",61113,"PHILADELPHIA",38702.9,38702.9,38702.9,1998,1998,2488,"philadelphia",1,0.916203037684755
840,"61","114","BALMAT",1,24,13,1,1,3372,"balmat",61114,"BALMAT",40637.1,40637.1,40637.1,1998,1998,2489,"balmat",1,0.3762517715194
840,"61","120","CRESCENT",1,13,13,1,1,3373,"crescent",61120,"CRESCENT",46948.6,46948.6,46948.6,1998,1998,2490,"crescent",1,1.01669260021295
840,"61","121","DOWNSVILLE",1,24,28,1,1,3374,"downsville",61121,"DOWNSVILLE",38940.7,38940.7,38940.7,1998,1998,2491,"downsville",1,1.10270118374369
840,"61","123","MILFORD",1,24,28,1,1,3375,"milford",61123,"MILFORD",42625.1,42625.1,42625.1,1998,1998,2492,"milford",1,0.378963604010787
840,"61","127","S BERNE 2",1,24,28,1,1,3376,"s berne 2",61027,"S BERNE",35536.1,35536.2,35536.2,1998,1998,2402,"s berne",0.925925925925926,339.753459941972
840,"61","136","OXFORD 2",1,24,28,1,1,3377,"oxford 2",61036,"OXFORD",39982.2,39982.2,39982.2,1998,1998,2411,"oxford",0.916666666666667,0.82497996438425
840,"61","146","Swain 2",1,24,28,1,1,3378,"swain 2",61146,"SWAIN 2",38311.613,38311.6,38311.6,2011,2011,2493,"swain 2",1,2.891527873229
840,"61","154","HARRIS HILL",1,16,13,1,1,3379,"harris hill",61154,"HARRIS HILL",41268.485,41268.48,41268.48,2011,2011,2494,"harris hill",1,9.6414536237238
840,"61","169","N Victory",0,16,13,1,1,3380,"n victory",61069,"N VICTORY",40682.6,40682.6,40682.6,1998,1998,2444,"n victory",1,547.442483602845
840,"61","182","OLD FORGE 2",1,26,14,1,1,3381,"old forge 2",61182,"OLD FORGE 2",40066.087,40066.08,40066.08,2011,2011,2495,"old forge 2",1,851.010487982615
840,"61","199","ST REGIS FLS",1,26,14,1,1,3383,"st regis fls",61199,"ST REGIS FLS",39581.4,39581.4,39581.4,1998,1998,2496,"st regis fls",1,243.064666038246
840,"61","206","UNDERWOOD 2",1,26,14,1,1,3384,"underwood 2",61206,"UNDERWOOD 2",39993.649,39993.64,39993.64,2011,2011,2497,"underwood 2",1,3.65440907276677
840,"61","207","PURDY",1,12,30,1,1,3385,"purdy",61207,"PURDY",40854.8,40854.8,40854.8,1998,1998,2498,"purdy",1,0.83953581918722
840,"61","210","Warwick 2",1,13,28,1,1,3386,"warwick 2",61010,"WARWICK",49335.9,49335.9,49335.9,1998,1998,2385,"warwick",0.925925925925926,0.677066217532918
840,"61","212","ORANGE LAKE",1,13,28,1,1,3387,"orange lake",61212,"ORANGE LAKE",39832.7,39832.7,39832.7,1998,1998,2499,"orange lake",1,8.67463666453417
840,"61","301","HORSESHOE L.",1,26,14,1,1,3388,"horseshoe l",61301,"HORSESHOE L.",39124.4,39124.3,39124.3,1998,1998,2500,"horseshoe l",1,7.56516907611137
840,"63","001","SHALLOTTE",0,3,27,1,1,3396,"shallotte",63001,"SHALLOTTE",38980.375,38980.38,38980.38,2001,2001,2501,"shallotte",1,84.8912471277723
840,"63","002","MERRIMON",1,3,27,1,1,3397,"merrimon",63002,"MERRIMON",42110.6,42110.6,42110.6,1998,1998,2502,"merrimon",1,10.4508776546445
840,"63","003","MYRTLE GROVE",1,3,27,1,1,3398,"myrtle grove",63003,"MYRTLE GROVE",37807.5,37807.5,37807.5,1998,1998,2503,"myrtle grove",1,0.18258790583567
840,"63","004","WARDS CORNER",1,3,27,1,1,3399,"wards corner",63004,"WARDS CORNER",38394.9,38394.9,38394.9,1998,1998,2504,"wards corner",1,25.1668860108425
840,"63","005","HALLSBORO",1,3,27,1,1,3400,"hallsboro",63005,"HALLSBORO",39393.1,39393.1,39393.1,1998,1998,2505,"hallsboro",1,27.1018192457422
840,"63","006","FAIRMONT",0,4,27,1,1,3401,"fairmont",63006,"FAIRMONT",40679.73,40679.73,40679.73,2001,2001,2506,"fairmont",1,2.20185375452237
840,"63","007","MASHOES",0,3,27,1,1,3402,"mashoes",63007,"MASHOES",41834.992,41834.99,41834.99,2001,2001,2507,"mashoes",1,51.1557867703203
840,"63","008","ARAPAHOE",0,3,27,1,1,3403,"arapahoe",63008,"ARAPAHOE",40479.758,40479.76,40479.76,2001,2001,2508,"arapahoe",1,510.476266817429
840,"63","009","BEARGRASS",0,3,27,1,1,3404,"beargrass",63009,"BEARGRASS",46788.148,46788.15,46788.15,2001,2001,2509,"beargrass",1,0.573949626945471
840,"63","010","SPEED",1,3,27,1,1,3405,"speed",63010,"SPEED",41796.9,41796.9,41796.9,1998,1998,2510,"speed",1,0.763424825999813
840,"63","011","KINSTON",1,4,27,1,1,3406,"kinston",63011,"KINSTON",36988.4,36988.4,36988.4,1998,1998,2511,"kinston",1,26.9249507175455
840,"63","012","JORDAN",1,4,29,1,1,3407,"jordan",63012,"JORDAN",40429.6,40429.6,40429.6,1998,1998,2512,"jordan",1,211.296768445597
840,"63","013","ROSE",1,4,27,1,1,3408,"rose",63013,"ROSE",40383.9,40383.9,40383.9,1998,1998,2513,"rose",1,1.04740362748336
840,"63","014","SAXAPAHAW",1,11,29,1,1,3409,"saxapahaw",63014,"SAXAPAHAW",38682.9,38682.9,38682.9,1998,1998,2514,"saxapahaw",1,40.1697325954641
840,"63","015","CLIMAX",1,11,29,1,1,3410,"climax",63015,"CLIMAX",39149.6,39149.6,39149.6,1998,1998,2515,"climax",1,8.1438178284774
840,"63","016","MOORESVILLE",0,11,29,1,1,3411,"mooresville",63016,"MOORESVILLE",38895.3,38895.3,38895.3,1998,1998,2516,"mooresville",1,67.9011537016701
840,"63","017","OAKBORO",1,11,29,1,1,3412,"oakboro",63017,"OAKBORO",39032.6,39032.6,39032.6,1998,1998,2517,"oakboro",1,8.36715627359327
840,"63","018","CHERRYVILLE",0,11,29,1,1,3413,"cherryville",63018,"CHERRYVILLE",45997.922,45997.92,45997.92,2001,2001,2518,"cherryville",1,0.947619633703893
840,"63","019","JONAS RIDGE",0,23,28,1,1,3414,"jonas ridge",63019,"JONAS RIDGE",43137.441,43137.44,43137.44,2001,2001,2519,"jonas ridge",1,6.69839016996925
840,"63","020","BREVARD",1,23,28,1,1,3415,"brevard",63020,"BREVARD",39315.2,39315.2,39315.2,1998,1998,2520,"brevard",1,0.528056208611132
840,"63","021","CRAVEN GAP",0,23,28,1,1,3416,"craven gap",63021,"CRAVEN GAP",39165.047,39165.05,39165.05,2001,2001,2521,"craven gap",1,0.816835862781035
840,"63","022","FONTANA",1,23,28,1,1,3417,"fontana",63022,"FONTANA",37337.3,37337.3,37337.3,1998,1998,2522,"fontana",1,0.629999927289421
840,"63","023","CALIFORNIA",0,3,27,1,1,3418,"california",63023,"CALIFORNIA",40914.6,40914.6,40914.6,1998,1998,2523,"california",1,0.629245102021159
840,"63","024","ARCOLA",1,11,29,1,1,3419,"arcola",63024,"ARCOLA",40098.5,40098.5,40098.5,1998,1998,2524,"arcola",1,49.7962091250918
840,"63","025","YOUNGSVILLE",1,11,29,1,1,3420,"youngsville",63025,"YOUNGSVILLE",38404.7,38404.7,38404.7,1998,1998,2525,"youngsville",1,106.208329681687
840,"63","026","MADISON",0,11,29,1,1,3421,"madison",63026,"MADISON",43416.652,43416.65,43416.65,2001,2001,2526,"madison",1,444.319734882936
840,"63","027","COPELAND",1,11,29,1,1,3422,"copeland",63027,"COPELAND",39595.5,39595.5,39595.5,1998,1998,2527,"copeland",1,0.746201488769011
840,"63","028","CALL",1,11,29,1,1,3423,"call",63028,"CALL",44347.6,44347.6,44347.6,1998,1998,2528,"call",1,44.8277938991861
840,"63","029","GRANDY",0,3,27,1,1,3424,"grandy",63029,"GRANDY",46082.992,46082.99,46082.99,2001,2001,2529,"grandy",1,0.43402643850045
840,"63","030","CULLOWHEE",1,23,28,1,1,3425,"cullowhee",63030,"CULLOWHEE",38553.3,38553.3,38553.3,1998,1998,2530,"cullowhee",1,52.7205048951092
840,"63","101","SUPPLY",1,3,27,1,1,3427,"supply",63101,"SUPPLY",37350.1,37350.1,37350.1,1998,1998,2532,"supply",1,328.527566622576
840,"63","106","ROWLAND",1,4,27,1,1,3428,"rowland",63106,"ROWLAND",46806.5,46806.5,46806.5,1998,1998,2533,"rowland",1,0.613110920169002
840,"63","107","MILLTAIL CR",1,3,27,1,1,3429,"milltail cr",63107,"MILLTAIL CR",40732.7,40732.7,40732.7,1998,1998,2534,"milltail cr",1,0.611427461526882
840,"63","108","REELSBORO",1,3,27,1,1,3430,"reelsboro",63108,"REELSBORO",54443.5,54443.5,54443.5,1998,1998,2535,"reelsboro",1,5.84505300811844
840,"63","109","JAMESVILLE",1,3,27,1,1,3431,"jamesville",63109,"JAMESVILLE",39880.8,39880.8,39880.8,1998,1998,2536,"jamesville",1,9.08909019484929
840,"63","116","MOORESVILLE 2",1,11,29,1,1,3432,"mooresville 2",63116,"MOORESVILLE 2",42123.052,42123.04,42123.04,2011,2011,2537,"mooresville 2",1,5.10048607657799
840,"63","118","WACO",1,11,29,1,1,3433,"waco",63118,"WACO",39656.2,39656.2,39656.2,1998,1998,2538,"waco",1,9.41556332791888
840,"63","119","SAWMILL",1,11,29,1,1,3434,"sawmill",63119,"SAWMILL",40715.3,40715.3,40715.3,1998,1998,2539,"sawmill",1,0.0340762465444386
840,"63","121","OTEEN",1,23,28,1,1,3435,"oteen",63121,"OTEEN",39831.5,39831.5,39831.5,1998,1998,2540,"oteen",1,0.608582697603562
840,"63","123","CALIFORNIA 2",1,3,27,1,1,3436,"california 2",63023,"CALIFORNIA",40914.6,40914.6,40914.6,1998,1998,2523,"california",0.944444444444444,0.629245102021159
840,"63","126","EDEN",1,11,29,1,1,3437,"eden",63126,"EDEN",40216.6,40216.6,40216.6,1998,1998,2541,"eden",1,424.12080039565
840,"63","202","NEWPORT",1,3,27,1,1,3439,"newport",63202,"NEWPORT",39394.9,39394.9,39394.9,1998,1998,2542,"newport",1,45.2244215530864
840,"63","203","CYPRESS CR",1,3,27,1,1,3440,"cypress cr",63203,"CYPRESS CR",38680.9,38680.9,38680.9,1998,1998,2543,"cypress cr",1,39.274282041918
840,"63","204","MAPLE HILL",1,3,27,1,1,3441,"maple hill",63204,"MAPLE HILL",38878.3,38878.3,38878.3,1998,1998,2544,"maple hill",1,3.60611802307634
840,"63","205","MONTAGUE",1,3,27,1,1,3442,"montague",63205,"MONTAGUE",41802,41802,41802,1998,1998,2545,"montague",1,0.783360479588967
840,"63","206","ROSEBORO",1,4,27,1,1,3443,"roseboro",63206,"ROSEBORO",51895.3,51895.3,51895.3,1998,1998,2546,"roseboro",1,0.916251615862482
840,"63","207","HAMLET",1,4,27,1,1,3444,"hamlet",63207,"HAMLET",52126.9,52126.9,52126.9,1998,1998,2547,"hamlet",1,36.4303620627948
840,"63","208","MATTAMUSKEET",1,3,27,1,1,3445,"mattamuskeet",63208,"MATTAMUSKEET",56749.4,56749.4,56749.4,1998,1998,2548,"mattamuskeet",1,20.7837557800231
840,"63","210","PINETOPS",1,4,27,1,1,3446,"pinetops",63210,"PINETOPS",40741.7,40741.7,40741.7,1998,1998,2549,"pinetops",1,0.548540681575636
840,"63","211","RHEMS",0,3,27,1,1,3447,"rhems",63211,"RHEMS",39820.871,39820.87,39820.87,2001,2001,2550,"rhems",1,0.841216314823887
840,"63","212","COKESBURY",1,4,27,1,1,3448,"cokesbury",63212,"COKESBURY",40242.5,40242.5,40242.5,1998,1998,2551,"cokesbury",1,42.2337789921107
840,"63","213","GENOA",1,4,27,1,1,3449,"genoa",63213,"GENOA",39896,39896,39896,1998,1998,2552,"genoa",1,7.76200233098856
840,"63","214","SOUTH. PINES",0,4,27,1,1,3450,"south pines",63214,"SOUTH. PINES",41667,41667,41667,1998,1998,2553,"south pines",1,0.646999595666423
840,"63","215","BISCOE",1,11,29,1,1,3451,"biscoe",63215,"BISCOE",39873.1,39873.1,39873.1,1998,1998,2554,"biscoe",1,11.310548129986
840,"63","216","WILGROVE",1,11,29,1,1,3452,"wilgrove",63216,"WILGROVE",49805.9,49805.9,49805.9,1998,1998,2555,"wilgrove",1,0.528663102738716
840,"63","217","SHEFFIELD",1,11,29,1,1,3453,"sheffield",63217,"SHEFFIELD",39933.1,39933.1,39933.1,1998,1998,2556,"sheffield",1,17.0250827439422
840,"63","218","HULLS XROADS",1,11,29,1,1,3454,"hulls xroads",63218,"HULLS XROADS",39262.7,39262.7,39262.7,1998,1998,2557,"hulls xroads",1,23.4620501960796
840,"63","219","FLAY",1,11,29,1,1,3455,"flay",63219,"FLAY",39976.1,39976.1,39976.1,1998,1998,2558,"flay",1,13.9525678377213
840,"63","220","MARSHALL",1,23,28,1,1,3456,"marshall",63220,"MARSHALL",40234.1,40234.1,40234.1,1998,1998,2559,"marshall",1,33.0987368914354
840,"63","221","HENDERSONVIL",1,23,28,1,1,3457,"hendersonvil",63221,"HENDERSONVIL",45624.9,45624.9,45624.9,1998,1998,2560,"hendersonvil",1,0.978917436817349
840,"63","222","MURPHY",1,23,28,1,1,3458,"murphy",63222,"MURPHY",42255.9,42255.9,42255.9,1998,1998,2561,"murphy",1,0.801748087972065
840,"63","223","LLOYD XROADS",1,3,27,1,1,3459,"lloyd xroads",63223,"LLOYD XROADS",40284.9,40284.9,40284.9,1998,1998,2562,"lloyd xroads",1,16.6126871872252
840,"63","224","DORTCHES",1,4,27,1,1,3460,"dortches",63224,"DORTCHES",40659,40659,40659,1998,1998,2563,"dortches",1,1.20582487248421
840,"63","225","DURHAM",1,11,29,1,1,3461,"durham",63225,"DURHAM",38921.5,38921.5,38921.5,1998,1998,2564,"durham",1,18.8636660989787
840,"63","226","MONTICELLO",1,11,29,1,1,3462,"monticello",63226,"MONTICELLO",39703.8,39703.8,39703.8,1998,1998,2565,"monticello",1,31.6881208509475
840,"63","227","FAIRVIEW",1,11,29,1,1,3463,"fairview",63227,"FAIRVIEW",39498,39498,39498,1998,1998,2566,"fairview",1,0.0209996787321866
840,"63","228","TODD",1,23,28,1,1,3464,"todd",63228,"TODD",66068.6,66068.6,66068.6,1998,1998,2567,"todd",1,1.21322108115588
840,"63","229","JARVISBURG",0,3,27,1,1,3465,"jarvisburg",63229,"JARVISBURG",71328.3,71328.3,71328.3,1998,1998,2568,"jarvisburg",1,0.729204951783281
840,"63","230","HERTFORD",1,3,27,1,1,3466,"hertford",63230,"HERTFORD",51149.4,51149.4,51149.4,1998,1998,2569,"hertford",1,0.827947357492
840,"63","231","JACKSON",1,4,27,1,1,3467,"jackson",63231,"JACKSON",56834.8,56834.8,56834.8,1998,1998,2570,"jackson",1,22.8655611509354
840,"63","232","BULLOCK",1,11,29,1,1,3468,"bullock",63232,"BULLOCK",51805.4,51805.4,51805.4,1998,1998,2571,"bullock",1,0.868992886831118
840,"63","233","ASHLAND",1,11,29,1,1,3469,"ashland",63233,"ASHLAND",54623.7,54623.7,54623.7,1998,1998,2572,"ashland",1,46.1070913855728
840,"63","234","MOUNT AIRY",1,11,29,1,1,3470,"mount airy",63234,"MOUNT AIRY",54480.8,54480.8,54480.8,1998,1998,2573,"mount airy",1,8.72269273951456
840,"63","301","STURGILLS",1,23,28,1,1,3471,"sturgills",63301,"STURGILLS",57690.891,57690.89,57690.89,2001,2001,2574,"sturgills",1,24.7987299253669
840,"63","302","SILOAM",1,11,29,1,1,3472,"siloam",63302,"SILOAM",51245.582,51245.58,51245.58,2001,2001,2575,"siloam",1,0.191457440698204
840,"63","303","OSMOND",1,11,29,1,1,3473,"osmond",63303,"OSMOND",47441.828,47441.83,47441.83,2001,2001,2576,"osmond",1,0.578942504873765
840,"63","305","RHEASVILLE",1,4,27,1,1,3475,"rheasville",63305,"RHEASVILLE",48036.176,48036.18,48036.18,2001,2001,2578,"rheasville",1,0.319949779439491
840,"63","306","OLD TRAP",1,3,27,1,1,3476,"old trap",63306,"OLD TRAP",58241.457,58241.46,58241.46,2001,2001,2579,"old trap",1,0.491481969571786
840,"63","307","PINELOG",1,23,28,1,1,3477,"pinelog",63307,"PINELOG",61212.215,61212.21,61212.21,2001,2001,2580,"pinelog",1,0.816363543358083
840,"63","308","FRENCH BROAD RIVER",1,23,28,1,1,3478,"french broad river",63308,"FRENCH BROAD RIVER",51419.75,51419.75,51419.75,2001,2001,2581,"french broad river",1,0.882757518520257
840,"63","309","MCGINNIS CROSSROAD",1,11,29,1,1,3479,"mcginnis crossroad",63309,"MCGINNIS CROSSROAD",48278.602,48278.6,48278.6,2001,2001,2582,"mcginnis crossroad",1,0.775038338309548
840,"63","310","OSTWALT",1,11,29,1,1,3480,"ostwalt",63310,"OSTWALT",43020.273,43020.27,43020.27,2001,2001,2583,"ostwalt",1,6.0418040068741
840,"63","311","JONES CORNER",1,3,27,1,1,3481,"jones corner",63311,"JONES CORNER",41774.2,41774.2,41774.2,1998,1998,2584,"jones corner",1,0.690528586987655
840,"63","312","DUDLEY",1,4,27,1,1,3482,"dudley",63312,"DUDLEY",45431.262,45431.26,45431.26,2001,2001,2585,"dudley",1,11.2375365775311
840,"63","313","CONGLETON",1,3,27,1,1,3483,"congleton",63313,"CONGLETON",41735.895,41735.89,41735.89,2001,2001,2586,"congleton",1,0.953139987846559
840,"63","314","LAKE SURF",1,4,27,1,1,3484,"lake surf",63314,"LAKE SURF",38839.531,38839.53,38839.53,2001,2001,2587,"lake surf",1,0.964456534054517
840,"63","315","BETHEL",1,4,27,1,1,3485,"bethel",63315,"BETHEL",46350.711,46350.71,46350.71,2001,2001,2588,"bethel",1,0.800959334263981
840,"63","316","CYPRESS LAKES",1,4,27,1,1,3486,"cypress lakes",63316,"CYPRESS LAKES",43785.527,43785.53,43785.53,2001,2001,2589,"cypress lakes",1,0.720453150990804
840,"63","317","BELGRADE",1,3,27,1,1,3487,"belgrade",63317,"BELGRADE",44493.938,44493.94,44493.94,2001,2001,2590,"belgrade",1,17.5911014719027
840,"63","318","GOLDSTON",1,11,29,1,1,3488,"goldston",63318,"GOLDSTON",56204.695,56204.7,56204.7,2001,2001,2591,"goldston",1,0.646858786939427
840,"63","319","ERNUL",0,3,27,1,1,3489,"ernul",63319,"ERNUL",48339.188,48339.19,48339.19,2001,2001,2592,"ernul",1,35.0211813198996
840,"63","329","JARVISBURG 2",1,3,27,1,1,3490,"jarvisburg 2",63329,"JARVISBURG 2",38296.854,38296.85,38296.85,2011,2011,2593,"jarvisburg 2",1,0.894932475705995
840,"63","419","Cayton",1,3,27,1,1,3491,"cayton",63419,"CAYTON",44567.292,44567.28,44567.28,2011,2011,2594,"cayton",1,0.70776760361773
840,"63","900","RAEFORD",1,4,27,1,2,3492,"raeford",63900,"RAEFORD",42267.1,42267.1,42267.1,1998,1998,2595,"raeford",1,0.892092157964008
840,"63","902","SHEEP RIDGE",1,3,27,1,2,3493,"sheep ridge",63902,"SHEEP RIDGE",47164.7,47164.7,47164.7,1998,1998,2596,"sheep ridge",1,0.673254184975781
840,"63","903","BROAD CREEK",1,3,27,1,2,3494,"broad creek",63903,"BROAD CREEK",46205.7,46205.7,46205.7,1998,1998,2597,"broad creek",1,1.00489269083846
840,"63","904","UWHARRIE NF",0,11,29,1,2,3495,"uwharrie nf",63904,"UWHARRIE NF",45706.9,45706.9,45706.9,1998,1998,2598,"uwharrie nf",1,0.95316399237514
840,"63","905","DISMAL SWAMP",1,3,27,1,2,3496,"dismal swamp",63905,"DISMAL SWAMP",38421.8,38421.7,38421.7,1998,1998,2599,"dismal swamp",1,0.677659093164976
840,"63","906","WATERVILLE",1,23,28,1,2,3497,"waterville",63906,"WATERVILLE",39677,39677,39677,1998,1998,2600,"waterville",1,0.205201251101807
840,"63","907","N. MILLS RIV",0,23,28,1,2,3498,"n mills riv",63907,"N. MILLS RIV",45803.5,45803.5,45803.5,1998,1998,2601,"n mills riv",1,1.14934456321818
840,"63","908","BUSICK",0,23,28,1,2,3499,"busick",63908,"BUSICK",40035.8,40035.8,40035.8,1998,1998,2602,"busick",1,0.903519068853565
840,"63","909","TABLE ROCK",0,23,28,1,2,3500,"table rock",63909,"TABLE ROCK",43757,43756.9,43756.9,1998,1998,2603,"table rock",1,0.68447749585078
840,"63","910","HIGHLANDS",1,23,28,1,2,3501,"highlands",63910,"HIGHLANDS",40579.6,40579.6,40579.6,1998,1998,2604,"highlands",1,11.0988026746898
840,"63","911","KYLE",1,23,28,1,2,3502,"kyle",63911,"KYLE",39313.1,39313.1,39313.1,1998,1998,2605,"kyle",1,105.021681139569
840,"63","912","ANDREWS",0,23,28,1,2,3503,"andrews",63912,"ANDREWS",34892.1,34892.1,34892.1,1998,1998,2606,"andrews",1,625.770454432502
840,"63","913","WASHINGTON",1,3,27,1,2,3504,"washington",63913,"WASHINGTON",38816.252,38816.24,38816.24,2011,2011,2607,"washington",1,10.8840328540569
840,"63","914","GREEN SWAMP",0,3,27,1,2,3505,"green swamp",63914,"GREEN SWAMP",39576.137,39576.13,39576.13,2011,2011,2608,"green swamp",1,1.61836022548098
840,"63","915","SPRING HOPE",1,3,27,1,2,3506,"spring hope",63915,"SPRING HOPE",39826.676,39826.67,39826.67,2011,2011,2609,"spring hope",1,22.3292175526852
840,"63","916","CHOWAN RIVER",0,3,27,1,2,3507,"chowan river",63916,"CHOWAN RIVER",39712.277,39712.27,39712.27,2011,2011,2610,"chowan river",1,1.18475127144902
840,"63","917","Cherokee",1,23,28,1,2,3508,"cherokee",63917,"CHEROKEE",54826.828,54826.82,54826.82,2011,2011,2611,"cherokee",1,3.26215704438166
840,"64","001","FORMAN",1,37,11,1,1,3509,"forman",64001,"FORMAN",39334.7,39334.7,39334.7,1998,1998,2612,"forman",1,67.2768524963665
840,"64","002","WALCOTT",1,40,11,1,1,3510,"walcott",64002,"WALCOTT",40842.8,40842.8,40842.8,1998,1998,2613,"walcott",1,1.02461627128539
840,"64","004","EDGELEY",1,37,11,1,1,3512,"edgeley",64004,"EDGELEY",39826.5,39826.5,39826.5,1998,1998,2615,"edgeley",1,0.964239753504966
840,"64","005","LAKE GEORGE",1,38,11,1,1,3513,"lake george",64005,"LAKE GEORGE",39707.5,39707.5,39707.5,1998,1998,2616,"lake george",1,0.546247089175703
840,"64","006","DANZIG",0,38,11,1,1,3514,"danzig",64006,"DANZIG",39341.6,39341.6,39341.6,1998,1998,2617,"danzig",1,0.841738571460898
840,"64","007","KEMPTON",1,40,11,1,1,3515,"kempton",64007,"KEMPTON",39237.4,39237.4,39237.4,1998,1998,2618,"kempton",1,2.40321990043393
840,"64","008","EMERADO",1,40,11,1,1,3516,"emerado",64008,"EMERADO",40260.8,40260.8,40260.8,1998,1998,2619,"emerado",1,1.23050976394773
840,"64","009","COOPERSTOWN",1,37,11,1,1,3517,"cooperstown",64009,"COOPERSTOWN",43240.5,43240.5,43240.5,1998,1998,2620,"cooperstown",1,0.720901380248564
840,"64","010","WIMBLEDON",1,37,11,1,1,3518,"wimbledon",64010,"WIMBLEDON",39430,39430,39430,1998,1998,2621,"wimbledon",1,1.24773241244708
840,"64","011","HORSEHEAD LK",1,38,11,1,1,3519,"horsehead lk",64011,"HORSEHEAD LK",40082.9,40082.9,40082.9,1998,1998,2622,"horsehead lk",1,94.3564649913096
840,"64","012","BUCHANAN",1,37,11,1,1,3520,"buchanan",64012,"BUCHANAN",40271.6,40271.6,40271.6,1998,1998,2623,"buchanan",1,354.482908045258
840,"64","013","BOWESMONT",0,40,11,1,1,3521,"bowesmont",64013,"BOWESMONT",41223.5,41223.5,41223.5,1998,1998,2624,"bowesmont",1,0.887645697813612
840,"64","014","NASH",1,40,11,1,1,3522,"nash",64014,"NASH",39918.4,39918.4,39918.4,1998,1998,2625,"nash",1,12.963482003139
840,"64","015","LAKOTA",0,37,11,1,1,3523,"lakota",64015,"LAKOTA",38685,38685,38685,1998,1998,2626,"lakota",1,6.87287435685722
840,"64","016","WEBSTER",1,37,11,1,1,3524,"webster",64016,"WEBSTER",39555.6,39555.6,39555.6,1998,1998,2627,"webster",1,1.35904574206297
840,"64","017","ROLLA",1,37,11,1,1,3525,"rolla",64017,"ROLLA",40826.4,40826.4,40826.4,1998,1998,2628,"rolla",1,35.1521293968935
840,"64","018","NILES",1,37,11,1,1,3526,"niles",64018,"NILES",39812.1,39812.1,39812.1,1998,1998,2629,"niles",1,1.10545082210125
840,"64","019","REGAN",1,38,11,1,1,3527,"regan",64019,"REGAN",39934.1,39934.1,39934.1,1998,1998,2630,"regan",1,0.553654291172222
840,"64","020","FT YATES",0,39,17,1,1,3528,"ft yates",64020,"FT YATES",39845.9,39845.9,39845.9,1998,1998,2631,"ft yates",1,1.35845876522954
840,"64","021","DICKINSON",1,39,17,1,1,3529,"dickinson",64021,"DICKINSON",44665.3,44665.3,44665.3,1998,1998,2632,"dickinson",1,1.21290132252854
840,"64","022","DUNN CENTER",1,39,17,1,1,3530,"dunn center",64022,"DUNN CENTER",40655.3,40655.3,40655.3,1998,1998,2633,"dunn center",1,1.21951048769613
840,"64","023","CARPIO",1,37,11,1,1,3531,"carpio",64023,"CARPIO",39992.5,39992.5,39992.5,1998,1998,2634,"carpio",1,1.29209455032508
840,"64","024","LORAINE",1,37,11,1,1,3532,"loraine",64024,"LORAINE",39770.8,39770.8,39770.8,1998,1998,2635,"loraine",1,0.495749739431286
840,"64","025","TOBACCO",1,39,17,1,1,3533,"tobacco",64025,"TOBACCO",37841.7,37841.7,37841.7,1998,1998,2636,"tobacco",1,905.705785696932
840,"64","026","STANLEY",1,38,11,1,1,3534,"stanley",64026,"STANLEY",41728.2,41728.2,41728.2,1998,1998,2637,"stanley",1,18.9400792604973
840,"64","027","ABERCROMBIE",0,40,11,1,1,3535,"abercrombie",64027,"ABERCROMBIE",38990.2,38990.2,38990.2,1998,1998,2638,"abercrombie",1,28.7444839594419
840,"64","028","DENBIGH",1,37,11,1,1,3536,"denbigh",64028,"DENBIGH",43908.3,43908.3,43908.3,1998,1998,2639,"denbigh",1,0.829223843503213
840,"64","030","BOWMAN",1,39,17,1,1,3538,"bowman",64030,"BOWMAN",39514.7,39514.7,39514.7,1998,1998,2641,"bowman",1,16.5308750937206
840,"64","031","ZAP",1,39,17,1,1,3539,"zap",64031,"ZAP",39801.2,39801.2,39801.2,1998,1998,2642,"zap",1,4.11215401421019
840,"64","032","GORHAM",1,39,17,1,1,3540,"gorham",64032,"GORHAM",41037.5,41037.5,41037.5,1998,1998,2643,"gorham",1,0.147065751125238
840,"64","033","ROOSEVELT PK",1,39,17,1,1,3541,"roosevelt pk",64033,"ROOSEVELT PK",38763.5,38763.5,38763.5,1998,1998,2644,"roosevelt pk",1,0.813676469796882
840,"64","034","CEDAR CREEK",1,39,17,1,1,3542,"cedar creek",64034,"CEDAR CREEK",39334,39334,39334,1998,1998,2645,"cedar creek",1,55.2346834747181
840,"64","035","GOLVA",1,39,17,1,1,3543,"golva",64035,"GOLVA",39956.6,39956.6,39956.6,1998,1998,2646,"golva",1,11.5112972191257
840,"64","036","BENTLEY",1,39,17,1,1,3544,"bentley",64036,"BENTLEY",39329.3,39329.3,39329.3,1998,1998,2647,"bentley",1,1.1435790046577
840,"64","037","GLEN ULLIN",1,39,17,1,1,3545,"glen ullin",64037,"GLEN ULLIN",39454.1,39454.1,39454.1,1998,1998,2648,"glen ullin",1,0.944650508772255
840,"64","038","WILD ROSE",1,38,11,1,1,3546,"wild rose",64038,"WILD ROSE",39653.5,39653.5,39653.5,1998,1998,2649,"wild rose",1,1.26567934897029
840,"64","039","POWERS LAKE",1,38,11,1,1,3547,"powers lake",64039,"POWERS LAKE",40182.3,40182.3,40182.3,1998,1998,2650,"powers lake",1,0.569902295970134
840,"64","040","PARSHALL",1,38,11,1,1,3548,"parshall",64040,"PARSHALL",39831.6,39831.6,39831.6,1998,1998,2651,"parshall",1,1.01923743454249
840,"64","041","DOUGLAS CRK",1,38,11,1,1,3549,"douglas crk",64041,"DOUGLAS CRK",38061.7,38061.7,38061.7,1998,1998,2652,"douglas crk",1,0.65623033619446
840,"64","042","SHEYENNE LK",1,37,11,1,1,3550,"sheyenne lk",64042,"SHEYENNE LK",40164.9,40164.9,40164.9,1998,1998,2653,"sheyenne lk",1,1.15090926008193
840,"64","043","BRADDOCK",1,39,11,1,1,3551,"braddock",64043,"BRADDOCK",39583.7,39583.7,39583.7,1998,1998,2654,"braddock",1,0.577641305630592
840,"64","044","TURTLE MTNS",1,30,11,1,1,3552,"turtle mtns",64044,"TURTLE MTNS",40309.3,40309.3,40309.3,1998,1998,2655,"turtle mtns",1,0.414646694274809
840,"64","103","MONTPELIER",1,37,11,1,1,3553,"montpelier",64103,"MONTPELIER",39585,39585,39585,1998,1998,2656,"montpelier",1,1.31138214659643
840,"64","106","DANZIG 2",1,38,11,1,1,3554,"danzig 2",64006,"DANZIG",39341.6,39341.6,39341.6,1998,1998,2617,"danzig",0.916666666666667,0.841738571460898
840,"64","115","Lakota 2",1,37,11,1,1,3556,"lakota 2",64115,"LAKOTA 2",39243.27,39243.27,39243.27,2011,2011,2657,"lakota 2",1,73.8305965813386
840,"64","120","SOLEN",1,39,17,1,1,3557,"solen",64120,"SOLEN",40449.291,40449.29,40449.29,2011,2011,2658,"solen",1,2.5435111043172
840,"64","129","CARSON",1,39,17,1,1,3559,"carson",64129,"CARSON",40029.7,40029.7,40029.7,1998,1998,2659,"carson",1,1.17485141052625
840,"66","001","LOCKPORT",1,16,23,1,1,3601,"lockport",66001,"LOCKPORT",39868.774,39868.77,39868.77,2011,2011,2660,"lockport",1,0.264264078060868
840,"66","002","NAPOLEON",1,16,23,1,1,3602,"napoleon",66002,"NAPOLEON",38344.5,38344.5,38344.5,1998,1998,2661,"napoleon",1,0.0432082360230529
840,"66","003","KUNKLE",1,16,22,1,1,3603,"kunkle",66003,"KUNKLE",53958.5,53958.5,53958.5,1998,1998,2662,"kunkle",1,0.603817763857096
840,"66","005","BLOOMVILLE",1,31,22,1,1,3604,"bloomville",66005,"BLOOMVILLE",50860.2,50860.2,50860.2,1998,1998,2663,"bloomville",1,0.928939539148642
840,"66","006","KINGSWAY",1,16,23,1,1,3605,"kingsway",66006,"KINGSWAY",38457.2,38457.2,38457.2,1998,1998,2664,"kingsway",1,33.7874718682284
840,"66","007","GRAYTOWN",0,16,23,1,1,3606,"graytown",66007,"GRAYTOWN",45152.141,45152.14,45152.14,2001,2001,2665,"graytown",1,0.745777143038385
840,"66","008","N BALTIMORE",1,16,23,1,1,3607,"n baltimore",66008,"N BALTIMORE",40071.7,40071.7,40071.7,1998,1998,2666,"n baltimore",1,1.04015908122457
840,"66","011","PITTSFIELD",1,31,13,1,1,3608,"pittsfield",66011,"PITTSFIELD",43464.5,43464.5,43464.5,1998,1998,2667,"pittsfield",1,88.1043438364822
840,"66","012","PERU",0,31,13,1,1,3609,"peru",66012,"PERU",39418.414,39418.41,39418.41,2001,2001,2668,"peru",1,0.857682439180752
840,"66","013","BISMARK",0,16,23,1,1,3610,"bismark",66013,"BISMARK",38806.695,38806.7,38806.7,2001,2001,2669,"bismark",1,0.843497853174719
840,"66","015","WAYLAND",1,24,13,1,1,3611,"wayland",66015,"WAYLAND",49837.8,49837.8,49837.8,1998,1998,2670,"wayland",1,18.2290617869003
840,"66","016","GARRETTSVILE",0,24,13,1,1,3612,"garrettsvile",66016,"GARRETTSVILE",39138.797,39138.8,39138.8,2001,2001,2671,"garrettsvile",1,0.808265211117085
840,"66","017","MIDDLEFIELD",0,24,13,1,1,3613,"middlefield",66017,"MIDDLEFIELD",40129.6,40129.6,40129.6,1998,1998,2672,"middlefield",1,4.8206482338013
840,"66","018","STRONGSVILLE",0,24,13,1,1,3614,"strongsville",66018,"STRONGSVILLE",51232.8,51232.8,51232.8,1998,1998,2673,"strongsville",1,19.9630679329024
840,"66","021","LENOX",1,24,13,1,1,3615,"lenox",66021,"LENOX",38776.8,38776.8,38776.8,1998,1998,2674,"lenox",1,20.1087301904662
840,"66","022","HERNER CRNS",1,24,13,1,1,3616,"herner crns",66022,"HERNER CRNS",43014.1,43014.1,43014.1,1998,1998,2675,"herner crns",1,60.5877255980454
840,"66","024","BOTKINS",1,31,22,1,1,3617,"botkins",66024,"BOTKINS",40242.921,40242.91,40242.91,2011,2011,2676,"botkins",1,0.376150601195502
840,"66","025","KALIDA",1,16,22,1,1,3618,"kalida",66025,"KALIDA",39485.341,39485.33,39485.33,2011,2011,2677,"kalida",1,0.188808688940922
840,"66","026","TROY",0,31,22,1,1,3619,"troy",66026,"TROY",40207.9,40207.9,40207.9,1998,1998,2678,"troy",1,13.33165292843
840,"66","027","COSMOS",1,31,22,1,1,3620,"cosmos",66027,"COSMOS",41018.8,41018.8,41018.8,1998,1998,2679,"cosmos",1,287.929438489188
840,"66","031","KINGS CREEK",1,31,22,1,1,3621,"kings creek",66031,"KINGS CREEK",43610.325,43610.32,43610.32,2011,2011,2680,"kings creek",1,0.0162731198981619
840,"66","032","NO KENTON",1,31,22,1,1,3622,"no kenton",66032,"NO KENTON",38878,38878,38878,1998,1998,2681,"no kenton",1,142.109502877808
840,"66","033","KENTON",1,31,22,1,1,3623,"kenton",66033,"KENTON",39035.9,39035.9,39035.9,1998,1998,2682,"kenton",1,0.977286228653884
840,"66","034","MARION",0,31,22,1,1,3624,"marion",66034,"MARION",40333.1,40333.1,40333.1,1998,1998,2683,"marion",1,0.348638969319524
840,"66","035","NEW DOVER",1,31,22,1,1,3625,"new dover",66035,"NEW DOVER",39096.547,39096.54,39096.54,2011,2011,2684,"new dover",1,18.3403272110774
840,"66","039","LUCERNE",1,31,13,1,1,3626,"lucerne",66039,"LUCERNE",39692,39692,39692,1998,1998,2685,"lucerne",1,266.208626557372
840,"66","040","LATTASBURG",1,24,13,1,1,3627,"lattasburg",66040,"LATTASBURG",40090.2,40090.2,40090.2,1998,1998,2686,"lattasburg",1,36.8544770283653
840,"66","041","WESTERVILLE",0,31,22,1,1,3628,"westerville",66041,"WESTERVILLE",38911.953,38911.95,38911.95,2001,2001,2687,"westerville",1,0.774978583146842
840,"66","042","FULTON",1,31,22,1,1,3629,"fulton",66042,"FULTON",42701,42701,42701,1998,1998,2688,"fulton",1,0.903399321232608
840,"66","043","MEADOWBROOK",1,22,28,1,1,3630,"meadowbrook",66043,"MEADOWBROOK",40518.5,40518.5,40518.5,1998,1998,2689,"meadowbrook",1,0.668100619915426
840,"66","046","BAXTER RIDGE",1,22,28,1,1,3631,"baxter ridge",66046,"BAXTER RIDGE",59471,59471,59471,1998,1998,2690,"baxter ridge",1,6.18144603133071
840,"66","047","MAYSVILLE",1,24,13,1,1,3632,"maysville",66047,"MAYSVILLE",47624,47624,47624,1998,1998,2691,"maysville",1,0.600307507054751
840,"66","048","NEWCOMERSTWN",0,22,28,1,1,3633,"newcomerstwn",66048,"NEWCOMERSTWN",38954.52,38954.52,38954.52,2001,2001,2692,"newcomerstwn",1,0.564988474750293
840,"66","049","DRESDEN",1,22,28,1,1,3634,"dresden",66049,"DRESDEN",44997.8,44997.8,44997.8,1998,1998,2693,"dresden",1,176.649493124411
840,"66","050","WINTERSET",0,22,28,1,1,3635,"winterset",66050,"WINTERSET",45750.926,45750.93,45750.93,2001,2001,2694,"winterset",1,0.858141348873761
840,"66","051","ADAMSVILLE",0,22,28,1,1,3636,"adamsville",66051,"ADAMSVILLE",42901.046,42901.04,42901.04,2001,2001,2695,"adamsville",1,1.00521350932921
840,"66","056","SMITHFIELD",1,22,28,1,1,3637,"smithfield",66056,"SMITHFIELD",37598.9,37598.9,37598.9,1998,1998,2696,"smithfield",1,15.7088494377194
840,"66","057","NEW SOMERSET",0,24,13,1,1,3638,"new somerset",66057,"NEW SOMERSET",38038.473,38038.47,38038.47,2001,2001,2697,"new somerset",1,0.921641166157822
840,"66","058","WEST ELKTON",1,31,22,1,1,3639,"west elkton",66058,"WEST ELKTON",45031.1,45031.1,45031.1,1998,1998,2698,"west elkton",1,0.834274392783239
840,"66","059","DUNLAP",0,15,22,1,1,3640,"dunlap",66059,"DUNLAP",39244.793,39244.79,39244.79,2001,2001,2699,"dunlap",1,0.0227215228633382
840,"66","060","DARRTOWN",1,31,22,1,1,3641,"darrtown",66060,"DARRTOWN",40130.5,40130.5,40130.5,1998,1998,2700,"darrtown",1,143.03460198534
840,"66","061","HARVEYSBURG",0,15,22,1,1,3642,"harveysburg",66061,"HARVEYSBURG",37725.2,37725.2,37725.2,1998,1998,2701,"harveysburg",1,381.943727197594
840,"66","064","CUBA",1,15,22,1,1,3643,"cuba",66064,"CUBA",38868.5,38868.5,38868.5,1998,1998,2702,"cuba",1,230.146757994988
840,"66","065","WILMINGTON",0,31,22,1,1,3644,"wilmington",66065,"WILMINGTON",39834.91,39834.91,39834.91,2001,2001,2703,"wilmington",1,0.725486693345767
840,"66","066","NEWPORT",0,31,22,1,1,3645,"newport",66066,"NEWPORT",39949.199,39949.2,39949.2,2001,2001,2704,"newport",1,1.63734905543153
840,"66","067","XENIA",1,31,22,1,1,3646,"xenia",66067,"XENIA",50089.1,50089.1,50089.1,1998,1998,2705,"xenia",1,0.988543782775131
840,"66","068","TECUMSEH",0,31,22,1,1,3647,"tecumseh",66068,"TECUMSEH",35677.32,35677.32,35677.32,2001,2001,2706,"tecumseh",1,0.934821370741694
840,"66","072","RAY",1,22,28,1,1,3648,"ray",66072,"RAY",48835.7,48835.7,48835.7,1998,1998,2707,"ray",1,0.950952496241784
840,"66","073","NEW MARSHFLD",1,22,28,1,1,3649,"new marshfld",66073,"NEW MARSHFLD",43269,43269,43269,1998,1998,2708,"new marshfld",1,0.505596404348833
840,"66","074","OMEGA",0,22,28,1,1,3650,"omega",66074,"OMEGA",42614.7,42614.7,42614.7,1998,1998,2709,"omega",1,4.90282298097406
840,"66","075","HEBRON",1,22,13,1,1,3651,"hebron",66075,"HEBRON",39231.7,39231.7,39231.7,1998,1998,2710,"hebron",1,0.635815213213735
840,"66","076","BOLINS MILLS",1,22,28,1,1,3652,"bolins mills",66076,"BOLINS MILLS",37422.3,37422.3,37422.3,1998,1998,2711,"bolins mills",1,35.5937821789116
840,"66","080","DELL",1,22,28,1,1,3653,"dell",66080,"DELL",58235.5,58235.5,58235.5,1998,1998,2712,"dell",1,0.350671699410672
840,"66","081","COAL RUN",0,22,28,1,1,3654,"coal run",66081,"COAL RUN",36484.8,36484.8,36484.8,1998,1998,2713,"coal run",1,0.882664063331413
840,"66","082","POMEROY",1,22,28,1,1,3655,"pomeroy",66082,"POMEROY",37045.9,37045.9,37045.9,1998,1998,2714,"pomeroy",1,0.6311857864016
840,"66","083","CUMBERLAND",1,22,28,1,1,3656,"cumberland",66083,"CUMBERLAND",40105.4,40105.4,40105.4,1998,1998,2715,"cumberland",1,0.862190868948871
840,"66","085","ASH RIDGE",1,15,22,1,1,3657,"ash ridge",66085,"ASH RIDGE",46294.1,46294.1,46294.1,1998,1998,2716,"ash ridge",1,0.277316465557872
840,"66","086","ROME",1,15,24,1,1,3658,"rome",66086,"ROME",36415.2,36415.2,36415.2,1998,1998,2717,"rome",1,47.180796038619
840,"66","087","SCIOTO FURN",1,22,28,1,1,3659,"scioto furn",66087,"SCIOTO FURN",38471.3,38471.3,38471.3,1998,1998,2718,"scioto furn",1,0.26509457489822
840,"66","088","GREASY RIDGE",0,22,28,1,1,3660,"greasy ridge",66088,"GREASY RIDGE",37397.391,37397.39,37397.39,2001,2001,2719,"greasy ridge",1,11.7828938150382
840,"66","107","LIMESTONE",1,16,23,1,1,3661,"limestone",66107,"LIMESTONE",39402.8,39402.8,39402.8,1998,1998,2720,"limestone",1,19.9437885523095
840,"66","112","NORWALK",1,31,22,1,1,3662,"norwalk",66112,"NORWALK",39184.5,39184.5,39184.5,1998,1998,2721,"norwalk",1,0.893951894472647
840,"66","113","VICKERY",1,16,23,1,1,3663,"vickery",66113,"VICKERY",39046.121,39046.11,39046.11,2011,2011,2722,"vickery",1,153.304176551401
840,"66","116","HIRAM",1,24,13,1,1,3664,"hiram",66116,"HIRAM",40765.6,40765.6,40765.6,1998,1998,2723,"hiram",1,0.275386041460959
840,"66","118","VALLEY CITY",1,24,13,1,1,3665,"valley city",66118,"VALLEY CITY",46894.8,46894.8,46894.8,1998,1998,2724,"valley city",1,33.0645485606319
840,"66","126","CASSTOWN",1,31,22,1,1,3666,"casstown",66126,"CASSTOWN",45324.461,45324.46,45324.46,2001,2001,2725,"casstown",1,1.11333738969445
840,"66","134","Marion 2",1,31,22,1,1,3667,"marion 2",66034,"MARION",40333.1,40333.1,40333.1,1998,1998,2683,"marion",0.916666666666667,0.348638969319524
840,"66","141","ASHLEY",1,31,22,1,1,3668,"ashley",66141,"ASHLEY",39527.7,39527.7,39527.7,1998,1998,2726,"ashley",1,10.6301429402528
840,"66","148","STONECREEK",1,22,28,1,1,3669,"stonecreek",66148,"STONECREEK",40242.9,40242.9,40242.9,1998,1998,2727,"stonecreek",1,0.998104021190831
840,"66","150","BIRMINGHAM",1,22,28,1,1,3670,"birmingham",66150,"BIRMINGHAM",45965.3,45965.3,45965.3,1998,1998,2728,"birmingham",1,6.45037493393729
840,"66","151","COSHOCTON",0,22,28,1,1,3671,"coshocton",66151,"COSHOCTON",45421.745,45421.74,45421.74,2001,2001,2729,"coshocton",1,1.00521350932921
840,"66","157","PETERSBURG",1,24,28,1,1,3672,"petersburg",66157,"PETERSBURG",61342.8,61342.8,61342.8,1998,1998,2730,"petersburg",1,116.787501367682
840,"66","159","W CARROLLTON",1,31,22,1,1,3673,"w carrollton",66159,"W CARROLLTON",39709.6,39709.6,39709.6,1998,1998,2731,"w carrollton",1,29.9026277397774
840,"66","161","HARVEYSBURG 2",1,15,22,1,1,3674,"harveysburg 2",66161,"HARVEYSBURG 2",40371.402,40371.39,40371.39,2011,2011,2732,"harveysburg 2",1,0.0644998339535
840,"66","165","PORT WILLIAM",1,31,22,1,1,3675,"port william",66165,"PORT WILLIAM",50426.8,50426.8,50426.8,1998,1998,2733,"port william",1,30.778726581426
840,"66","166","LONDON",1,31,22,1,1,3676,"london",66166,"LONDON",39908.7,39908.7,39908.7,1998,1998,2734,"london",1,1.37943489879617
840,"66","168","ENON",1,31,22,1,1,3677,"enon",66168,"ENON",44904.1,44904.1,44904.1,1998,1998,2735,"enon",1,0.512764961602404
840,"66","181","SOUTH OLIVE",1,22,28,1,1,3678,"south olive",66181,"SOUTH OLIVE",39885.2,39885.2,39885.2,1998,1998,2736,"south olive",1,130.19533412957
840,"66","188","WILGUS",1,22,28,1,1,3679,"wilgus",66188,"WILGUS",40490.6,40490.6,40490.6,1998,1998,2737,"wilgus",1,1.06178051421936
840,"66","251","KEENE",1,22,28,1,1,3680,"keene",66251,"KEENE",44688.6,44688.6,44688.6,1998,1998,2738,"keene",1,42.8331645707543
840,"66","901","WAYNE N.F.",1,22,28,1,2,3681,"wayne n f",66901,"WAYNE N.F.",40383.4,40383.4,40383.4,1998,1998,2739,"wayne n f",1,7.57168409429245
840,"66","902","SHAWNEE S.F.",0,22,28,1,2,3682,"shawnee s f",66902,"SHAWNEE S.F.",50368.9,50368.9,50368.9,1998,1998,2740,"shawnee s f",1,0.588490793006388
840,"66","903","ZALESKI S.F.",1,22,28,1,2,3683,"zaleski s f",66903,"ZALESKI S.F.",45125.2,45125.2,45125.2,1998,1998,2741,"zaleski s f",1,0.934463774381445
840,"66","904","TAR HOLLOW",1,22,28,1,2,3684,"tar hollow",66904,"TAR HOLLOW",38764.3,38764.3,38764.3,1998,1998,2742,"tar hollow",1,16.128437712819
840,"66","905","SCIOTO TRAIL",0,22,28,1,2,3685,"scioto trail",66905,"SCIOTO TRAIL",40487.6,40487.6,40487.6,1998,1998,2743,"scioto trail",1,0.69979545251311
840,"66","906","TICK RIDGE",1,22,28,1,2,3686,"tick ridge",66906,"TICK RIDGE",45076.2,45076.2,45076.2,1998,1998,2744,"tick ridge",1,0.177971300154512
840,"66","908","MOHICAN S.F.",1,22,28,1,2,3688,"mohican s f",66908,"MOHICAN S.F.",36154.1,36154.1,36154.1,1998,1998,2746,"mohican s f",1,50.8521400996881
840,"66","952","SHAWNEE S.F. 2",1,22,28,1,2,3689,"shawnee s f 2",66902,"SHAWNEE S.F.",50368.9,50368.9,50368.9,1998,1998,2740,"shawnee s f",0.948717948717949,83.8056146276103
840,"67","001","BIG CEDAR",1,19,25,1,1,3690,"big cedar",67001,"BIG CEDAR",37122.6,37122.6,37122.6,1998,1998,2748,"big cedar",1,319.830637691257
840,"67","002","BLANCO",1,19,25,1,1,3691,"blanco",67002,"BLANCO",43700.4,43700.4,43700.4,1998,1998,2749,"blanco",1,17.5264991513096
840,"67","003","MCALESTER",0,19,25,1,1,3692,"mcalester",67003,"MCALESTER",40267.242,40267.23,40267.23,2011,2011,2750,"mcalester",1,1.64282210658902
840,"67","004","PHILLIPS",1,33,25,1,1,3693,"phillips",67004,"PHILLIPS",43259.2,43259.2,43259.2,1998,1998,2751,"phillips",1,1.11097298068221
840,"67","005","MILL CREEK",1,33,21,1,1,3694,"mill creek",67005,"MILL CREEK",45194.2,45194.2,45194.2,1998,1998,2752,"mill creek",1,4.8128384608307
840,"67","006","LOCO",0,35,21,1,1,3695,"loco",67006,"LOCO",41242.238,41242.24,41242.24,2001,2001,2753,"loco",1,0.677250390577802
840,"67","007","ARDMORE",1,33,21,1,1,3696,"ardmore",67007,"ARDMORE",41102.7,41102.7,41102.7,1998,1998,2754,"ardmore",1,8.43659611786261
840,"67","008","RANDLETT",1,35,19,1,1,3697,"randlett",67008,"RANDLETT",40443.3,40443.3,40443.3,1998,1998,2755,"randlett",1,0.784538985153402
840,"67","009","COOKIETOWN",1,35,19,1,1,3698,"cookietown",67009,"COOKIETOWN",42539.6,42539.6,42539.6,1998,1998,2756,"cookietown",1,0.976901983349749
840,"67","010","REED",1,54,19,1,1,3699,"reed",67010,"REED",40419.3,40419.3,40419.3,1998,1998,2757,"reed",1,0.980548362341016
840,"67","011","BARON",1,19,24,1,1,3700,"baron",67011,"BARON",40165.8,40165.8,40165.8,1998,1998,2758,"baron",1,0.528772720339553
840,"67","012","CANADIAN",1,33,25,1,1,3701,"canadian",67012,"CANADIAN",40973.8,40973.8,40973.8,1998,1998,2759,"canadian",1,58.7516831417858
840,"67","013","INDIANOLA",1,33,25,1,1,3702,"indianola",67013,"INDIANOLA",42923.4,42923.4,42923.4,1998,1998,2760,"indianola",1,0.658491572723075
840,"67","014","HOLDENVILLE",1,33,21,1,1,3703,"holdenville",67014,"HOLDENVILLE",39893.4,39893.4,39893.4,1998,1998,2761,"holdenville",1,1.98481630598781
840,"67","015","BEGGS",0,33,21,1,1,3704,"beggs",67015,"BEGGS",40068.3,40068.3,40068.3,1998,1998,2762,"beggs",1,0.887572245959411
840,"67","016","CHOCTAW",1,33,21,1,1,3705,"choctaw",67016,"CHOCTAW",40011.5,40011.5,40011.5,1998,1998,2763,"choctaw",1,153.132640469193
840,"67","017","NOBLE",1,33,21,1,1,3706,"noble",67017,"NOBLE",40260.4,40260.4,40260.4,1998,1998,2764,"noble",1,0.494669680229308
840,"67","018","VERDEN",1,35,19,1,1,3707,"verden",67018,"VERDEN",40310.2,40310.2,40310.2,1998,1998,2765,"verden",1,0.53691981961079
840,"67","019","EAGLE CITY",1,35,19,1,1,3708,"eagle city",67019,"EAGLE CITY",39578,39578,39578,1998,1998,2766,"eagle city",1,1.1789425505191
840,"67","020","GRIMES",1,54,19,1,1,3709,"grimes",67020,"GRIMES",40050.9,40050.9,40050.9,1998,1998,2767,"grimes",1,1.08550481070355
840,"67","021","ERICK",1,54,19,1,1,3710,"erick",67021,"ERICK",39714.9,39714.9,39714.9,1998,1998,2768,"erick",1,1.0442902389005
840,"67","022","PEORIA",1,33,22,1,1,3711,"peoria",67022,"PEORIA",39132.8,39132.8,39132.8,1998,1998,2769,"peoria",1,1.05857984366517
840,"67","023","WELCH",1,33,22,1,1,3712,"welch",67023,"WELCH",39178.6,39178.6,39178.6,1998,1998,2770,"welch",1,0.841713400803796
840,"67","024","COLLINSVILLE",1,33,22,1,1,3713,"collinsville",67024,"COLLINSVILLE",39486.582,39486.57,39486.57,2011,2011,2771,"collinsville",1,35.6042691650413
840,"67","025","BARNSDALL",0,33,21,1,1,3714,"barnsdall",67025,"BARNSDALL",40275.668,40275.67,40275.67,2001,2001,2772,"barnsdall",1,0.676140954179144
840,"67","026","BARTLESVILLE",1,33,21,1,1,3715,"bartlesville",67026,"BARTLESVILLE",39457.7,39457.7,39457.7,1998,1998,2773,"bartlesville",1,6.94944712178015
840,"67","027","DOUGLAS",1,35,19,1,1,3716,"douglas",67027,"DOUGLAS",40130.5,40130.5,40130.5,1998,1998,2774,"douglas",1,0.826019147030353
840,"67","028","WAKITA",1,35,19,1,1,3717,"wakita",67028,"WAKITA",39489.4,39489.4,39489.4,1998,1998,2775,"wakita",1,0.9569505234274
840,"67","029","CHESTER",0,35,19,1,1,3718,"chester",67029,"CHESTER",39344.719,39344.72,39344.72,2001,2001,2776,"chester",1,0.71814305030207
840,"67","030","TEGARDEN",1,34,19,1,1,3719,"tegarden",67030,"TEGARDEN",41526.3,41526.3,41526.3,1998,1998,2777,"tegarden",1,0.987125986607801
840,"67","031","LOOKOUT",1,34,19,1,1,3720,"lookout",67031,"LOOKOUT",38712.9,38712.9,38712.9,1998,1998,2778,"lookout",1,18.1230516770496
840,"67","032","ROSSTON",1,34,19,1,1,3721,"rosston",67032,"ROSSTON",40518,40518,40518,1998,1998,2779,"rosston",1,1.22210190627571
840,"67","033","HARDESTY",1,34,18,1,1,3722,"hardesty",67033,"HARDESTY",39888.2,39888.2,39888.2,1998,1998,2780,"hardesty",1,1.01513223773761
840,"67","034","FELT",1,55,18,1,1,3723,"felt",67034,"FELT",40671.1,40671.1,40671.1,1998,1998,2781,"felt",1,5.55759556294706
840,"67","035","BEAVER",1,34,19,1,1,3724,"beaver",67035,"BEAVER",35699.2,35699.2,35699.2,1998,1998,2782,"beaver",1,1.15079095977895
840,"67","050","GOODWATER",1,4,25,1,1,3725,"goodwater",67050,"GOODWATER",42863,42863,42863,1998,1998,2783,"goodwater",1,0.722428637068242
840,"67","051","BETHEL",1,19,25,1,1,3726,"bethel",67051,"BETHEL",56217.6,56217.6,56217.6,1998,1998,2784,"bethel",1,0.493404486897654
840,"67","053","MATOY",1,33,25,1,1,3728,"matoy",67053,"MATOY",40394.7,40394.7,40394.7,1998,1998,2786,"matoy",1,0.7719697671963
840,"67","054","TATUMS",1,33,21,1,1,3729,"tatums",67054,"TATUMS",44295,44295,44295,1998,1998,2787,"tatums",1,0.654928935168665
840,"67","055","COOPERTON",1,54,19,1,1,3730,"cooperton",67055,"COOPERTON",42554.6,42554.6,42554.6,1998,1998,2788,"cooperton",1,0.795200326556071
840,"67","056","HOLLIS",1,54,19,1,1,3731,"hollis",67056,"HOLLIS",41363.9,41363.9,41363.9,1998,1998,2789,"hollis",1,0.906779489454851
840,"67","057","POCOLA",1,33,25,1,1,3732,"pocola",67057,"POCOLA",41538.5,41538.5,41538.5,1998,1998,2790,"pocola",1,61.0306166427854
840,"67","058","WAINWRIGHT",1,33,22,1,1,3733,"wainwright",67058,"WAINWRIGHT",41412.3,41412.3,41412.3,1998,1998,2791,"wainwright",1,0.424205598436758
840,"67","059","HEYBURN",1,33,21,1,1,3734,"heyburn",67059,"HEYBURN",43570.7,43570.7,43570.7,1998,1998,2792,"heyburn",1,7.81535737877097
840,"67","060","CASHION",1,35,19,1,1,3735,"cashion",67060,"CASHION",39497.8,39497.8,39497.8,1998,1998,2793,"cashion",1,1.20330496797526
840,"67","061","SICKLES",1,54,19,1,1,3736,"sickles",67061,"SICKLES",40064.8,40064.8,40064.8,1998,1998,2794,"sickles",1,1.11795450488852
840,"67","062","ARAPAHO",1,54,19,1,1,3737,"arapaho",67062,"ARAPAHO",42657.7,42657.7,42657.7,1998,1998,2795,"arapaho",1,0.743341939658078
840,"67","063","COLCORD",1,19,24,1,1,3738,"colcord",67063,"COLCORD",41528.8,41528.8,41528.8,1998,1998,2796,"colcord",1,0.462887912876179
840,"67","064","KEETONVILLE",1,33,22,1,1,3739,"keetonville",67064,"KEETONVILLE",40079.6,40079.6,40079.6,1998,1998,2797,"keetonville",1,1.92874553884116
840,"67","065","FORAKER",1,33,22,1,1,3740,"foraker",67065,"FORAKER",43680.4,43680.4,43680.4,1998,1998,2798,"foraker",1,1.13136820946407
840,"67","066","HUNTER",1,35,19,1,1,3741,"hunter",67066,"HUNTER",39822.2,39822.2,39822.2,1998,1998,2799,"hunter",1,1.05247153045037
840,"67","067","JET",1,35,19,1,1,3742,"jet",67067,"JET",40394.6,40394.6,40394.6,1998,1998,2800,"jet",1,1.14929243037085
840,"67","068","WOODWARD",1,34,19,1,1,3743,"woodward",67068,"WOODWARD",40742.1,40742.1,40742.1,1998,1998,2801,"woodward",1,11.0953357390825
840,"67","069","CLEAR LAKE",1,34,18,1,1,3744,"clear lake",67069,"CLEAR LAKE",39448.9,39448.9,39448.9,1998,1998,2802,"clear lake",1,0.996762095027226
840,"67","070","HOOKER",1,55,18,1,1,3745,"hooker",67070,"HOOKER",39260.4,39260.4,39260.4,1998,1998,2803,"hooker",1,0.732199743643322
840,"67","071","KEYES",1,55,18,1,1,3746,"keyes",67071,"KEYES",40084.6,40084.6,40084.6,1998,1998,2804,"keyes",1,0.871253347849298
840,"67","103","PUSHMATAHA",1,19,25,1,1,3747,"pushmataha",67103,"PUSHMATAHA",37131.9,37131.9,37131.9,1998,1998,2805,"pushmataha",1,1.27542947275579
840,"67","106","DUNCAN",1,35,21,1,1,3748,"duncan",67106,"DUNCAN",40509.8,40509.8,40509.8,1998,1998,2806,"duncan",1,0.414430128138145
840,"67","125","SKIATOOK",1,33,21,1,1,3749,"skiatook",67125,"SKIATOOK",42092.2,42092.2,42092.2,1998,1998,2807,"skiatook",1,1.20052578944866
840,"67","129","PHROSO",1,35,19,1,1,3750,"phroso",67129,"PHROSO",39398.8,39398.8,39398.8,1998,1998,2808,"phroso",1,138.109458949187
840,"67","161","COLONY",0,54,19,1,1,3751,"colony",67161,"COLONY",40096.6,40096.6,40096.6,1998,1998,2809,"colony",1,1.19083255483214
840,"67","900","OUACHITA NF",1,19,25,1,2,3752,"ouachita nf",67900,"OUACHITA NF",44170.4,44170.4,44170.4,1998,1998,2810,"ouachita nf",1,16.6487273377539
840,"67","901","WICHITA MTNS EAST",1,54,19,1,2,3753,"wichita mtns east",67901,"WICHITA MTNS",38301.5,38301.5,38301.5,1998,1998,2811,"wichita mtns",0.901960784313726,7.88531647086588
840,"67","902","ELGIN",0,35,19,1,2,3754,"elgin",67902,"ELGIN",38890.6,38890.6,38890.6,1998,1998,2812,"elgin",1,34.2739783857252
840,"67","903","FT SILL WEST",0,54,19,1,2,3755,"ft sill west",67903,"FT SILL WEST",37905.1,37905.1,37905.1,1998,1998,2813,"ft sill west",1,11.829484369698
840,"67","904","FT SILL EAST",0,35,19,1,2,3756,"ft sill east",67904,"FT SILL EAST",39502,39502,39502,1998,1998,2814,"ft sill east",1,1.16492606982082
840,"67","905","MT. HERMAN",1,19,25,1,2,3757,"mt herman",67905,"MT. HERMAN",41076.1,41076.1,41076.1,1998,1998,2815,"mt herman",1,40.2182836321265
840,"67","906","HEE MOUNTAIN",1,19,25,1,2,3758,"hee mountain",67906,"HEE MOUNTAIN",40381.217,40381.21,40381.21,2011,2011,2816,"hee mountain",1,0.10408908687719
840,"67","907","WICHITA MTS WEST",1,54,19,1,2,3759,"wichita mts west",67907,"WICHITA MTS WEST",37483.26,37483.25,37483.25,2011,2011,2817,"wichita mts west",1,6.28912252337854
840,"67","908","Wichita Mtns",0,54,19,1,2,3760,"wichita mtns",67901,"WICHITA MTNS",38301.5,38301.5,38301.5,1998,1998,2811,"wichita mtns",1,1.07725184857935
840,"69","001","TIMBER",1,93,5,1,1,4025,"timber",69001,"TIMBER",50060.5,50060.5,50060.5,1998,1998,2818,"timber",1,6.03809895780339
840,"69","002","TUALATIN",1,98,5,1,1,4026,"tualatin",69002,"TUALATIN",42274.4,42274.4,42274.4,1998,1998,2819,"tualatin",1,2.70418246557957
840,"69","003","SHELLROCK",1,67,5,1,1,4027,"shellrock",69003,"SHELLROCK",39742.3,39742.3,39742.3,1998,1998,2820,"shellrock",1,1.20560079408745
840,"69","004","LONE ROCK",1,89,9,1,1,4028,"lone rock",69004,"LONE ROCK",42442,42442,42442,1998,1998,2821,"lone rock",1,0.954896770763535
840,"69","005","ORDNANCE",0,89,9,1,1,4029,"ordnance",69005,"ORDNANCE",40126.598,40126.6,40126.6,2001,2001,2822,"ordnance",1,0.480219157654158
840,"69","006","ALBEE",1,65,10,1,1,4030,"albee",69006,"ALBEE",39657.9,39657.9,39657.9,1998,1998,2823,"albee",1,0.930033590382208
840,"69","007","FLORA",0,65,10,1,1,4031,"flora",69007,"FLORA",42112.7,42112.7,42112.7,1998,1998,2824,"flora",1,633.002810277741
840,"69","008","IMNAHA",1,65,9,1,1,4032,"imnaha",69008,"IMNAHA",40296.1,40296.1,40296.1,1998,1998,2825,"imnaha",1,53.9703869553716
840,"69","009","SALADO",1,93,5,1,1,4033,"salado",69009,"SALADO",38590.3,38590.3,38590.3,1998,1998,2826,"salado",1,17.9278357417399
840,"69","010","COOL CAMP",0,67,5,1,1,4034,"cool camp",69010,"COOL CAMP",38103.7,38103.7,38103.7,1998,1998,2827,"cool camp",1,49.008937927045
840,"69","011","DESCHUTES",1,85,9,1,1,4035,"deschutes",69011,"DESCHUTES",40358.3,40358.3,40358.3,1998,1998,2828,"deschutes",1,5.79558600106011
840,"69","012","OCHOCO",0,65,10,1,1,4036,"ochoco",69012,"OCHOCO",40493.203,40493.2,40493.2,2001,2001,2829,"ochoco",1,1.19351912061901
840,"69","013","LOGDELL",1,65,10,1,1,4037,"logdell",69013,"LOGDELL",39684.1,39684.1,39684.1,1998,1998,2830,"logdell",1,0.368515218319649
840,"69","014","WICKIUP",1,65,10,1,1,4038,"wickiup",69014,"WICKIUP",47802,47802,47802,1998,1998,2831,"wickiup",1,1.30409727645112
840,"69","015","BRIDGEPORT",1,65,10,1,1,4039,"bridgeport",69015,"BRIDGEPORT",48082.5,48082.5,48082.5,1998,1998,2832,"bridgeport",1,0.797251194567033
840,"69","017","HAUSER",0,93,5,1,1,4040,"hauser",69017,"HAUSER",40116.863,40116.86,40116.86,2001,2001,2833,"hauser",1,1.27837033420345
840,"69","018","UMPQUA",1,93,5,1,1,4041,"umpqua",69018,"UMPQUA",39358.8,39358.8,39358.8,1998,1998,2834,"umpqua",1,40.0895894868119
840,"69","019","WINBERRY",1,93,5,1,1,4042,"winberry",69019,"WINBERRY",43231.1,43231.1,43231.1,1998,1998,2835,"winberry",1,1.2865383260973
840,"69","020","DELL SPRING",0,67,9,1,1,4043,"dell spring",69020,"DELL SPRING",45557.4,45557.4,45557.4,1998,1998,2836,"dell spring",1,1.40368509733681
840,"69","021","FANDANGO CAN",1,89,9,1,1,4044,"fandango can",69021,"FANDANGO CAN",39529.1,39529.1,39529.1,1998,1998,2837,"fandango can",1,730.017043373921
840,"69","022","WAGONTIRE",1,89,9,1,1,4045,"wagontire",69022,"WAGONTIRE",45169.9,45169.9,45169.9,1998,1998,2838,"wagontire",1,6.32364000181329
840,"69","023","BUCHANAN",1,65,9,1,1,4046,"buchanan",69023,"BUCHANAN",57049.1,57049.1,57049.1,1998,1998,2839,"buchanan",1,18.2199651008706
840,"69","024","CROWLEY",1,89,9,1,1,4047,"crowley",69024,"CROWLEY",39263,39263,39263,1998,1998,2840,"crowley",1,250.712806718561
840,"69","025","WEDDERBURN",1,93,5,1,1,4048,"wedderburn",69025,"WEDDERBURN",45013.9,45013.9,45013.9,1998,1998,2841,"wedderburn",1,53.2980419741085
840,"69","026","DAYS CREEK",1,93,5,1,1,4049,"days creek",69026,"DAYS CREEK",49546.7,49546.7,49546.7,1998,1998,2842,"days creek",1,1.26160410761706
840,"69","027","DERBY",0,93,5,1,1,4050,"derby",69027,"DERBY",41211,41211,41211,1998,1998,2843,"derby",1,1.32354115620166
840,"69","028","MODOC POINT",0,85,9,1,1,4051,"modoc point",69028,"MODOC POINT",41071.7,41071.7,41071.7,1998,1998,2844,"modoc point",1,13.0961869875295
840,"69","029","PAISLEY",1,85,9,1,1,4052,"paisley",69029,"PAISLEY",41315.8,41315.8,41315.8,1998,1998,2845,"paisley",1,466.012846857828
840,"69","030","BLITZEN",0,89,9,1,1,4053,"blitzen",69030,"BLITZEN",41305.6,41305.6,41305.6,1998,1998,2846,"blitzen",1,86.2233079954921
840,"69","031","ALVORD LAKE",1,89,9,1,1,4054,"alvord lake",69031,"ALVORD LAKE",42468.9,42468.9,42468.9,1998,1998,2847,"alvord lake",1,10.2933348460199
840,"69","032","WILLOW SPG",0,89,9,1,1,4055,"willow spg",69032,"WILLOW SPG",41777.008,41777.01,41777.01,2001,2001,2848,"willow spg",1,1.06774091155236
840,"69","033","ADAIR",1,98,5,1,1,4056,"adair",69033,"ADAIR",44841.9,44841.9,44841.9,1998,1998,2849,"adair",1,0.655497835251769
840,"69","034","SCIO",1,98,5,1,1,4057,"scio",69034,"SCIO",40013.8,40013.8,40013.8,1998,1998,2850,"scio",1,1.1094514343162
840,"69","035","JOSEPH",1,65,9,1,1,4058,"joseph",69035,"JOSEPH",39631.9,39631.9,39631.9,1998,1998,2851,"joseph",1,1.63378646468211
840,"69","036","EAGLE ROCK",0,65,10,1,1,4059,"eagle rock",69036,"EAGLE ROCK",41905.32,41905.32,41905.32,2001,2001,2852,"eagle rock",1,1.22659666295505
840,"69","038","SPARTA",1,65,10,1,1,4060,"sparta",69038,"SPARTA",42814.9,42814.9,42814.9,1998,1998,2853,"sparta",1,0.463077075222939
840,"69","039","BARNES VAL",0,85,9,1,1,4061,"barnes val",69039,"BARNES VAL",39737.918,39737.92,39737.92,2001,2001,2854,"barnes val",1,29.1568993236424
840,"69","040","DAYTON",1,98,5,1,1,4062,"dayton",69040,"DAYTON",42349.5,42349.5,42349.5,1998,1998,2855,"dayton",1,1.43651938153218
840,"69","041","GARFIELD",1,98,5,1,1,4063,"garfield",69041,"GARFIELD",42369.9,42369.9,42369.9,1998,1998,2856,"garfield",1,1.70124083310674
840,"69","042","SVENSEN",0,93,5,1,1,4064,"svensen",69042,"SVENSEN",43319.238,43319.24,43319.24,2001,2001,2857,"svensen",1,1.21616265892547
840,"69","043","MT HOOD",1,67,9,1,1,4065,"mt hood",69043,"MT HOOD",39595.6,39595.6,39595.6,1998,1998,2858,"mt hood",1,1.49424689385278
840,"69","044","MONTAGUE",1,89,9,1,1,4066,"montague",69044,"MONTAGUE",41050.7,41050.7,41050.7,1998,1998,2859,"montague",1,1.08498370139002
840,"69","045","EIGHTMILE",1,89,9,1,1,4067,"eightmile",69045,"EIGHTMILE",41633.1,41633.1,41633.1,1998,1998,2860,"eightmile",1,531.568960404288
840,"69","046","PENDLETON",1,89,9,1,1,4068,"pendleton",69046,"PENDLETON",39122,39122,39122,1998,1998,2861,"pendleton",1,1.68002664812984
840,"69","047","CAMP SHERMAN",0,67,9,1,1,4069,"camp sherman",69047,"CAMP SHERMAN",41993.781,41993.78,41993.78,2001,2001,2862,"camp sherman",1,554.331329891579
840,"69","048","MOUNT VERNON",1,65,10,1,1,4070,"mount vernon",69048,"MOUNT VERNON",43943.1,43943.1,43943.1,1998,1998,2863,"mount vernon",1,1.1990645814843
840,"69","049","GRANITE",1,65,10,1,1,4071,"granite",69049,"GRANITE",44620.1,44620.1,44620.1,1998,1998,2864,"granite",1,87.3848174689216
840,"69","050","ELKTON",1,93,5,1,1,4072,"elkton",69050,"ELKTON",40084.6,40084.6,40084.6,1998,1998,2865,"elkton",1,11.3775851149795
840,"69","051","CLEARWATER",1,67,5,1,1,4073,"clearwater",69051,"CLEARWATER",41005.2,41005.2,41005.2,1998,1998,2866,"clearwater",1,1.75986895001912
840,"69","052","ELK LAKE",1,67,5,1,1,4074,"elk lake",69052,"ELK LAKE",38620.2,38620.2,38620.2,1998,1998,2867,"elk lake",1,0.198904389727106
840,"69","053","CLOVER CREEK",1,89,10,1,1,4075,"clover creek",69053,"CLOVER CREEK",38191.2,38191.2,38191.2,1998,1998,2868,"clover creek",1,29.7956833263906
840,"69","054","SILVER CREEK",1,65,10,1,1,4076,"silver creek",69054,"SILVER CREEK",43457.1,43457.1,43457.1,1998,1998,2869,"silver creek",1,1.71610318098821
840,"69","055","PRINCETON",0,89,9,1,1,4077,"princeton",69055,"PRINCETON",44629.391,44629.39,44629.39,2001,2001,2870,"princeton",1,1.30239198524743
840,"69","056","ADRIAN",1,89,9,1,1,4078,"adrian",69056,"ADRIAN",45233.9,45233.9,45233.9,1998,1998,2871,"adrian",1,0.514399267229464
840,"69","057","HAZEL CAMP",0,93,5,1,1,4079,"hazel camp",69057,"HAZEL CAMP",50346.1,50346.1,50346.1,1998,1998,2872,"hazel camp",1,176.115475251741
840,"69","058","SECRET VAL",1,93,5,1,1,4080,"secret val",69058,"SECRET VAL",37056.1,37056.1,37056.1,1998,1998,2873,"secret val",1,1.20578220599113
840,"69","059","EMIGRANT LK",0,93,5,1,1,4081,"emigrant lk",69059,"EMIGRANT LK",40110.7,40110.7,40110.7,1998,1998,2874,"emigrant lk",1,8.42611802270026
840,"69","060","BLY",0,85,9,1,1,4082,"bly",69060,"BLY",39801,39801,39801,1998,1998,2875,"bly",1,49.6365163293833
840,"69","061","BLIZZARD GAP",1,89,9,1,1,4083,"blizzard gap",69061,"BLIZZARD GAP",43648.9,43648.9,43648.9,1998,1998,2876,"blizzard gap",1,0.931804318522316
840,"69","062","FISH LAKE",1,89,9,1,1,4084,"fish lake",69062,"FISH LAKE",40713.1,40713.1,40713.1,1998,1998,2877,"fish lake",1,0.95532873013001
840,"69","063","BATTLE MTN",1,89,9,1,1,4085,"battle mtn",69063,"BATTLE MTN",42563.1,42563.1,42563.1,1998,1998,2878,"battle mtn",1,1.18674535039889
840,"69","064","LOOKOUT LAKE",0,89,9,1,1,4086,"lookout lake",69064,"LOOKOUT LAKE",43711.063,43711.06,43711.06,2001,2001,2879,"lookout lake",1,1.16996361631886
840,"69","105","UMATILLA",1,89,9,1,1,4091,"umatilla",69105,"UMATILLA",44251.3,44251.3,44251.3,1998,1998,2880,"umatilla",1,1.04730392950562
840,"69","112","HASH ROCK",1,65,10,1,1,4092,"hash rock",69112,"HASH ROCK",42147.2,42147.2,42147.2,1998,1998,2881,"hash rock",1,1.42549577319122
840,"69","117","GLASGOW",1,93,5,1,1,4093,"glasgow",69117,"GLASGOW",40761.3,40761.3,40761.3,1998,1998,2882,"glasgow",1,423.966633997386
840,"69","120","DAVIS LAKE",1,67,9,1,1,4094,"davis lake",69120,"DAVIS LAKE",40342.061,40342.06,40342.06,2011,2011,2883,"davis lake",1,0.461199874154663
840,"69","127","SAMS VALLEY",1,93,5,1,1,4095,"sams valley",69127,"SAMS VALLEY",49345.2,49345.2,49345.2,1998,1998,2884,"sams valley",1,33.5695947015758
840,"69","130","BLITZEN 2",1,89,9,1,1,4097,"blitzen 2",69130,"BLITZEN 2",44295.161,44295.16,44295.16,2011,2011,2885,"blitzen 2",1,0.726637843862061
840,"69","136","SUMMIT PR",1,65,10,1,1,4098,"summit pr",69136,"SUMMIT PR",44857.7,44857.7,44857.7,1998,1998,2886,"summit pr",1,6.51682262138616
840,"69","139","LAPHAM RES.",1,85,9,1,1,4099,"lapham res",69139,"LAPHAM RES.",39582.3,39582.3,39582.3,1998,1998,2887,"lapham res",1,5.53598214975687
840,"69","142","NICOLAI MTN.",1,93,5,1,1,4100,"nicolai mtn",69142,"NICOLAI MTN.",45163.8,45163.8,45163.8,1998,1998,2888,"nicolai mtn",1,36.4725830386653
840,"69","147","WIZARD FALLS",1,67,9,1,1,4101,"wizard falls",69147,"WIZARD FALLS",41059.2,41059.2,41059.2,1998,1998,2889,"wizard falls",1,318.382470435755
840,"69","155","MALHEUR NWR",1,89,9,1,1,4102,"malheur nwr",69155,"MALHEUR NWR",42240.1,42240.1,42240.1,1998,1998,2890,"malheur nwr",1,1.53716930217422
840,"69","159","EMIGRANT LAKE 2",1,93,5,1,1,4103,"emigrant lake 2",69159,"EMIGRANT LAKE 2",40965.188,40965.19,40965.19,2011,2011,2891,"emigrant lake 2",1,0.485439828960097
840,"69","160","Bly  2",1,85,9,1,1,4104,"bly 2",69160,"BLY  II",44212.25,44212.25,44212.25,2011,2011,2892,"bly ii",0.822222222222222,1.39116631792576
840,"69","164","ROME",1,89,9,1,1,4105,"rome",69164,"ROME",64025.9,64025.9,64025.9,1998,1998,2893,"rome",1,0.235921219882863
840,"69","201","TRASK SUMMIT",1,93,5,1,1,4106,"trask summit",69201,"TRASK SUMMIT",39189.5,39189.5,39189.5,1998,1998,2894,"trask summit",1,2.68777125131925
840,"69","203","BADGER CREEK",1,67,9,1,1,4108,"badger creek",69203,"BADGER CREEK",38361.9,38361.9,38361.9,1998,1998,2896,"badger creek",1,46.395931579198
840,"69","205","CECIL",1,89,9,1,1,4110,"cecil",69205,"CECIL",52457.5,52457.5,52457.5,1998,1998,2898,"cecil",1,27.1521412725423
840,"69","206","HOWARD MDWS.",1,65,10,1,1,4111,"howard mdws",69206,"HOWARD MDWS.",40530.4,40530.4,40530.4,1998,1998,2899,"howard mdws",1,53.4417877696883
840,"69","207","TROY",1,65,10,1,1,4112,"troy",69207,"TROY",73845.7,73845.8,73845.8,1998,1998,2900,"troy",1,1.31347148834013
840,"69","208","HELLS CANYON",1,65,10,1,1,4113,"hells canyon",69208,"HELLS CANYON",40264.7,40264.7,40264.7,1998,1998,2901,"hells canyon",1,147.103009198779
840,"69","209","WALDPORT",0,93,5,1,1,4114,"waldport",69209,"WALDPORT",41066.83,41066.83,41066.83,2011,2011,2902,"waldport",1,5.64252026935661
840,"69","210","BLUE RIVER",1,67,5,1,1,4115,"blue river",69210,"BLUE RIVER",41303.3,41303.3,41303.3,1998,1998,2903,"blue river",1,19.0524720328557
840,"69","211","MADRAS",1,89,10,1,1,4116,"madras",69211,"MADRAS",53175,53175,53175,1998,1998,2904,"madras",1,67.3286672550971
840,"69","213","BARNHOUSE",1,65,10,1,1,4118,"barnhouse",69213,"BARNHOUSE",56985,56985,56985,1998,1998,2906,"barnhouse",1,1.20763466409853
840,"69","214","UNITY",1,65,10,1,1,4119,"unity",69214,"UNITY",42381.3,42381.3,42381.3,1998,1998,2907,"unity",1,1.38048370045556
840,"69","215","NEWBRIDGE",1,65,10,1,1,4120,"newbridge",69215,"NEWBRIDGE",71704.5,71704.5,71704.5,1998,1998,2908,"newbridge",1,9.71251053362183
840,"69","217","COQUILLE",1,93,5,1,1,4121,"coquille",69217,"COQUILLE",41196.4,41196.4,41196.4,1998,1998,2909,"coquille",1,1.43193452400221
840,"69","218","GREEN",1,93,5,1,1,4122,"green",69218,"GREEN",47238,47238,47238,1998,1998,2910,"green",1,23.1150328535958
840,"69","219","WARNER MTN.",1,67,5,1,1,4123,"warner mtn",69219,"WARNER MTN.",39113,39113,39113,1998,1998,2911,"warner mtn",1,1.41818708224506
840,"69","220","BALD MTN.",1,85,9,1,1,4124,"bald mtn",69220,"BALD MTN.",41361.8,41361.8,41361.8,1998,1998,2912,"bald mtn",1,1.50126654662931
840,"69","221","GREEN MTN.",1,89,9,1,1,4125,"green mtn",69221,"GREEN MTN.",60898.7,60898.7,60898.7,1998,1998,2913,"green mtn",1,26.1123905857821
840,"69","222","HARNEY LAKE",1,89,9,1,1,4126,"harney lake",69222,"HARNEY LAKE",45126.7,45126.7,45126.7,1998,1998,2914,"harney lake",1,1.19062752653241
840,"69","223","CRANE",1,89,9,1,1,4127,"crane",69223,"CRANE",40587.1,40587.1,40587.1,1998,1998,2915,"crane",1,67.2695453231767
840,"69","224","QUARTZ MTN.",0,89,9,1,1,4128,"quartz mtn",69224,"QUARTZ MTN.",65895.4,65895.4,65895.4,1998,1998,2916,"quartz mtn",1,22.2771077048378
840,"69","225","MYRTLE GROVE",0,93,5,1,1,4129,"myrtle grove",69225,"MYRTLE GROVE",37708.6,37708.6,37708.6,1998,1998,2917,"myrtle grove",1,49.3907790340541
840,"69","226","RUCH",1,93,5,1,1,4130,"ruch",69226,"RUCH",54462.7,54462.7,54462.7,1998,1998,2918,"ruch",1,0.710969851624634
840,"69","227","WHISKEY SPG.",1,67,5,1,1,4131,"whiskey spg",69227,"WHISKEY SPG.",53222.6,53222.6,53222.6,1998,1998,2919,"whiskey spg",1,167.800189914437
840,"69","228","MERRILL",1,85,9,1,1,4132,"merrill",69228,"MERRILL",49378.4,49378.4,49378.4,1998,1998,2920,"merrill",1,19.561864522106
840,"69","229","PICTURE FLAT",1,85,9,1,1,4133,"picture flat",69229,"PICTURE FLAT",71920.2,71920.3,71920.3,1998,1998,2921,"picture flat",1,0.164432489362008
840,"69","230","WARNER VALLY",1,89,9,1,1,4134,"warner vally",69230,"WARNER VALLY",43469.4,43469.4,43469.4,1998,1998,2922,"warner vally",1,235.286234078775
840,"69","231","CATLOW RIM",1,89,9,1,1,4135,"catlow rim",69231,"CATLOW RIM",39737.9,39737.9,39737.9,1998,1998,2923,"catlow rim",1,1.31563901954004
840,"69","232","BOWDEN HILLS",1,89,9,1,1,4136,"bowden hills",69232,"BOWDEN HILLS",51868.4,51868.4,51868.4,1998,1998,2924,"bowden hills",1,1.30764376036175
840,"69","233","MCMINNVILLE",1,98,5,1,1,4137,"mcminnville",69233,"MCMINNVILLE",59198,59198,59198,1998,1998,2925,"mcminnville",1,1.00669157756567
840,"69","234","BLACK MTN.",0,65,10,1,1,4138,"black mtn",69234,"BLACK MTN.",55282.9,55282.9,55282.9,1998,1998,2926,"black mtn",1,94.001137257609
840,"69","235","EAGLE CREEK",1,65,10,1,1,4139,"eagle creek",69235,"EAGLE CREEK",66466.3,66466.3,66466.3,1998,1998,2927,"eagle creek",1,69.4297506267445
840,"69","236","KLICKITAT MT",0,93,5,1,1,4140,"klickitat mt",69236,"KLICKITAT MT",50270.9,50270.9,50270.9,1998,1998,2928,"klickitat mt",1,0.676125866286723
840,"69","237","SALEM",1,98,5,1,1,4141,"salem",69237,"SALEM",41311.1,41311.1,41311.1,1998,1998,2929,"salem",1,23.2141869894407
840,"69","238","SISTERS",1,85,9,1,1,4142,"sisters",69238,"SISTERS",58426.6,58426.6,58426.6,1998,1998,2930,"sisters",1,4.78574074573957
840,"69","240","MONUMENT",1,65,10,1,1,4144,"monument",69240,"MONUMENT",60723,60723,60723,1998,1998,2932,"monument",1,778.441031108587
840,"69","242","MALHEUR RES.",0,89,10,1,1,4146,"malheur res",69242,"MALHEUR RES.",66287.4,66287.4,66287.4,1998,1998,2934,"malheur res",1,1.43628269672774
840,"69","243","LORANE",1,93,5,1,1,4147,"lorane",69243,"LORANE",66750.4,66750.5,66750.5,1998,1998,2935,"lorane",1,152.303947254262
840,"69","246","CROOKED RIV.",1,89,9,1,1,4150,"crooked riv",69246,"CROOKED RIV.",53374.5,53374.5,53374.5,1998,1998,2938,"crooked riv",1,1.38216646652846
840,"69","247","DONNELLY",0,65,10,1,1,4151,"donnelly",69247,"DONNELLY",52641.8,52641.8,52641.8,1998,1998,2939,"donnelly",1,544.628569177926
840,"69","248","SILVIES",1,65,10,1,1,4152,"silvies",69248,"SILVIES",42889.6,42889.6,42889.6,1998,1998,2940,"silvies",1,75.2640115973877
840,"69","251","PROSPECT",1,93,5,1,1,4155,"prospect",69251,"PROSPECT",70249.5,70249.4,70249.4,1998,1998,2943,"prospect",1,3.87911209997599
840,"69","252","CHINCHALO",1,85,9,1,1,4156,"chinchalo",69252,"CHINCHALO",59254.8,59254.8,59254.8,1998,1998,2944,"chinchalo",1,0.370987066557106
840,"69","253","LAKEVIEW",1,85,9,1,1,4157,"lakeview",69253,"LAKEVIEW",64616.8,64616.9,64616.9,1998,1998,2945,"lakeview",1,1.5031870164005
840,"69","254","FLOOK LAKE",1,89,9,1,1,4158,"flook lake",69254,"FLOOK LAKE",44969.4,44969.4,44969.4,1998,1998,2946,"flook lake",1,735.850660589072
840,"69","255","TROUT CREEK",1,89,9,1,1,4159,"trout creek",69255,"TROUT CREEK",43177.6,43177.6,43177.6,1998,1998,2947,"trout creek",1,178.876283088011
840,"69","256","THREE FORKS",1,89,9,1,1,4160,"three forks",69256,"THREE FORKS",54396,54396,54396,1998,1998,2948,"three forks",1,6.55243710352545
840,"69","309","Harlan",0,93,5,1,1,4161,"harlan",69309,"HARLAN",41066.83,41066.83,41066.83,2011,2011,2949,"harlan",1,7.94771493002219
840,"69","334","KAMELA",0,65,10,1,1,4162,"kamela",69334,"KAMELA",47002.59,47002.59,47002.59,2011,2011,2950,"kamela",1,22.2317612792508
840,"69","336","FISHER",0,93,5,1,1,4163,"fisher",69336,"FISHER",38092.828,38092.83,38092.83,2001,2001,2951,"fisher",1,47.6958400403521
840,"69","339","Twickenham",1,89,10,1,1,4164,"twickenham",69339,"TWICKENHAM",48621.38,48621.38,48621.38,2011,2011,2952,"twickenham",1,9.25022971052409
840,"69","409","Harlan 2",1,93,5,1,1,4166,"harlan 2",69409,"HARLAN 2",40501.73,40501.73,40501.73,2011,2011,2953,"harlan 2",1,0.413391518670248
840,"69","436","Fisher 2",1,93,5,1,1,4167,"fisher 2",69436,"FISHER 2",48303.85,48303.85,48303.85,2011,2011,2954,"fisher 2",1,4.64309483023803
840,"69","900","SANDY RIVER",0,98,5,1,2,4168,"sandy river",69900,"SANDY RIVER",38304.4,38304.4,38304.4,1998,1998,2955,"sandy river",1,191.947898002941
840,"69","901","MOLALLA",1,93,5,1,2,4169,"molalla",69901,"MOLALLA",40003.1,40003.1,40003.1,1998,1998,2956,"molalla",1,41.9269102669391
840,"69","902","RILEY PEAK",0,93,5,1,2,4170,"riley peak",69902,"RILEY PEAK",39918.8,39918.8,39918.8,1998,1998,2957,"riley peak",1,20.4675884475857
840,"69","903","SANTIAM",1,93,5,1,2,4171,"santiam",69903,"SANTIAM",44319.4,44319.4,44319.4,1998,1998,2958,"santiam",1,1.10484990132818
840,"69","904","SCAPPOOSE",1,98,5,1,2,4172,"scappoose",69904,"SCAPPOOSE",39032.7,39032.7,39032.7,1998,1998,2959,"scappoose",1,335.3512475729
840,"69","905","ZUMWALT",0,65,9,1,2,4173,"zumwalt",69905,"ZUMWALT",41676.2,41676.2,41676.2,1998,1998,2960,"zumwalt",1,1.54037044036155
840,"69","906","Bull Run",1,93,5,1,2,4174,"bull run",69906,"BULL RUN",40538.564,40538.57,40538.57,2011,2011,2961,"bull run",1,12.5730052497596
840,"72","001","SLIPPERY RK",0,24,13,1,1,4175,"slippery rk",72001,"SLIPPERY RK",42953.336,42953.34,42953.34,2001,2001,2962,"slippery rk",1,1.009719503695
840,"72","002","ESPYVILLE",1,24,13,1,1,4176,"espyville",72002,"ESPYVILLE",36857.6,36857.6,36857.6,1998,1998,2963,"espyville",1,52.6355018214998
840,"72","003","CLOVER",1,24,13,1,1,4177,"clover",72003,"CLOVER",39124.3,39124.3,39124.3,1998,1998,2964,"clover",1,2.41077760432614
840,"72","004","HARMONSBURG",1,24,13,1,1,4178,"harmonsburg",72004,"HARMONSBURG",39134.1,39134.1,39134.1,1998,1998,2965,"harmonsburg",1,266.566236928311
840,"72","005","FERRIS CRNRS",1,24,13,1,1,4179,"ferris crnrs",72005,"FERRIS CRNRS",43189.2,43189.2,43189.2,1998,1998,2966,"ferris crnrs",1,1.00787861037729
840,"72","006","WHIG HILL",1,24,28,1,1,4180,"whig hill",72006,"WHIG HILL",39239.9,39239.9,39239.9,1998,1998,2967,"whig hill",1,0.918759961121651
840,"72","007","AKELEY",0,24,13,1,1,4181,"akeley",72007,"AKELEY",40967.676,40967.68,40967.68,2001,2001,2968,"akeley",1,1.1164075374339
840,"72","008","TEEPLEVILLE",1,24,13,1,1,4182,"teepleville",72008,"TEEPLEVILLE",38842.2,38842.2,38842.2,1998,1998,2969,"teepleville",1,11.3366523399528
840,"72","009","SIGEL",1,24,28,1,1,4183,"sigel",72009,"SIGEL",39702.6,39702.6,39702.6,1998,1998,2970,"sigel",1,0.0114408469572316
840,"72","010","LYNCH",1,24,28,1,1,4184,"lynch",72010,"LYNCH",39168.6,39168.6,39168.6,1998,1998,2971,"lynch",1,195.744626930559
840,"72","011","N WASHINGTON",1,24,28,1,1,4185,"n washington",72011,"N WASHINGTON",33554.6,33554.6,33554.6,1998,1998,2972,"n washington",1,1.30141933160571
840,"72","012","N PINE GROVE",1,24,28,1,1,4186,"n pine grove",72012,"N PINE GROVE",39375.5,39375.5,39375.5,1998,1998,2973,"n pine grove",1,0.752701983384054
840,"72","013","POTTERSDALE",1,24,28,1,1,4187,"pottersdale",72013,"POTTERSDALE",39771.1,39771.1,39771.1,1998,1998,2974,"pottersdale",1,114.547995933973
840,"72","014","ODIN",1,24,28,1,1,4188,"odin",72014,"ODIN",39864.3,39864.3,39864.3,1998,1998,2975,"odin",1,46.0011333304706
840,"72","015","BETULA",1,24,28,1,1,4189,"betula",72015,"BETULA",39172.9,39172.9,39172.9,1998,1998,2976,"betula",1,0.925699807394185
840,"72","016","RUSSELL CITY",1,24,28,1,1,4190,"russell city",72016,"RUSSELL CITY",40899.5,40899.5,40899.5,1998,1998,2977,"russell city",1,1.07861593821584
840,"72","017","RIDGWAY",0,24,28,1,1,4191,"ridgway",72017,"RIDGWAY",43003.2,43003.2,43003.2,1998,1998,2978,"ridgway",1,0.762452923025699
840,"72","018","ELDRED",1,24,28,1,1,4192,"eldred",72018,"ELDRED",39301.1,39301.1,39301.1,1998,1998,2979,"eldred",1,0.0462502990707556
840,"72","019","RASSELAS",1,24,28,1,1,4193,"rasselas",72019,"RASSELAS",37468.8,37468.8,37468.8,1998,1998,2980,"rasselas",1,4.81388149822923
840,"72","020","ROULETTE",0,24,28,1,1,4194,"roulette",72020,"ROULETTE",41153.7,41153.7,41153.7,1998,1998,2981,"roulette",1,36.2471639094077
840,"72","021","RAMSEY",1,24,28,1,1,4195,"ramsey",72021,"RAMSEY",40807.8,40807.8,40807.8,1998,1998,2982,"ramsey",1,0.341119505464175
840,"72","022","ARNOT",1,24,28,1,1,4196,"arnot",72022,"ARNOT",39273.5,39273.5,39273.5,1998,1998,2983,"arnot",1,73.3642486998007
840,"72","023","LOGUE",1,24,28,1,1,4197,"logue",72023,"LOGUE",38625.1,38625.1,38625.1,1998,1998,2984,"logue",1,18.8189922742041
840,"72","024","LITTLE MARSH",1,24,28,1,1,4198,"little marsh",72024,"LITTLE MARSH",38465.4,38465.4,38465.4,1998,1998,2985,"little marsh",1,25.7227354525041
840,"72","026","ENGLISH CTR",0,24,28,1,1,4200,"english ctr",72026,"ENGLISH CTR",32969.348,32969.35,32969.35,2001,2001,2987,"english ctr",1,0.264948482999624
840,"72","027","RAVENSBURG",0,13,28,1,1,4201,"ravensburg",72027,"RAVENSBURG",38411.32,38411.32,38411.32,2001,2001,2988,"ravensburg",1,82.8873636976383
840,"72","028","CHERRY SPRS",1,24,28,1,1,4202,"cherry sprs",72028,"CHERRY SPRS",38835.2,38835.2,38835.2,1998,1998,2989,"cherry sprs",1,3.69410029375971
840,"72","029","MAWR GLEN",1,24,28,1,1,4203,"mawr glen",72029,"MAWR GLEN",39804.8,39804.8,39804.8,1998,1998,2990,"mawr glen",1,0.837156559623151
840,"72","030","AUSTINVILLE",1,24,28,1,1,4204,"austinville",72030,"AUSTINVILLE",38501.1,38501.1,38501.1,1998,1998,2991,"austinville",1,46.8992633344345
840,"72","031","RUSH",1,24,28,1,1,4205,"rush",72031,"RUSH",37936.3,37936.3,37936.3,1998,1998,2992,"rush",1,99.2163674112151
840,"72","032","RALSTON",0,24,28,1,1,4206,"ralston",72032,"RALSTON",37806.43,37806.43,37806.43,2001,2001,2993,"ralston",1,1.13431186924515
840,"72","033","BOW BRIDGE",1,24,28,1,1,4207,"bow bridge",72033,"BOW BRIDGE",38826.7,38826.7,38826.7,1998,1998,2994,"bow bridge",1,3.43563801568742
840,"72","034","MARSH HILL",1,24,28,1,1,4208,"marsh hill",72034,"MARSH HILL",42050.3,42050.3,42050.3,1998,1998,2995,"marsh hill",1,0.983135617494543
840,"72","035","WALLER",1,13,28,1,1,4209,"waller",72035,"WALLER",38983.9,38983.9,38983.9,1998,1998,2996,"waller",1,16.3558690248375
840,"72","036","MILLVILLE",1,13,28,1,1,4210,"millville",72036,"MILLVILLE",39801,39801,39801,1998,1998,2997,"millville",1,0.0642573929826031
840,"72","037","POCONO SUMMIT",1,24,28,1,1,4211,"pocono summit",72037,"POCONO SUMIT",39479,39479,39479,1998,1998,2998,"pocono sumit",0.974358974358974,363.169850984554
840,"72","038","HOP BOTTOM",1,24,28,1,1,4212,"hop bottom",72038,"HOP BOTTOM",38679.3,38679.3,38679.3,1998,1998,2999,"hop bottom",1,0.696398909480402
840,"72","039","HONESDALE",1,24,28,1,1,4213,"honesdale",72039,"HONESDALE",50879.9,50879.9,50879.9,1998,1998,3000,"honesdale",1,14.7135241294348
840,"72","040","STARLIGHT",0,24,28,1,1,4214,"starlight",72040,"STARLIGHT",39933.4,39933.4,39933.4,1998,1998,3001,"starlight",1,0.0507440085918821
840,"72","041","GREENTOWN",1,24,28,1,1,4215,"greentown",72041,"GREENTOWN",41323.8,41323.8,41323.8,1998,1998,3002,"greentown",1,9.43436655252972
840,"72","042","CANADENSIS",1,24,28,1,1,4216,"canadensis",72042,"CANADENSIS",39771.8,39771.8,39771.8,1998,1998,3003,"canadensis",1,3.59864633646203
840,"72","043","SUSQUEHANNA",1,24,28,1,1,4217,"susquehanna",72043,"SUSQUEHANNA",38379.4,38379.4,38379.4,1998,1998,3004,"susquehanna",1,12.9370564806293
840,"72","044","POYNTELLE",1,24,28,1,1,4218,"poyntelle",72044,"POYNTELLE",38825.2,38825.2,38825.2,1998,1998,3005,"poyntelle",1,1.12002962988879
840,"72","045","PORTERSVILLE",0,22,28,1,1,4219,"portersville",72045,"PORTERSVILLE",42509.09,42509.09,42509.09,2001,2001,3006,"portersville",1,0.765008560866485
840,"72","046","BEAVER",1,22,28,1,1,4220,"beaver",72046,"BEAVER",39513.4,39513.4,39513.4,1998,1998,3007,"beaver",1,26.6055170066219
840,"72","047","DUVALL",1,22,28,1,1,4221,"duvall",72047,"DUVALL",37742,37742,37742,1998,1998,3008,"duvall",1,0.8323985532927
840,"72","048","PLESANT GROV",1,22,28,1,1,4222,"plesant grov",72048,"PLESANT GROV",40149.6,40149.6,40149.6,1998,1998,3009,"plesant grov",1,1.16284874740422
840,"72","049","PARKWOOD",1,22,28,1,1,4223,"parkwood",72049,"PARKWOOD",29043.3,29043.3,29043.3,1998,1998,3010,"parkwood",1,1.22874092464859
840,"72","050","KITTANNING",1,22,28,1,1,4224,"kittanning",72050,"KITTANNING",40204.2,40204.2,40204.2,1998,1998,3011,"kittanning",1,40.8825547306358
840,"72","051","SARDIS",0,22,28,1,1,4225,"sardis",72051,"SARDIS",39414.955,39414.96,39414.96,2001,2001,3012,"sardis",1,60.4923639306393
840,"72","052","WAKENA",1,22,28,1,1,4226,"wakena",72052,"WAKENA",39994.3,39994.3,39994.3,1998,1998,3013,"wakena",1,0.681130266134452
840,"72","053","KAYLOR",1,22,28,1,1,4227,"kaylor",72053,"KAYLOR",38963.8,38963.8,38963.8,1998,1998,3014,"kaylor",1,21.0272908421025
840,"72","054","SHELOCTA",1,22,28,1,1,4228,"shelocta",72054,"SHELOCTA",39609.3,39609.3,39609.3,1998,1998,3015,"shelocta",1,4.53907890180807
840,"72","055","RECTOR",0,24,28,1,1,4229,"rector",72055,"RECTOR",37880.754,37880.75,37880.75,2001,2001,3016,"rector",1,21.2867831491597
840,"72","056","MARGARET",1,22,28,1,1,4230,"margaret",72056,"MARGARET",42404.2,42404.2,42404.2,1998,1998,3017,"margaret",1,36.6982202295284
840,"72","057","VIRGINIA",1,24,28,1,1,4231,"virginia",72057,"VIRGINIA",35845.3,35845.3,35845.3,1998,1998,3018,"virginia",1,0.883606129140245
840,"72","058","PATTON",1,24,28,1,1,4232,"patton",72058,"PATTON",38957.9,38957.9,38957.9,1998,1998,3019,"patton",1,0.894116981787365
840,"72","059","MARTINSBURG",1,13,28,1,1,4233,"martinsburg",72059,"MARTINSBURG",39301.6,39301.6,39301.6,1998,1998,3020,"martinsburg",1,2.52962591694913
840,"72","060","MUNSON",1,24,28,1,1,4234,"munson",72060,"MUNSON",39837.2,39837.2,39837.2,1998,1998,3021,"munson",1,30.0480962490299
840,"72","061","WILLIAMSBURG",1,13,28,1,1,4235,"williamsburg",72061,"WILLIAMSBURG",39274,39274,39274,1998,1998,3022,"williamsburg",1,1.25525414617698
840,"72","062","GEESEYTOWN",1,13,28,1,1,4236,"geeseytown",72062,"GEESEYTOWN",41395.3,41395.3,41395.3,1998,1998,3023,"geeseytown",1,0.170254883770903
840,"72","063","BALD EAGLE",1,13,28,1,1,4237,"bald eagle",72063,"BALD EAGLE",37434.2,37434.2,37434.2,1998,1998,3024,"bald eagle",1,0.935874202947041
840,"72","064","WATERSTREET",1,13,28,1,1,4238,"waterstreet",72064,"WATERSTREET",38334.5,38334.5,38334.5,1998,1998,3025,"waterstreet",1,1.00613452929473
840,"72","065","DOUBLING GAP",0,13,28,1,1,4239,"doubling gap",72065,"DOUBLING GAP",39801.871,39801.87,39801.87,2001,2001,3026,"doubling gap",1,0.773912364380091
840,"72","066","RYDE",0,13,28,1,1,4240,"ryde",72066,"RYDE",40058.8,40058.8,40058.8,1998,1998,3027,"ryde",1,0.844640182869251
840,"72","067","ST COLLEGE",1,13,28,1,1,4241,"st college",72067,"ST COLLEGE",38992.9,38992.9,38992.9,1998,1998,3028,"st college",1,0.764111644734284
840,"72","068","PERU MILLS",1,13,28,1,1,4242,"peru mills",72068,"PERU MILLS",38179.8,38179.8,38179.8,1998,1998,3029,"peru mills",1,1.09797083609769
840,"72","069","NAGINEY",1,13,28,1,1,4243,"naginey",72069,"NAGINEY",38596,38596,38596,1998,1998,3030,"naginey",1,0.778448365453808
840,"72","070","CLEAR SPRING",1,10,28,1,1,4244,"clear spring",72070,"CLEAR SPRING",38570.4,38570.4,38570.4,1998,1998,3031,"clear spring",1,1.22742001757915
840,"72","071","PINE GR MILL",1,13,28,1,1,4245,"pine gr mill",72071,"PINE GR MILL",40363,40363,40363,1998,1998,3032,"pine gr mill",1,0.809021297659535
840,"72","072","MIFFLINTOWN",1,13,28,1,1,4246,"mifflintown",72072,"MIFFLINTOWN",39256.6,39256.6,39256.6,1998,1998,3033,"mifflintown",1,0.897057979199069
840,"72","073","PETERS MT",0,13,28,1,1,4247,"peters mt",72073,"PETERS MT",38081.109,38081.11,38081.11,2001,2001,3034,"peters mt",1,1.10857308017478
840,"72","074","SPORTING HIL",0,10,29,1,1,4248,"sporting hil",72074,"SPORTING HIL",39256.066,39256.07,39256.07,2001,2001,3035,"sporting hil",1,0.92618694087951
840,"72","075","EPHRATA",0,10,29,1,1,4249,"ephrata",72075,"EPHRATA",38051.438,38051.44,38051.44,2001,2001,3036,"ephrata",1,0.305093209498166
840,"72","076","MIDDLETOWN",1,13,28,1,1,4250,"middletown",72076,"MIDDLETOWN",42252.8,42252.8,42252.8,1998,1998,3037,"middletown",1,273.216943342243
840,"72","077","MT GRETNA",0,10,29,1,1,4251,"mt gretna",72077,"MT GRETNA",50590.1,50590.1,50590.1,1998,1998,3038,"mt gretna",1,0.515713941349833
840,"72","078","BRUNNERVILLE",0,10,28,1,1,4252,"brunnerville",72078,"BRUNNERVILLE",39627.6,39627.6,39627.6,1998,1998,3039,"brunnerville",1,1.01391893255496
840,"72","079","CARSONVILLE",1,13,28,1,1,4253,"carsonville",72079,"CARSONVILLE",40680.6,40680.6,40680.6,1998,1998,3040,"carsonville",1,0.591454268302131
840,"72","080","SCHEAFFERSTN",0,13,28,1,1,4254,"scheafferstn",72080,"SCHEAFFERSTN",39538.5,39538.5,39538.5,1998,1998,3041,"scheafferstn",1,1.14176930216918
840,"72","081","QUAKERTOWN",0,10,28,1,1,4255,"quakertown",72081,"QUAKERTOWN",42140.543,42140.54,42140.54,2001,2001,3042,"quakertown",1,1.06687161079473
840,"72","082","POTTSTOWN",0,10,29,1,1,4256,"pottstown",72082,"POTTSTOWN",39504.113,39504.11,39504.11,2001,2001,3043,"pottstown",1,1.11301774428382
840,"72","083","HOMETOWN",1,13,28,1,1,4257,"hometown",72083,"HOMETOWN",40419.9,40419.9,40419.9,1998,1998,3044,"hometown",1,0.94763470323632
840,"72","084","COLLEGEVILLE",1,10,29,1,1,4258,"collegeville",72084,"COLLEGEVILLE",37131,37131,37131,1998,1998,3045,"collegeville",1,52.707218043433
840,"72","085","NEW RINGGOLD",1,13,28,1,1,4259,"new ringgold",72085,"NEW RINGGOLD",41973.4,41973.4,41973.4,1998,1998,3046,"new ringgold",1,0.753471557878019
840,"72","086","CLEARFIELD",1,13,28,1,1,4260,"clearfield",72086,"CLEARFIELD",39395.8,39395.8,39395.8,1998,1998,3047,"clearfield",1,0.577096900639592
840,"72","087","DREHERSVILLE",0,13,28,1,1,4261,"drehersville",72087,"DREHERSVILLE",38991.8,38991.8,38991.8,1998,1998,3048,"drehersville",1,0.818905541760334
840,"72","088","JEFFERSON",1,22,28,1,1,4262,"jefferson",72088,"JEFFERSON",39181.4,39181.4,39181.4,1998,1998,3049,"jefferson",1,5.85148454381886
840,"72","089","NORMALVILLE",0,24,28,1,1,4263,"normalville",72089,"NORMALVILLE",36499.23,36499.23,36499.23,2001,2001,3050,"normalville",1,0.743537091179665
840,"72","090","GARRETT",1,24,28,1,1,4264,"garrett",72090,"GARRETT",38423.5,38423.5,38423.5,1998,1998,3051,"garrett",1,0.153334102867702
840,"72","091","WARRENS MILL",1,24,28,1,1,4265,"warrens mill",72091,"WARRENS MILL",38609.7,38609.7,38609.7,1998,1998,3052,"warrens mill",1,0.992869824931398
840,"72","092","NEEDMORE",0,13,28,1,1,4266,"needmore",72092,"NEEDMORE",41645.563,41645.56,41645.56,2001,2001,3053,"needmore",1,269.354338233607
840,"72","093","ASPERS",0,10,29,1,1,4267,"aspers",72093,"ASPERS",42834.992,42834.99,42834.99,2001,2001,3054,"aspers",1,79.2138526898195
840,"72","095","GATCHELVILLE",0,10,29,1,1,4269,"gatchelville",72095,"GATCHELVILLE",40406.832,40406.83,40406.83,2001,2001,3056,"gatchelville",1,7.52521663561474
840,"72","096","LABOTT",0,10,29,1,1,4270,"labott",72096,"LABOTT",41860.734,41860.73,41860.73,2001,2001,3057,"labott",1,0.649978558245293
840,"72","097","DOE RUN",1,10,29,1,1,4271,"doe run",72097,"DOE RUN",39992.8,39992.8,39992.8,1998,1998,3058,"doe run",1,0.546899561636832
840,"72","098","WEST GROVE",0,10,29,1,1,4272,"west grove",72098,"WEST GROVE",40351.086,40351.09,40351.09,2001,2001,3059,"west grove",1,0.958248214504401
840,"72","101","HARRISVILLE",1,24,13,1,1,4273,"harrisville",72101,"HARRISVILLE",50886.6,50886.6,50886.6,1998,1998,3060,"harrisville",1,14.2628934122449
840,"72","107","SUGAR GROVE",1,24,13,1,1,4274,"sugar grove",72107,"SUGAR GROVE",34937.8,34937.8,34937.8,1998,1998,3061,"sugar grove",1,44.9597462021383
840,"72","120","Roulette 2",1,24,28,1,1,4275,"roulette 2",72020,"ROULETTE",41153.7,41153.7,41153.7,1998,1998,2981,"roulette",0.933333333333333,36.9632920319723
840,"72","126","LTL PINE CR",1,24,28,1,1,4276,"ltl pine cr",72126,"LTL PINE CR",38524.3,38524.3,38524.3,1998,1998,3062,"ltl pine cr",1,64.9300999889176
840,"72","127","DUBOISTOWN",1,13,28,1,1,4277,"duboistown",72127,"DUBOISTOWN",40915.5,40915.4,40915.4,1998,1998,3063,"duboistown",1,0.459521829473875
840,"72","132","ELLENTON",1,24,28,1,1,4278,"ellenton",72132,"ELLENTON",39056.9,39056.9,39056.9,1998,1998,3064,"ellenton",1,230.695473461769
840,"72","137","POCONO SUMMIT 2",0,24,28,1,1,4279,"pocono summit 2",72137,"POCONO SUMMIT 2",39507.884,39507.88,39507.88,2011,2011,3065,"pocono summit 2",1,1.02428302923984
840,"72","140","STARLIGHT 2",1,24,28,1,1,4280,"starlight 2",72040,"STARLIGHT",39933.4,39933.4,39933.4,1998,1998,3001,"starlight",0.939393939393939,2.21615303128831
840,"72","145","MARS",1,22,28,1,1,4281,"mars",72145,"MARS",41387.5,41387.5,41387.5,1998,1998,3067,"mars",1,17.1173453448459
840,"72","151","JEANNETTE",1,22,28,1,1,4282,"jeannette",72151,"JEANNETTE",39407.9,39407.9,39407.9,1998,1998,3068,"jeannette",1,0.150392545953026
840,"72","155","LAUREL HILL",1,24,28,1,1,4283,"laurel hill",72155,"LAUREL HILL",37940.5,37940.4,37940.4,1998,1998,3069,"laurel hill",1,0.67104591040998
840,"72","165","LANDISBURG",1,13,28,1,1,4284,"landisburg",72165,"LANDISBURG",39033.4,39033.4,39033.4,1998,1998,3070,"landisburg",1,156.915820712875
840,"72","166","Doylesburg",1,13,28,1,1,4285,"doylesburg",72166,"DOYLESBURG",44641.23,44641.22,44641.22,2011,2011,3071,"doylesburg",1,1.87603367156139
840,"72","173","ELIZABETHVIL",1,13,28,1,1,4286,"elizabethvil",72173,"ELIZABETHVIL",40171,40171,40171,1998,1998,3072,"elizabethvil",1,1.03920640876137
840,"72","174","MOUNT JOY",1,10,29,1,1,4287,"mount joy",72174,"MOUNT JOY",44659.9,44659.9,44659.9,1998,1998,3073,"mount joy",1,19.3890894981724
840,"72","175","AKRON",0,10,29,1,1,4288,"akron",72175,"AKRON",41105.977,41105.98,41105.98,2001,2001,3074,"akron",1,14.7742319039072
840,"72","177","MT GRETNA 2",1,10,29,1,1,4289,"mt gretna 2",72177,"MT GRETNA 2",39005.902,39005.89,39005.89,2011,2011,3075,"mt gretna 2",1,3.01932148666822
840,"72","178","Brunnerville 2",1,10,28,1,1,4290,"brunnerville 2",72178,"BRUNNERVILLE 2",45005.289,45005.28,45005.28,2011,2011,3076,"brunnerville 2",1,0.0566663765395747
840,"72","180","SCHAEFFERSTOWN 2",1,13,28,1,1,4291,"schaefferstown 2",72180,"SCHAEFFERSTOWN 2",47518.961,47518.95,47518.95,2011,2011,3077,"schaefferstown 2",1,7.42546855200056
840,"72","181","BRICK TAVERN",1,10,29,1,1,4292,"brick tavern",72181,"BRICK TAVERN",39431.7,39431.7,39431.7,1998,1998,3078,"brick tavern",1,30.3354914935686
840,"72","182","SCHWENKSVILL",1,10,29,1,1,4293,"schwenksvill",72182,"SCHWENKSVILL",41129.7,41129.7,41129.7,1998,1998,3079,"schwenksvill",1,1.12765701785921
840,"72","187","DREHERSVILLE 2",1,13,28,1,1,4294,"drehersville 2",72187,"DREHERSVILLE 2",40406.57,40406.57,40406.57,2001,2001,3080,"drehersville 2",1,252.913547866899
840,"72","189","MILL RUN",1,24,28,1,1,4295,"mill run",72189,"MILL RUN",38783.1,38783.1,38783.1,1998,1998,3081,"mill run",1,0.787516312850111
840,"72","192","STONEYBREAK",1,13,28,1,1,4296,"stoneybreak",72192,"STONEYBREAK",42336.5,42336.5,42336.5,1998,1998,3082,"stoneybreak",1,0.0559472590754479
840,"72","193","BENDERSVILLE",1,10,29,1,1,4297,"bendersville",72193,"BENDERSVILLE",39389.8,39389.8,39389.8,1998,1998,3083,"bendersville",1,35.0955944781725
840,"72","194","SOUTH MTN",1,13,28,1,1,4298,"south mtn",72194,"SOUTH MTN",39254.5,39254.5,39254.5,1998,1998,3084,"south mtn",1,35.505802844861
840,"72","195","SHREWSBURY",1,10,29,1,1,4299,"shrewsbury",72195,"SHREWSBURY",40520.7,40520.7,40520.7,1998,1998,3085,"shrewsbury",1,1.07209841270552
840,"72","196","JACOBUS",1,10,29,1,1,4300,"jacobus",72196,"JACOBUS",40923.7,40923.7,40923.7,1998,1998,3086,"jacobus",1,4.91594017148372
840,"72","198","CHATHAM",1,10,29,1,1,4301,"chatham",72198,"CHATHAM",46496.8,46496.8,46496.8,1998,1998,3087,"chatham",1,171.852689174762
840,"72","275","LEOLA",1,10,29,1,1,4302,"leola",72275,"LEOLA",37528.4,37528.4,37528.4,1998,1998,3088,"leola",1,0.623637289384734
840,"72","901","WYALUSING",1,24,28,1,2,4303,"wyalusing",72901,"WYALUSING",39847.1,39847.1,39847.1,1998,1998,3089,"wyalusing",1,0.972142424730991
840,"72","902","BERWICK",1,13,28,1,2,4304,"berwick",72902,"BERWICK",39471.8,39471.8,39471.8,1998,1998,3090,"berwick",1,36.415826734414
840,"72","903","WILD CREEK",1,24,28,1,2,4305,"wild creek",72903,"WILD CREEK",38859.9,38859.9,38859.9,1998,1998,3091,"wild creek",1,82.0775869112239
840,"72","904","ROTHROCK SF",0,13,28,1,2,4306,"rothrock sf",72904,"ROTHROCK SF",37532.1,37532.1,37532.1,1998,1998,3092,"rothrock sf",1,412.280658858011
840,"72","905","TUSSEY MTN.",1,13,28,1,2,4307,"tussey mtn",72905,"TUSSEY MTN.",37726,37726,37726,1998,1998,3093,"tussey mtn",1,4.7758770465179
840,"72","906","BROAD MTN.",1,13,28,1,2,4308,"broad mtn",72906,"BROAD MTN.",38601.2,38601.2,38601.2,1998,1998,3094,"broad mtn",1,7.73306980089528
840,"72","907","LOVELTON",1,24,28,1,2,4309,"lovelton",72907,"LOVELTON",40809.916,40809.91,40809.91,2011,2011,3095,"lovelton",1,7.07152949825076
840,"72","909","ANSONIA",1,24,28,1,2,4311,"ansonia",72909,"ANSONIA",38832.597,38832.59,38832.59,2011,2011,3096,"ansonia",1,1.3345804713494
840,"72","910","SPROUL SF-A",1,24,28,1,2,4312,"sproul sf a",72910,"SPROUL SF-A",39329.941,39329.93,39329.93,2011,2011,3097,"sproul sf a",1,70.1920322103684
840,"72","911","SPROUL SF-B",1,24,28,1,2,4313,"sproul sf b",72911,"SPROUL SF-B",40584.112,40584.1,40584.1,2011,2011,3098,"sproul sf b",1,112.583089193355
840,"77","001","QUONSET PT",1,12,30,1,1,4557,"quonset pt",77001,"QUONSET PT",37909.2,37909.2,37909.2,1998,1998,3099,"quonset pt",1,243.882058150913
840,"77","002","SACHUEST PT",0,12,30,1,1,4558,"sachuest pt",77002,"SACHUEST PT",40448.219,40448.22,40448.22,2001,2001,3100,"sachuest pt",1,12.8062208507985
840,"77","003","SHANNOCK",1,12,30,1,1,4559,"shannock",77003,"SHANNOCK",37003.4,37003.4,37003.4,1998,1998,3101,"shannock",1,1.0557868541167
840,"77","004","WALLUM LAKE",1,12,30,1,1,4560,"wallum lake",77004,"WALLUM LAKE",38492.2,38492.2,38492.2,1998,1998,3102,"wallum lake",1,0.74452279677929
840,"77","102","PULASKI",0,12,30,1,1,4561,"pulaski",77102,"PULASKI",41443.6,41443.6,41443.6,1998,1998,3103,"pulaski",1,0.662736559133289
840,"77","202","CASIMIR PULASKI SF",1,12,30,1,1,4562,"casimir pulaski sf",77202,"CASIMIR PULASKI SF",38825.656,38825.66,38825.66,2001,2001,3104,"casimir pulaski sf",1,13.3989196398226
840,"77","800","BLOCK ISLAND",1,9,30,1,3,4563,"block island",77800,"BLOCK ISLAND",24673,24673.1,24673.1,1998,1998,3105,"block island",1,67.8758375503009
840,"80","001","JOHNS ISLE",0,3,27,1,1,4706,"johns isle",80001,"JOHNS ISLE",50879.418,50879.42,50879.42,2001,2001,3106,"johns isle",1,0.307222192274319
840,"80","002","JAMESTOWN",1,3,27,1,1,4707,"jamestown",80002,"JAMESTOWN",39440.6,39440.6,39440.6,1998,1998,3107,"jamestown",1,14.3924905185758
840,"80","003","HARDEEVILLE",1,3,27,1,1,4708,"hardeeville",80003,"HARDEEVILLE",41202.8,41202.8,41202.8,1998,1998,3108,"hardeeville",1,21.723104877513
840,"80","004","ROME",1,3,27,1,1,4709,"rome",80004,"ROME",42495.6,42495.6,42495.6,1998,1998,3109,"rome",1,19.5244679287578
840,"80","005","HOLLY HILL",1,4,27,1,1,4710,"holly hill",80005,"HOLLY HILL",41881,41881,41881,1998,1998,3110,"holly hill",1,1.02630288508809
840,"80","006","COWARD",1,4,27,1,1,4711,"coward",80006,"COWARD",44980.7,44980.7,44980.7,1998,1998,3111,"coward",1,27.5705951351317
840,"80","007","FORESTON",1,4,27,1,1,4712,"foreston",80007,"FORESTON",42130.5,42130.5,42130.5,1998,1998,3112,"foreston",1,0.0898913673150856
840,"80","008","NEW HOLLAND",1,4,27,1,1,4713,"new holland",80008,"NEW HOLLAND",41000.8,41000.8,41000.8,1998,1998,3113,"new holland",1,0.159582337640332
840,"80","009","WAGENER",1,4,27,1,1,4714,"wagener",80009,"WAGENER",42155.7,42155.7,42155.7,1998,1998,3114,"wagener",1,164.528527179034
840,"80","010","DILLON",1,4,27,1,1,4715,"dillon",80010,"DILLON",41791.1,41791.1,41791.1,1998,1998,3115,"dillon",1,0.220130120047331
840,"80","011","BISHOPVILLE",1,4,27,1,1,4716,"bishopville",80011,"BISHOPVILLE",39557.8,39557.8,39557.8,1998,1998,3116,"bishopville",1,24.4883523123092
840,"80","012","BOYKIN ML PD",0,4,27,1,1,4717,"boykin ml pd",80012,"BOYKIN ML PD",48452.871,48452.87,48452.87,2001,2001,3117,"boykin ml pd",1,26.1152682462868
840,"80","013","WALTERBORO",1,3,27,1,1,4718,"walterboro",80013,"WALTERBORO",40802.5,40802.5,40802.5,1998,1998,3118,"walterboro",1,67.4354636443093
840,"80","014","LITTLE MTN",0,11,29,1,1,4719,"little mtn",80014,"LITTLE MTN",41588.336,41588.34,41588.34,2001,2001,3119,"little mtn",1,6.95985485508238
840,"80","015","SALEM XRD",1,11,29,1,1,4720,"salem xrd",80015,"SALEM XRD",39343.6,39343.6,39343.6,1998,1998,3120,"salem xrd",1,0.700450255865172
840,"80","016","PENDLETON",0,11,29,1,1,4721,"pendleton",80016,"PENDLETON",41081.523,41081.52,41081.52,2001,2001,3121,"pendleton",1,31.9620342859876
840,"80","017","OWINGS",0,11,29,1,1,4722,"owings",80017,"OWINGS",39213.5,39213.5,39213.5,1998,1998,3122,"owings",1,30.9279838174867
840,"80","018","BARTON CREEK",1,11,29,1,1,4723,"barton creek",80018,"BARTON CREEK",40902.1,40902.1,40902.1,1998,1998,3123,"barton creek",1,1.78866886936969
840,"80","019","BOILING SPGS",0,11,29,1,1,4724,"boiling spgs",80019,"BOILING SPGS",39651.902,39651.9,39651.9,2001,2001,3124,"boiling spgs",1,248.981382105989
840,"80","020","LANDRUM",0,11,28,1,1,4725,"landrum",80020,"LANDRUM",38983.625,38983.63,38983.63,2001,2001,3125,"landrum",1,185.967573271727
840,"80","021","PLUM BRANCH",1,11,29,1,1,4726,"plum branch",80021,"PLUM BRANCH",41032.1,41032.1,41032.1,1998,1998,3126,"plum branch",1,1.25463030758053
840,"80","022","NIXONVILLE",0,3,27,1,1,4727,"nixonville",80022,"NIXONVILLE",39050.801,39050.8,39050.8,2001,2001,3127,"nixonville",1,0.769623243323982
840,"80","023","New Ellenton",1,4,27,1,1,4728,"new ellenton",80023,"NEW ELLENTON",46068.004,46067.99,46067.99,2011,2011,3128,"new ellenton",1,4.62913841016805
840,"80","024","Ward",1,4,27,1,1,4729,"ward",80024,"WARD",43275.611,43275.6,43275.6,2011,2011,3129,"ward",1,0.22346996447117
840,"80","025","Campobello",1,11,29,1,1,4730,"campobello",80025,"CAMPOBELLO",47063.607,47063.6,47063.6,2011,2011,3130,"campobello",1,9.09268168660949
840,"80","026","Whitmire",1,11,29,1,1,4731,"whitmire",80026,"WHITMIRE",45479.284,45479.27,45479.27,2011,2011,3131,"whitmire",1,0.692049541470175
840,"80","027","Green Sea",1,3,27,1,1,4732,"green sea",80027,"GREEN SEA",43593.012,43593,43593,2011,2011,3132,"green sea",1,1.77623883361734
840,"80","028","Kingstree",1,3,27,1,1,4733,"kingstree",80028,"KINGSTREE",43560.122,43560.11,43560.11,2011,2011,3133,"kingstree",1,0.149870848742891
840,"80","029","Lowrys",1,11,29,1,1,4734,"lowrys",80029,"LOWRYS",43256.793,43256.78,43256.78,2011,2011,3134,"lowrys",1,1.99472777583281
840,"80","030","Ridgeway",1,4,29,1,1,4735,"ridgeway",80030,"RIDGEWAY",43845.091,43845.08,43845.08,2011,2011,3135,"ridgeway",1,4.15101640279883
840,"80","031","Salem",1,11,29,1,1,4736,"salem",80031,"SALEM",49977.726,49977.72,49977.72,2011,2011,3136,"salem",1,6.30962964243471
840,"80","050","BLACKSBURG",1,11,29,1,1,4737,"blacksburg",80050,"BLACKSBURG",41166.473,41166.47,41166.47,2001,2001,3137,"blacksburg",1,0.762016580244361
840,"80","051","GREENWOOD",1,11,29,1,1,4738,"greenwood",80051,"GREENWOOD",40303.109,40303.11,40303.11,2001,2001,3138,"greenwood",1,27.1443736981446
840,"80","052","JOANNA",1,11,29,1,1,4739,"joanna",80052,"JOANNA",39498.117,39498.12,39498.12,2001,2001,3139,"joanna",1,74.062693496615
840,"80","053","MOUNT PISGAH",1,4,27,1,1,4740,"mount pisgah",80053,"MOUNT PISGAH",57653.156,57653.16,57653.16,2001,2001,3140,"mount pisgah",1,0.317210202786192
840,"80","054","BENNETTSVILLE",1,4,27,1,1,4741,"bennettsville",80054,"BENNETTSVILLE",43228.578,43228.58,43228.58,2001,2001,3141,"bennettsville",1,0.494063425656476
840,"80","055","OLAR",1,4,27,1,1,4742,"olar",80055,"OLAR",40140.129,40140.13,40140.13,2001,2001,3142,"olar",1,0.623433378431459
840,"80","056","PINEWOOD",1,4,27,1,1,4743,"pinewood",80056,"PINEWOOD",38826.316,38826.32,38826.32,2001,2001,3143,"pinewood",1,0.160600948914195
840,"80","057","CARVERS BAY",1,3,27,1,1,4744,"carvers bay",80057,"CARVERS BAY",52026.492,52026.49,52026.49,2001,2001,3144,"carvers bay",1,8.97083122761881
840,"80","058","NIXVILLE",1,4,27,1,1,4745,"nixville",80058,"NIXVILLE",41932.289,41932.29,41932.29,2001,2001,3145,"nixville",1,13.6875537933654
840,"80","059","DALE",1,3,27,1,1,4746,"dale",80059,"DALE",39811.02,39811.02,39811.02,2001,2001,3146,"dale",1,3.82130757682586
840,"80","101","ADAMS RUN",1,3,27,1,1,4747,"adams run",80101,"ADAMS RUN",42097.6,42097.6,42097.6,1998,1998,3147,"adams run",1,0.756983120735514
840,"80","112","CAUTHENS XRD",1,11,29,1,1,4748,"cauthens xrd",80112,"CAUTHENS XRD",39093.2,39093.2,39093.2,1998,1998,3148,"cauthens xrd",1,0.318255270529962
840,"80","114","PROSPERITY",1,11,29,1,1,4749,"prosperity",80114,"PROSPERITY",36127.8,36127.8,36127.8,1998,1998,3149,"prosperity",1,13.6554184189396
840,"80","117","OWINGS 2",1,11,29,1,1,4751,"owings 2",80117,"OWINGS 2",40796.937,40796.93,40796.93,2011,2011,3151,"owings 2",1,6.29555552786329
840,"80","119","CHESNEE",1,11,29,1,1,4752,"chesnee",80119,"CHESNEE",41849.1,41849.1,41849.1,1998,1998,3152,"chesnee",1,0.748924873096211
840,"80","120","OSBORN MTN.",0,23,28,1,1,4753,"osborn mtn",80120,"OSBORN MTN.",36971.25,36971.25,36971.25,2001,2001,3153,"osborn mtn",1,0.332634306772618
840,"80","122","RED BLUFF",1,3,27,1,1,4754,"red bluff",80122,"RED BLUFF",40531.9,40531.9,40531.9,1998,1998,3154,"red bluff",1,332.272803681728
840,"80","220","BATTLECREEK",1,23,28,1,1,4755,"battlecreek",80220,"BATTLECREEK",38249.176,38249.18,38249.18,2001,2001,3155,"battlecreek",1,0.984422876551422
840,"80","900","SANDHILLS",1,4,27,1,2,4756,"sandhills",80900,"SANDHILLS",37711.1,37711.1,37711.1,1998,1998,3156,"sandhills",1,0.866850112816953
840,"80","901","KIAWAH ISLAND",1,3,27,1,2,4757,"kiawah island",80901,"KIAWAH ISLAND",39846.488,39846.46,39846.46,2011,2011,3157,"kiawah island",1,7.29114601789095
840,"81","001","LENNOX",1,37,11,1,1,4758,"lennox",81001,"LENNOX",40608.7,40608.7,40608.7,1998,1998,3158,"lennox",1,28.7208353174826
840,"81","002","TRIPP",1,37,11,1,1,4759,"tripp",81002,"TRIPP",40167.9,40167.9,40167.9,1998,1998,3159,"tripp",1,16.2746866806567
840,"81","003","HOWARD",1,37,11,1,1,4760,"howard",81003,"HOWARD",40230.2,40230.2,40230.2,1998,1998,3160,"howard",1,1.11703760366489
840,"81","004","WHITE LAKE",1,37,11,1,1,4761,"white lake",81004,"WHITE LAKE",39966.6,39966.6,39966.6,1998,1998,3161,"white lake",1,1.10398883459925
840,"81","006","CHAMBERLAIN",1,38,17,1,1,4763,"chamberlain",81006,"CHAMBERLAIN",39815.7,39815.7,39815.7,1998,1998,3163,"chamberlain",1,0.801303498842193
840,"81","007","WINNER",1,39,17,1,1,4764,"winner",81007,"WINNER",38740.4,38740.4,38740.4,1998,1998,3164,"winner",1,0.646594281258765
840,"81","008","ROSEBUD",1,36,17,1,1,4765,"rosebud",81008,"ROSEBUD",40876.9,40876.9,40876.9,1998,1998,3165,"rosebud",1,17.9050483983212
840,"81","009","ROCKYFORD",1,39,17,1,1,4766,"rockyford",81009,"ROCKYFORD",41266.3,41266.3,41266.3,1998,1998,3166,"rockyford",1,7.9010497036671
840,"81","010","VOLGA",1,37,11,1,1,4767,"volga",81010,"VOLGA",41377.5,41377.5,41377.5,1998,1998,3167,"volga",1,25.3468985296057
840,"81","011","RAYMOND",1,37,11,1,1,4768,"raymond",81011,"RAYMOND",40316.4,40316.4,40316.4,1998,1998,3168,"raymond",1,1.32575224329032
840,"81","012","ROSWELL",1,37,11,1,1,4769,"roswell",81012,"ROSWELL",39610.9,39610.9,39610.9,1998,1998,3169,"roswell",1,2.04538750569256
840,"81","013","BROADLAND",1,37,11,1,1,4770,"broadland",81013,"BROADLAND",39318.6,39318.6,39318.6,1998,1998,3170,"broadland",1,0.300568014397031
840,"81","014","LANE",0,37,11,1,1,4771,"lane",81014,"LANE",39035.4,39035.4,39035.4,1998,1998,3171,"lane",1,1.36880461811935
840,"81","015","CROW CREEK",1,38,11,1,1,4772,"crow creek",81015,"CROW CREEK",40424,40424,40424,1998,1998,3172,"crow creek",1,64.0344472914337
840,"81","016","FT THOMPSON",1,39,17,1,1,4773,"ft thompson",81016,"FT THOMPSON",41180.9,41180.9,41180.9,1998,1998,3173,"ft thompson",1,21.7069002866574
840,"81","017","WILMOT",1,37,11,1,1,4774,"wilmot",81017,"WILMOT",41367.6,41367.6,41367.6,1998,1998,3174,"wilmot",1,1.15458157007403
840,"81","018","VEBLEN",1,37,11,1,1,4775,"veblen",81018,"VEBLEN",40372.2,40372.2,40372.2,1998,1998,3175,"veblen",1,1.06729956029137
840,"81","019","BRITTON",1,37,11,1,1,4776,"britton",81019,"BRITTON",42166.9,42166.9,42166.9,1998,1998,3176,"britton",1,8.46808652729374
840,"81","020","FORBES",1,37,11,1,1,4777,"forbes",81020,"FORBES",39312.6,39312.6,39312.6,1998,1998,3177,"forbes",1,67.3134657795751
840,"81","021","CONDE",0,37,11,1,1,4778,"conde",81021,"CONDE",40394.094,40394.09,40394.09,2001,2001,3178,"conde",1,0.75712329127971
840,"81","022","GETTYSBURG",1,38,11,1,1,4779,"gettysburg",81022,"GETTYSBURG",43424.9,43424.9,43424.9,1998,1998,3179,"gettysburg",1,18.0382961388497
840,"81","023","LONG LAKE",1,38,11,1,1,4780,"long lake",81023,"LONG LAKE",40410.5,40410.5,40410.5,1998,1998,3180,"long lake",1,55.6268565316248
840,"81","024","LAPLANT",1,39,17,1,1,4781,"laplant",81024,"LAPLANT",41137.8,41137.8,41137.8,1998,1998,3181,"laplant",1,24.0250630496457
840,"81","025","PROMISE",1,39,17,1,1,4782,"promise",81025,"PROMISE",44703.5,44703.5,44703.5,1998,1998,3182,"promise",1,9.7637896598039
840,"81","026","OWANKA",1,39,17,1,1,4783,"owanka",81026,"OWANKA",39939.5,39939.5,39939.5,1998,1998,3183,"owanka",1,1.26286516396214
840,"81","027","ROUBAIX LK",0,61,17,1,1,4784,"roubaix lk",81027,"ROUBAIX LK",37971.695,37971.7,37971.7,2001,2001,3184,"roubaix lk",1,0.482353514056347
840,"81","028","VOLUNTEER",1,39,17,1,1,4785,"volunteer",81028,"VOLUNTEER",41255.1,41255.1,41255.1,1998,1998,3185,"volunteer",1,1.25925492918425
840,"81","029","CUSTER",1,61,17,1,1,4786,"custer",81029,"CUSTER",37998,37998,37998,1998,1998,3186,"custer",1,187.018367324109
840,"81","030","OTTUMWA",1,39,17,1,1,4787,"ottumwa",81030,"OTTUMWA",41888,41888,41888,1998,1998,3187,"ottumwa",1,1.10214656458166
840,"81","031","HARDING",1,39,17,1,1,4788,"harding",81031,"HARDING",41553.6,41553.6,41553.6,1998,1998,3188,"harding",1,1.23353910106484
840,"81","033","FORT PIERRE",1,39,17,1,1,4790,"fort pierre",81033,"FORT PIERRE",40850.9,40850.9,40850.9,1998,1998,3190,"fort pierre",1,1.26748627986548
840,"81","034","GORMAN",1,38,11,1,1,4791,"gorman",81034,"GORMAN",40585.3,40585.3,40585.3,1998,1998,3191,"gorman",1,25.6038175527639
840,"81","035","MAURINE",1,39,17,1,1,4792,"maurine",81035,"MAURINE",38015.9,38015.9,38015.9,1998,1998,3192,"maurine",1,16.0691133734408
840,"81","036","REVA",1,39,17,1,1,4793,"reva",81036,"REVA",41234.9,41234.9,41234.9,1998,1998,3193,"reva",1,5.98584363082552
840,"81","037","LODGEPOLE",1,39,17,1,1,4794,"lodgepole",81037,"LODGEPOLE",39112,39112,39112,1998,1998,3194,"lodgepole",1,1.09701374607355
840,"81","038","EAGLE BUTTE",1,39,17,1,1,4795,"eagle butte",81038,"EAGLE BUTTE",40916,40916,40916,1998,1998,3195,"eagle butte",1,1.29248809191179
840,"81","039","ISABEL",1,39,17,1,1,4796,"isabel",81039,"ISABEL",43185.1,43185.1,43185.1,1998,1998,3196,"isabel",1,1.1339840731011
840,"81","040","MARCUS",1,39,17,1,1,4797,"marcus",81040,"MARCUS",39850.1,39850.1,39850.1,1998,1998,3197,"marcus",1,2.58564341835385
840,"81","041","HAYES",1,39,17,1,1,4798,"hayes",81041,"HAYES",41244.1,41244.1,41244.1,1998,1998,3198,"hayes",1,1.09685658144044
840,"81","042","ARDMORE",1,39,17,1,1,4799,"ardmore",81042,"ARDMORE",40122.4,40122.4,40122.4,1998,1998,3199,"ardmore",1,0.628013260225401
840,"81","043","BADLANDS",1,39,17,1,1,4800,"badlands",81043,"BADLANDS",40084.1,40084.1,40084.1,1998,1998,3200,"badlands",1,39.9114068594139
840,"81","044","LACREEK",1,36,17,1,1,4801,"lacreek",81044,"LACREEK",42656.6,42656.6,42656.6,1998,1998,3201,"lacreek",1,5.42771215246205
840,"81","046","PLEASANT VAL",1,61,17,1,1,4803,"pleasant val",81046,"PLEASANT VAL",39249.6,39249.6,39249.6,1998,1998,3203,"pleasant val",1,0.817200245436819
840,"81","049","ENGLEWOOD",1,61,17,1,1,4806,"englewood",81049,"ENGLEWOOD",39215.2,39215.2,39215.2,1998,1998,3206,"englewood",1,0.604791878798107
840,"81","050","LONG DRAW",1,61,17,1,1,4807,"long draw",81050,"LONG DRAW",50869.7,50869.7,50869.7,1998,1998,3207,"long draw",1,33.5864602972915
840,"81","114","LANE 2",1,37,11,1,1,4808,"lane 2",81014,"LANE",39035.4,39035.4,39035.4,1998,1998,3171,"lane",0.888888888888889,13.0901833923294
840,"81","121","TURTON",1,37,11,1,1,4809,"turton",81121,"TURTON",40397.2,40397.2,40397.2,1998,1998,3209,"turton",1,0.872891698371644
840,"81","127","SILVER CITY",0,61,17,1,1,4810,"silver city",81127,"SILVER CITY",46039.5,46039.5,46039.5,1998,1998,3210,"silver city",1,0.00668489253878862
840,"81","702","NORBECK",1,61,17,1,1,4811,"norbeck",81702,"NORBECK",44865.989,44865.98,44865.98,2011,2011,3211,"norbeck",1,5.49146405149875
840,"81","703","ELK MOUNTAIN",1,61,17,1,1,4812,"elk mountain",81703,"ELK MOUNTAIN",30007.035,30007.03,30007.03,2011,2011,3212,"elk mountain",1,5.2508801173272
840,"81","704","ROCHFORD",1,61,17,1,1,4813,"rochford",81704,"ROCHFORD",38907.32,38907.31,38907.31,2011,2011,3213,"rochford",1,2.88353851795515
840,"81","705","HAZELRODT",1,61,17,1,1,4814,"hazelrodt",81705,"HAZELRODT",40587.053,40587.04,40587.04,2011,2011,3214,"hazelrodt",1,0.458276904645702
840,"81","706","LIGHTNING CR",1,61,17,1,1,4815,"lightning cr",81706,"LIGHTNING CR",41183.227,41183.22,41183.22,2011,2011,3215,"lightning cr",1,29.8716223374881
840,"81","901","COTTONWOOD",1,39,17,1,2,4817,"cottonwood",81901,"COTTONWOOD",40880.2,40880.2,40880.2,1998,1998,3217,"cottonwood",1,1.08688929917504
840,"81","907","S. PIONEER",1,39,17,1,2,4818,"s pioneer",81907,"S. PIONEER",51027.5,51027.6,51027.6,1998,1998,3218,"s pioneer",1,0.981650033674335
840,"81","908","INDIAN",1,39,17,1,2,4819,"indian",81908,"INDIAN",39321.9,39321.9,39321.9,1998,1998,3219,"indian",1,9.02077437154993
840,"81","909","RAILROAD BUTTE",1,39,17,1,2,4820,"railroad butte",81909,"RAILROAD BUT",56431.1,56431.1,56431.1,1998,1998,3220,"railroad but",0.952380952380952,680.169346278714
840,"81","911","WIND CAVE NP",1,61,17,1,2,4822,"wind cave np",81911,"WIND CAVE NP",43192.652,43192.65,43192.65,2001,2001,3222,"wind cave np",1,37.9373907053362
840,"82","001","TIPTONVILLE",1,5,26,1,1,4823,"tiptonville",82001,"TIPTONVILLE",39579.2,39579.2,39579.2,1998,1998,3223,"tiptonville",1,32.4495279608683
840,"82","002","PAWPAW",0,5,26,1,1,4824,"pawpaw",82002,"PAWPAW",36952.4,36952.4,36952.4,1998,1998,3224,"pawpaw",1,310.36262149983
840,"82","003","MOSCOW",1,4,27,1,1,4825,"moscow",82003,"MOSCOW",36008.7,36008.7,36008.7,1998,1998,3225,"moscow",1,242.606313106857
840,"82","004","BROWNSVILLE",1,4,27,1,1,4826,"brownsville",82004,"BROWNSVILLE",39352.5,39352.5,39352.5,1998,1998,3226,"brownsville",1,1.11543121094858
840,"82","005","TIBBS",1,4,27,1,1,4827,"tibbs",82005,"TIBBS",40431.8,40431.8,40431.8,1998,1998,3227,"tibbs",1,2.76844194513152
840,"82","006","WHITEVILLE",1,4,27,1,1,4828,"whiteville",82006,"WHITEVILLE",36623,36623,36623,1998,1998,3228,"whiteville",1,0.164598391489478
840,"82","007","BIG SANDY",1,4,27,1,1,4829,"big sandy",82007,"BIG SANDY",39435.3,39435.3,39435.3,1998,1998,3229,"big sandy",1,276.877028375852
840,"82","008","MANSFIELD",1,4,27,1,1,4830,"mansfield",82008,"MANSFIELD",39519.5,39519.5,39519.5,1998,1998,3230,"mansfield",1,18.687415782415
840,"82","009","SWEETLIPS",1,4,27,1,1,4831,"sweetlips",82009,"SWEETLIPS",39788.9,39788.9,39788.9,1998,1998,3231,"sweetlips",1,5.80222066830485
840,"82","010","SILERTON",1,4,27,1,1,4832,"silerton",82010,"SILERTON",39780.1,39780.1,39780.1,1998,1998,3232,"silerton",1,780.81545773893
840,"82","011","TRENTON",1,4,27,1,1,4833,"trenton",82011,"TRENTON",38674,38674,38674,1998,1998,3233,"trenton",1,17.9085558379667
840,"82","012","HUMBOLDT",1,4,27,1,1,4834,"humboldt",82012,"HUMBOLDT",45692.1,45692.1,45692.1,1998,1998,3234,"humboldt",1,77.3984024304735
840,"82","013","POND CREEK",1,14,24,1,1,4835,"pond creek",82013,"POND CREEK",37711.4,37711.4,37711.4,1998,1998,3235,"pond creek",1,0.647694041101521
840,"82","014","INDIAN MOUND",0,14,24,1,1,4836,"indian mound",82014,"INDIAN MOUND",39515.6,39515.6,39515.6,1998,1998,3236,"indian mound",1,0.878179642686056
840,"82","015","COLLINWOOD",1,14,24,1,1,4837,"collinwood",82015,"COLLINWOOD",39153.4,39153.4,39153.4,1998,1998,3237,"collinwood",1,74.7807978341465
840,"82","016","WRIGLEY",0,14,24,1,1,4838,"wrigley",82016,"WRIGLEY",39452.4,39452.4,39452.4,1998,1998,3238,"wrigley",1,0.962441031910784
840,"82","017","CAMPBELLSVILLE",1,14,24,1,1,4839,"campbellsville",82017,"CMPBELSVILE",38322,38322,38322,1998,1998,3239,"cmpbelsvile",0.867965367965368,9.9729361825913
840,"82","018","LEWIS FOREST",1,14,24,1,1,4840,"lewis forest",82018,"LEWIS FOREST",39218.8,39218.8,39218.8,1998,1998,3240,"lewis forest",1,0.892119261856631
840,"82","019","BELOTES BEND",1,14,24,1,1,4841,"belotes bend",82019,"BELOTES BEND",37888.8,37888.8,37888.8,1998,1998,3241,"belotes bend",1,0.64899047908403
840,"82","020","WHITE HOUSE",1,14,24,1,1,4842,"white house",82020,"WHITE HOUSE",41817.9,41817.9,41817.9,1998,1998,3242,"white house",1,0.466250254715845
840,"82","021","PETERSBURG",1,14,24,1,1,4843,"petersburg",82021,"PETERSBURG",38836.3,38836.3,38836.3,1998,1998,3243,"petersburg",1,0.7440213518337
840,"82","022","PEYTONSVILLE",1,14,24,1,1,4844,"peytonsville",82022,"PEYTONSVILLE",40900.9,40900.9,40900.9,1998,1998,3244,"peytonsville",1,168.925114099638
840,"82","023","BRADYVILLE",1,14,24,1,1,4845,"bradyville",82023,"BRADYVILLE",38685.3,38685.3,38685.3,1998,1998,3245,"bradyville",1,327.944318283127
840,"82","024","TULLAHOMA",1,14,24,1,1,4846,"tullahoma",82024,"TULLAHOMA",40421.2,40421.2,40421.2,1998,1998,3246,"tullahoma",1,259.806036314807
840,"82","025","SILVER PT",1,14,24,1,1,4847,"silver pt",82025,"SILVER PT",38856.6,38856.6,38856.6,1998,1998,3247,"silver pt",1,0.875914349205908
840,"82","026","UNION HILL",1,14,24,1,1,4848,"union hill",82026,"UNION HILL",35666.7,35666.7,35666.7,1998,1998,3248,"union hill",1,1.08095456701397
840,"82","027","GLEN",1,14,24,1,1,4849,"glen",82027,"GLEN",37030.9,37030.9,37030.9,1998,1998,3249,"glen",1,6.23904883218538
840,"82","028","RED BANK",0,13,28,1,1,4850,"red bank",82028,"RED BANK",41831.3,41831.3,41831.3,1998,1998,3250,"red bank",1,3.91945264074683
840,"82","029","JASPER",1,21,28,1,1,4851,"jasper",82029,"JASPER",36357.1,36357.1,36357.1,1998,1998,3251,"jasper",1,23.5188321460455
840,"82","030","SODDY",0,13,28,1,1,4852,"soddy",82030,"SODDY",36789.2,36789.2,36789.2,1998,1998,3252,"soddy",1,0.898499525403089
840,"82","031","ELK VALLEY",1,21,28,1,1,4853,"elk valley",82031,"ELK VALLEY",39394.6,39394.6,39394.6,1998,1998,3253,"elk valley",1,14.3483433218308
840,"82","032","SMOKEY JCT",1,21,28,1,1,4854,"smokey jct",82032,"SMOKEY JCT",39244.1,39244.1,39244.1,1998,1998,3254,"smokey jct",1,0.785244365443006
840,"82","033","LOVELL",1,13,28,1,1,4855,"lovell",82033,"LOVELL",38385.8,38385.8,38385.8,1998,1998,3255,"lovell",1,28.25826912744
840,"82","034","OLIVER SPGS",1,21,28,1,1,4856,"oliver spgs",82034,"OLIVER SPGS",37127.7,37127.7,37127.7,1998,1998,3256,"oliver spgs",1,1.08668998381586
840,"82","035","MCFARLAND",0,23,28,1,1,4857,"mcfarland",82035,"MCFARLAND",38544.8,38544.8,38544.8,1998,1998,3257,"mcfarland",1,1.25876568680261
840,"82","036","CLIMER",1,13,28,1,1,4858,"climer",82036,"CLIMER",40387.3,40387.3,40387.3,1998,1998,3258,"climer",1,1.72054285104758
840,"82","037","CORRYTON RD",1,13,28,1,1,4859,"corryton rd",82037,"CORRYTON RD",42254.1,42254.1,42254.1,1998,1998,3259,"corryton rd",1,48.5972878876852
840,"82","038","JEFFERSON CTY",0,13,28,1,1,4860,"jefferson cty",82038,"JEFFERSN CTY",38635.1,38635.1,38635.1,1998,1998,3260,"jeffersn cty",0.974358974358974,0.655951075426492
840,"82","039","WALLAND",0,23,28,1,1,4861,"walland",82039,"WALLAND",38982.6,38982.6,38982.6,1998,1998,3261,"walland",1,0.539980771828236
840,"82","040","MT OLIVE",1,13,28,1,1,4862,"mt olive",82040,"MT OLIVE",38979.4,38979.4,38979.4,1998,1998,3262,"mt olive",1,0.505269679394804
840,"82","041","ALLENS BRDGE",1,13,28,1,1,4863,"allens brdge",82041,"ALLENS BRDGE",40311.6,40311.6,40311.6,1998,1998,3263,"allens brdge",1,162.832116193663
840,"82","042","FISH SPRINGS",1,23,28,1,1,4864,"fish springs",82042,"FISH SPRINGS",38397.7,38397.7,38397.7,1998,1998,3264,"fish springs",1,1.4573810115857
840,"82","114","INDIAN MOUND 2",1,14,24,1,1,4865,"indian mound 2",82114,"INDIAN MOUND 2",39779.93,39779.92,39779.92,2011,2011,3265,"indian mound 2",1,41.3301506813515
840,"82","128","SIGNAL MTN",1,21,28,1,1,4866,"signal mtn",82128,"SIGNAL MTN",39783.3,39783.3,39783.3,1998,1998,3266,"signal mtn",1,1.14863876607845
840,"82","130","JONES GAP",1,21,28,1,1,4867,"jones gap",82130,"JONES GAP",39187,39187,39187,1998,1998,3267,"jones gap",1,77.835208737183
840,"82","135","HARBUCK",1,23,28,1,1,4868,"harbuck",82135,"HARBUCK",46769.3,46769.3,46769.3,1998,1998,3268,"harbuck",1,1.09192665924645
840,"82","138","Jefferson City 2",1,13,28,1,1,4869,"jefferson city 2",82038,"JEFFERSN CTY",38635.1,38635.1,38635.1,1998,1998,3260,"jeffersn cty",0.916666666666667,0.637586845828242
840,"82","139","CORNPONE",1,23,28,1,1,4870,"cornpone",82139,"CORNPONE",39627.8,39627.8,39627.8,1998,1998,3269,"cornpone",1,0.539980771828236
840,"82","202","PAWPAW 2",1,5,26,1,1,4871,"pawpaw 2",82002,"PAWPAW",36952.4,36952.4,36952.4,1998,1998,3224,"pawpaw",0.916666666666667,298.501032442275
840,"82","900","WILLIS SPRNG",1,23,28,1,2,4872,"willis sprng",82900,"WILLIS SPRNG",48049.2,48049.3,48049.3,1998,1998,3270,"willis sprng",1,32.1856520003726
840,"82","901","MECCA",1,23,28,1,2,4873,"mecca",82901,"MECCA",63953.4,63953.4,63953.4,1998,1998,3271,"mecca",1,0.860108357252031
840,"82","902","TELLICO",1,23,28,1,2,4874,"tellico",82902,"TELLICO",46390.5,46390.5,46390.5,1998,1998,3272,"tellico",1,0.768112277171704
840,"82","903","NEWFOUND GAP",1,23,28,1,2,4875,"newfound gap",82903,"NEWFOUND GAP",69080.1,69080.1,69080.1,1998,1998,3273,"newfound gap",1,34.8110137547684
840,"82","904","CADES COVE",1,23,28,1,2,4876,"cades cove",82904,"CADES COVE",80292.3,80292.3,80292.3,1998,1998,3274,"cades cove",1,1.88832698323896
840,"83","001","LAG ATASCOSA",1,7,37,1,1,4879,"lag atascosa",83001,"LAG ATASCOSA",41504.6,41504.6,41504.6,1998,1998,3275,"lag atascosa",1,0.729438516566012
840,"83","002","RACHAL",1,7,36,1,1,4880,"rachal",83002,"RACHAL",43221.5,43221.5,43221.5,1998,1998,3276,"rachal",1,19.8258352697437
840,"83","003","AGUA NUEVA",1,7,36,1,1,4881,"agua nueva",83003,"AGUA NUEVA",42003.2,42003.2,42003.2,1998,1998,3277,"agua nueva",1,1.0166419558794
840,"83","004","ZAPATA",0,7,36,1,1,4882,"zapata",83004,"ZAPATA",42061.563,42061.56,42061.56,2001,2001,3278,"zapata",1,0.329068825297395
840,"83","006","PETRONILA",1,6,37,1,1,4884,"petronila",83006,"PETRONILA",40204.6,40204.6,40204.6,1998,1998,3280,"petronila",1,0.511887881745968
840,"83","008","MIRANDO CITY",1,7,36,1,1,4886,"mirando city",83008,"MIRANDO CITY",39367.4,39367.4,39367.4,1998,1998,3282,"mirando city",1,0.402555375073325
840,"83","009","ENCINAL",0,7,36,1,1,4887,"encinal",83009,"ENCINAL",39138.5,39138.5,39138.5,1998,1998,3283,"encinal",1,1.02606256190257
840,"83","010","SAN YGNACIO",0,7,36,1,1,4888,"san ygnacio",83010,"SAN YGNACIO",39568.75,39568.75,39568.75,2001,2001,3284,"san ygnacio",1,0.857940207242811
840,"83","011","HINKLES FER",1,6,37,1,1,4889,"hinkles fer",83011,"HINKLES FER",40302.3,40302.3,40302.3,1998,1998,3285,"hinkles fer",1,263.739301267885
840,"83","012","VANDERBILT",0,6,37,1,1,4890,"vanderbilt",83012,"VANDERBILT",36460.066,36460.06,36460.06,2001,2001,3286,"vanderbilt",1,0.867256949569435
840,"83","013","INDIANOLA",1,6,37,1,1,4891,"indianola",83013,"INDIANOLA",40239,40239,40239,1998,1998,3287,"indianola",1,103.913704734468
840,"83","014","SCHROEDER",0,8,21,1,1,4892,"schroeder",83014,"SCHROEDER",40493.48,40493.48,40493.48,2001,2001,3288,"schroeder",1,1.02415391197949
840,"83","015","HOBSON",1,7,21,1,1,4893,"hobson",83015,"HOBSON",38555.6,38555.6,38555.6,1998,1998,3289,"hobson",1,12.9672297512428
840,"83","016","GEORGE WEST",1,7,36,1,1,4894,"george west",83016,"GEORGE WEST",40996.5,40996.5,40996.5,1998,1998,3290,"george west",1,0.719226687766688
840,"83","017","CAMPBELLTON",1,7,21,1,1,4895,"campbellton",83017,"CAMPBELLTON",46329.6,46329.6,46329.6,1998,1998,3291,"campbellton",1,5.98740437877648
840,"83","018","CATARINA",0,7,36,1,1,4896,"catarina",83018,"CATARINA",42199.5,42199.5,42199.5,1998,1998,3292,"catarina",1,0.948742264048366
840,"83","019","LA PRYOR",0,7,36,1,1,4897,"la pryor",83019,"LA PRYOR",42246.9,42246.9,42246.9,1998,1998,3293,"la pryor",1,798.677496695721
840,"83","020","WINNIE",1,6,37,1,1,4898,"winnie",83020,"WINNIE",38412.6,38412.6,38412.6,1998,1998,3294,"winnie",1,33.9094936194612
840,"83","022","DANBURY",1,6,37,1,1,4900,"danbury",83022,"DANBURY",40799.8,40799.8,40799.8,1998,1998,3296,"danbury",1,234.572409691642
840,"83","023","KATY",1,6,37,1,1,4901,"katy",83023,"KATY",39417.3,39417.3,39417.3,1998,1998,3297,"katy",1,34.7591622648458
840,"83","024","ARENOSA CRK",1,6,21,1,1,4902,"arenosa crk",83024,"ARENOSA CRK",39438.5,39438.5,39438.5,1998,1998,3298,"arenosa crk",1,82.8478863034915
840,"83","025","ROCK ISLAND",1,6,37,1,1,4903,"rock island",83025,"ROCK ISLAND",39128.8,39128.8,39128.8,1998,1998,3299,"rock island",1,10.9212351732489
840,"83","026","MULDOON",1,8,21,1,1,4904,"muldoon",83026,"MULDOON",39337.5,39337.5,39337.5,1998,1998,3300,"muldoon",1,13.1025107049664
840,"83","027","LOCKHART",1,8,21,1,1,4905,"lockhart",83027,"LOCKHART",37182.7,37182.7,37182.7,1998,1998,3301,"lockhart",1,0.590609127424953
840,"83","028","BOERNE",1,53,20,1,1,4906,"boerne",83028,"BOERNE",40965.6,40965.6,40965.6,1998,1998,3302,"boerne",1,0.800157227137821
840,"83","030","HONDO",1,7,36,1,1,4908,"hondo",83030,"HONDO",40961.1,40961.1,40961.1,1998,1998,3304,"hondo",1,3.87447763495089
840,"83","032","TOWN BLUFF",1,4,25,1,1,4910,"town bluff",83032,"TOWN BLUFF",38132.7,38132.7,38132.7,1998,1998,3306,"town bluff",1,488.659867762985
840,"83","033","LIVINGSTON",1,4,25,1,1,4911,"livingston",83033,"LIVINGSTON",40385.4,40385.4,40385.4,1998,1998,3307,"livingston",1,5.77977497212395
840,"83","034","NEW WAVERLY",1,4,25,1,1,4912,"new waverly",83034,"NEW WAVERLY",35700,35700,35700,1998,1998,3308,"new waverly",1,4.16144202589322
840,"83","035","OAK GROVE",0,8,21,1,1,4913,"oak grove",83035,"OAK GROVE",40034.4,40034.4,40034.4,1998,1998,3309,"oak grove",1,512.866190974858
840,"83","036","GAUSE",0,8,21,1,1,4914,"gause",83036,"GAUSE",39147.6,39147.6,39147.6,1998,1998,3310,"gause",1,1.08303170188668
840,"83","037","PEACH CREEK",0,8,21,1,1,4915,"peach creek",83037,"PEACH CREEK",51940.41,51940.41,51940.41,2001,2001,3311,"peach creek",1,0.873907271120704
840,"83","038","GEORGETOWN",0,53,20,1,1,4916,"georgetown",83038,"GEORGETOWN",41794.707,41794.71,41794.71,2001,2001,3312,"georgetown",1,1.00869469959076
840,"83","039","E GEORGETOWN",0,8,21,1,1,4917,"e georgetown",83039,"E GEORGETOWN",36756.68,36756.68,36756.68,2001,2001,3313,"e georgetown",1,7.32923065188976
840,"83","040","FITZHUGH",0,53,20,1,1,4918,"fitzhugh",83040,"FITZHUGH",46558.348,46558.35,46558.35,2001,2001,3314,"fitzhugh",1,1.0127242384655
840,"83","042","HARPER",1,53,20,1,1,4920,"harper",83042,"HARPER",41983.5,41983.5,41983.5,1998,1998,3316,"harper",1,17.7186427415516
840,"83","043","SAN SABA",1,53,20,1,1,4921,"san saba",83043,"SAN SABA",39143,39143,39143,1998,1998,3317,"san saba",1,0.0857665538533603
840,"83","044","DIBOLL",1,4,25,1,1,4922,"diboll",83044,"DIBOLL",39045.2,39045.2,39045.2,1998,1998,3318,"diboll",1,3.37054477492024
840,"83","045","CALEDONIA",1,4,25,1,1,4923,"caledonia",83045,"CALEDONIA",39243,39243,39243,1998,1998,3319,"caledonia",1,13.4277923255284
840,"83","046","MASSEY LAKE",1,8,21,1,1,4924,"massey lake",83046,"MASSEY LAKE",47292.6,47292.6,47292.6,1998,1998,3320,"massey lake",1,14.7444904185463
840,"83","047","OAKWOOD",0,4,21,1,1,4925,"oakwood",83047,"OAKWOOD",39801.738,39801.74,39801.74,2001,2001,3321,"oakwood",1,0.859930204809763
840,"83","048","KOSSE",1,8,21,1,1,4926,"kosse",83048,"KOSSE",40004.1,40004.1,40004.1,1998,1998,3322,"kosse",1,34.0825943815467
840,"83","049","THORNTON",0,8,21,1,1,4927,"thornton",83049,"THORNTON",37849.4,37849.4,37849.4,1998,1998,3323,"thornton",1,1.34693034976391
840,"83","050","OSAGE",1,8,21,1,1,4928,"osage",83050,"OSAGE",46012.6,46012.6,46012.6,1998,1998,3324,"osage",1,18.014371972044
840,"83","051","PIDCOKE",0,53,20,1,1,4929,"pidcoke",83051,"PIDCOKE",42867.1,42867.1,42867.1,1998,1998,3325,"pidcoke",1,21.0784959550663
840,"83","052","KEMPNER",1,53,20,1,1,4930,"kempner",83052,"KEMPNER",41056.2,41056.2,41056.2,1998,1998,3326,"kempner",1,13.0282682385358
840,"83","053","ADAMSVILLE",1,53,20,1,1,4931,"adamsville",83053,"ADAMSVILLE",44299.3,44299.3,44299.3,1998,1998,3327,"adamsville",1,10.1940021720661
840,"83","054","PEAR VALLEY",1,53,19,1,1,4932,"pear valley",83054,"PEAR VALLEY",39469,39469,39469,1998,1998,3328,"pear valley",1,0.315663041477449
840,"83","055","WINCHELL",1,53,19,1,1,4933,"winchell",83055,"WINCHELL",41464.4,41464.4,41464.4,1998,1998,3329,"winchell",1,0.867151505323485
840,"83","056","MORTON",1,4,25,1,1,4934,"morton",83056,"MORTON",38283.4,38283.4,38283.4,1998,1998,3330,"morton",1,916.082120919875
840,"83","057","CROSSROADS",1,4,25,1,1,4935,"crossroads",83057,"CROSSROADS",42988.9,42988.9,42988.9,1998,1998,3331,"crossroads",1,12.2496080586809
840,"83","058","ATHENS",1,4,25,1,1,4936,"athens",83058,"ATHENS",40295.9,40295.9,40295.9,1998,1998,3332,"athens",1,136.18694266255
840,"83","059","CHANDLER",0,4,25,1,1,4937,"chandler",83059,"CHANDLER",37876.4,37876.4,37876.4,1998,1998,3333,"chandler",1,0.676301150966049
840,"83","060","OLA",1,8,21,1,1,4938,"ola",83060,"OLA",42385.6,42385.6,42385.6,1998,1998,3334,"ola",1,198.904173108536
840,"83","061","DALLAS",1,8,21,1,1,4939,"dallas",83061,"DALLAS",44442.6,44442.6,44442.6,1998,1998,3335,"dallas",1,115.045893418519
840,"83","062","GLEN ROSE",1,33,21,1,1,4940,"glen rose",83062,"GLEN ROSE",37526.9,37526.9,37526.9,1998,1998,3336,"glen rose",1,688.246832898229
840,"83","063","WEATHERFORD",1,8,21,1,1,4941,"weatherford",83063,"WEATHERFORD",43686.5,43686.5,43686.5,1998,1998,3337,"weatherford",1,18.9422843148037
840,"83","064","SELDEN",1,33,21,1,1,4942,"selden",83064,"SELDEN",39877,39877,39877,1998,1998,3338,"selden",1,32.4195126101958
840,"83","066","COTTONWOOD",1,33,21,1,1,4944,"cottonwood",83066,"COTTONWOOD",37742.6,37742.6,37742.6,1998,1998,3340,"cottonwood",1,41.1183681353433
840,"83","067","ALBANY",1,33,21,1,1,4945,"albany",83067,"ALBANY",38924.3,38924.3,38924.3,1998,1998,3341,"albany",1,810.865770666797
840,"83","068","LYDIA",1,4,21,1,1,4946,"lydia",83068,"LYDIA",42363.8,42363.8,42363.8,1998,1998,3342,"lydia",1,5.34743236337609
840,"83","069","LIBERTY HILL",1,4,25,1,1,4947,"liberty hill",83069,"LIBERTY HILL",40237.3,40237.3,40237.3,1998,1998,3343,"liberty hill",1,0.346191061325247
840,"83","070","MILLER GROVE",1,8,21,1,1,4948,"miller grove",83070,"MILLER GROVE",42784.5,42784.5,42784.5,1998,1998,3344,"miller grove",1,13.0426592415341
840,"83","071","DIKE",1,8,21,1,1,4949,"dike",83071,"DIKE",40508.7,40508.7,40508.7,1998,1998,3345,"dike",1,13.8764978503188
840,"83","072","SADLER",1,8,21,1,1,4950,"sadler",83072,"SADLER",38960.7,38960.7,38960.7,1998,1998,3346,"sadler",1,14.1746294061902
840,"83","073","WOLFE CITY",0,8,21,1,1,4951,"wolfe city",83073,"WOLFE CITY",39581.719,39581.72,39581.72,2001,2001,3347,"wolfe city",1,0.770651450280892
840,"83","074","RHOME",1,8,21,1,1,4952,"rhome",83074,"RHOME",42674.1,42674.1,42674.1,1998,1998,3348,"rhome",1,737.328600502478
840,"83","076","OLNEY",1,33,21,1,1,4954,"olney",83076,"OLNEY",41425.9,41425.9,41425.9,1998,1998,3350,"olney",1,0.995645680384432
840,"83","077","HENRIETTA",1,33,21,1,1,4955,"henrietta",83077,"HENRIETTA",31602.2,31602.2,31602.2,1998,1998,3351,"henrietta",1,0.686113969177443
840,"83","078","GRAYBACK",1,54,19,1,1,4956,"grayback",83078,"GRAYBACK",40383.9,40383.9,40383.9,1998,1998,3352,"grayback",1,719.743659461727
840,"83","080","EL INDIO",0,7,36,1,1,4958,"el indio",83080,"EL INDIO",37886.7,37886.7,37886.7,1998,1998,3354,"el indio",1,0.910927924155694
840,"83","081","COMSTOCK",1,56,35,1,1,4959,"comstock",83081,"COMSTOCK",41546.8,41546.8,41546.8,1998,1998,3355,"comstock",1,0.483127982740253
840,"83","082","HOT SPRINGS",1,56,35,1,1,4960,"hot springs",83082,"HOT SPRINGS",38876.6,38876.6,38876.6,1998,1998,3356,"hot springs",1,904.766179242026
840,"83","083","BLACK GAP",1,56,35,1,1,4961,"black gap",83083,"BLACK GAP",45841.6,45841.6,45841.6,1998,1998,3357,"black gap",1,0.988102922095412
840,"83","084","SHAFTER",0,56,35,1,1,4962,"shafter",83084,"SHAFTER",42496.844,42496.84,42496.84,2001,2001,3358,"shafter",1,1.04602519550071
840,"83","085","MERTZON",0,53,19,1,1,4963,"mertzon",83085,"MERTZON",39460.6,39460.6,39460.6,1998,1998,3359,"mertzon",1,0.726114592843477
840,"83","087","LONGFELLOW",1,56,35,1,1,4965,"longfellow",83087,"LONGFELLOW",38623.1,38623.1,38623.1,1998,1998,3361,"longfellow",1,37.368917914039
840,"83","088","ALTUDA",0,56,35,1,1,4966,"altuda",83088,"ALTUDA",35187.8,35187.8,35187.8,1998,1998,3362,"altuda",1,6.60005261646396
840,"83","089","VALENTINE",0,81,35,1,1,4967,"valentine",83089,"VALENTINE",42735.469,42735.47,42735.47,2001,2001,3363,"valentine",1,1.04320428957734
840,"83","091","CORNUDAS",1,56,35,1,1,4969,"cornudas",83091,"CORNUDAS",39002.4,39002.4,39002.4,1998,1998,3365,"cornudas",1,1.47741927445278
840,"83","092","POST",1,54,18,1,1,4970,"post",83092,"POST",41033.4,41033.4,41033.4,1998,1998,3366,"post",1,15.9299704679336
840,"83","093","LAMESA",1,55,18,1,1,4971,"lamesa",83093,"LAMESA",38217.1,38217.1,38217.1,1998,1998,3367,"lamesa",1,788.459667124677
840,"83","094","PLAINS",1,55,18,1,1,4972,"plains",83094,"PLAINS",40109.7,40109.7,40109.7,1998,1998,3368,"plains",1,0.724711066248044
840,"83","095","CLARENDON",1,54,19,1,1,4973,"clarendon",83095,"CLARENDON",40997.9,40997.9,40997.9,1998,1998,3369,"clarendon",1,0.913157765983715
840,"83","096","CHILDRESS",1,54,19,1,1,4974,"childress",83096,"CHILDRESS",44319.6,44319.6,44319.6,1998,1998,3370,"childress",1,337.538297048736
840,"83","097","CIRCLE",1,55,18,1,1,4975,"circle",83097,"CIRCLE",39960.1,39960.1,39960.1,1998,1998,3371,"circle",1,1.3784209170963
840,"83","098","RAYMONDVILLE",1,7,36,1,1,4976,"raymondville",83098,"RAYMONDVILLE",41916.5,41916.5,41916.5,1998,1998,3372,"raymondville",1,0.999938875584256
840,"83","099","SLAUGHTER",1,56,35,1,1,4977,"slaughter",83099,"SLAUGHTER",44896.3,44896.3,44896.3,1998,1998,3373,"slaughter",1,29.3415317641214
840,"83","101","PANTEX",1,55,18,1,1,4979,"pantex",83101,"PANTEX",42302.5,42302.5,42302.5,1998,1998,3375,"pantex",1,0.903612802364992
840,"83","103","WAKA",1,55,18,1,1,4981,"waka",83103,"WAKA",40967.4,40967.4,40967.4,1998,1998,3377,"waka",1,33.8154672068896
840,"83","105","MIAMI",1,54,18,1,1,4983,"miami",83105,"MIAMI",39285.6,39285.6,39285.6,1998,1998,3379,"miami",1,5.55032219436621
840,"83","106","FLOYDADA",1,55,18,1,1,4984,"floydada",83106,"FLOYDADA",40101.2,40101.2,40101.2,1998,1998,3380,"floydada",1,31.4066431636499
840,"83","107","HACKBERRY",1,54,19,1,1,4985,"hackberry",83107,"HACKBERRY",39695.6,39695.6,39695.6,1998,1998,3381,"hackberry",1,1.16365410566678
840,"83","108","FRANKEL CITY",0,55,18,1,1,4986,"frankel city",83108,"FRANKEL CITY",36947.7,36947.7,36947.7,1998,1998,3382,"frankel city",1,384.984746238722
840,"83","109","ROTAN",1,54,19,1,1,4987,"rotan",83109,"ROTAN",40552.4,40552.4,40552.4,1998,1998,3383,"rotan",1,198.717816544769
840,"83","110","WINK",0,56,18,1,1,4988,"wink",83110,"WINK",36871.4,36871.4,36871.4,1998,1998,3384,"wink",1,1.21376893158454
840,"83","111","GIRVIN",1,56,35,1,1,4989,"girvin",83111,"GIRVIN",41450.2,41450.2,41450.2,1998,1998,3385,"girvin",1,1.02064655090946
840,"83","112","OZONA",0,53,35,1,1,4990,"ozona",83112,"OZONA",45185.7,45185.7,45185.7,1998,1998,3386,"ozona",1,1.14401628999553
840,"83","113","ELDORADO",1,53,19,1,1,4991,"eldorado",83113,"ELDORADO",41023,41023,41023,1998,1998,3387,"eldorado",1,20.8677309840159
840,"83","114","INDIAN MTN",1,53,20,1,1,4992,"indian mtn",83114,"INDIAN MTN",46266.5,46266.5,46266.5,1998,1998,3388,"indian mtn",1,1.15085372917383
840,"83","115","EL SAUZ",1,7,36,1,1,4993,"el sauz",83115,"EL SAUZ",39092.2,39092.2,39092.2,1998,1998,3389,"el sauz",1,1.00580913340178
840,"83","118","CATARINA 2",0,7,36,1,1,4994,"catarina 2",83018,"CATARINA",42199.5,42199.5,42199.5,1998,1998,3292,"catarina",0.933333333333333,1.02210172818513
840,"83","135","OAK GROVE 2",1,8,21,1,1,4996,"oak grove 2",83135,"OAK GROVE 2",39578.26,39578.25,39578.25,2011,2011,3390,"oak grove 2",1,2.38453802839396
840,"83","136","HEARNE",1,8,21,1,1,4997,"hearne",83136,"HEARNE",37787.525,37787.52,37787.52,2001,2001,3391,"hearne",1,0.56202574417619
840,"83","137","COLLEGE STN",0,8,21,1,1,4998,"college stn",83137,"COLLEGE STN",35354.726,35354.73,35354.73,2001,2001,3392,"college stn",1,0.818677794886517
840,"83","139","WALBURG",1,8,21,1,1,4999,"walburg",83139,"WALBURG",38652.4,38652.4,38652.4,1998,1998,3393,"walburg",1,0.776773062987377
840,"83","140","DRIPPING SPG",1,53,20,1,1,5000,"dripping spg",83140,"DRIPPING SPG",44269.6,44269.6,44269.6,1998,1998,3394,"dripping spg",1,17.8050371934696
840,"83","147","CAYUGA",1,4,21,1,1,5002,"cayuga",83147,"CAYUGA",37577.8,37577.8,37577.8,1998,1998,3395,"cayuga",1,0.703709191383566
840,"83","149","THORNTON 2",0,8,21,1,1,5003,"thornton 2",83049,"THORNTON",37849.4,37849.4,37849.4,1998,1998,3323,"thornton",0.933333333333333,1.34693034976391
840,"83","159","CHANDLER 2",1,4,25,1,1,5005,"chandler 2",83159,"CHANDLER 2",47634.249,47634.24,47634.24,2011,2011,3396,"chandler 2",1,1.98313726295473
840,"83","179","HASKELL",1,54,19,1,1,5006,"haskell",83179,"HASKELL",41101.8,41101.8,41101.8,1998,1998,3397,"haskell",1,70.4782860673262
840,"83","184","CASA PIEDRA",1,81,35,1,1,5007,"casa piedra",83184,"CASA PIEDRA",37541.6,37541.6,37541.6,1998,1998,3398,"casa piedra",1,179.381660415264
840,"83","189","BEAR MTN",1,81,35,1,1,5009,"bear mtn",83189,"BEAR MTN",47297.2,47297.2,47297.2,1998,1998,3399,"bear mtn",1,27.2827838892234
840,"83","204","GUERRA",1,7,36,1,1,5010,"guerra",83204,"GUERRA",44371.9,44371.9,44371.9,1998,1998,3400,"guerra",1,6.15521482404048
840,"83","209","ENCINAL 2",1,7,36,1,1,5011,"encinal 2",83009,"ENCINAL",39138.5,39138.5,39138.5,1998,1998,3283,"encinal",0.925925925925926,1.02587851726111
840,"83","210","KERMIT",0,56,18,1,1,5012,"kermit",83210,"KERMIT",42179.9,42179.9,42179.9,1998,1998,3401,"kermit",1,7.50369924073885
840,"83","212","OZONA 2",1,53,35,1,1,5013,"ozona 2",83112,"OZONA",45185.7,45185.7,45185.7,1998,1998,3386,"ozona",0.904761904761905,10.1633843389437
840,"83","214","FANNIN",1,6,21,1,1,5014,"fannin",83214,"FANNIN",36151,36151,36151,1998,1998,3402,"fannin",1,6.26726944736076
840,"83","218","CATARINA 3",1,7,36,1,1,5015,"catarina 3",83018,"CATARINA",42199.5,42199.5,42199.5,1998,1998,3292,"catarina",0.933333333333333,114.020744444677
840,"83","237","CARLOS",1,8,21,1,1,5016,"carlos",83237,"CARLOS",39617.3,39617.3,39617.3,1998,1998,3403,"carlos",1,0.801152922852199
840,"83","238","LEANDER",0,53,20,1,1,5017,"leander",83238,"LEANDER",40438.7,40438.7,40438.7,1998,1998,3404,"leander",1,0.996242472823327
840,"83","249","THORNTON 3",1,8,21,1,1,5019,"thornton 3",83049,"THORNTON",37849.4,37849.4,37849.4,1998,1998,3323,"thornton",0.933333333333333,8.74409602493444
840,"83","273","BLUE RIDGE",1,8,21,1,1,5020,"blue ridge",83273,"BLUE RIDGE",42029.7,42029.7,42029.7,1998,1998,3405,"blue ridge",1,26.4778410591889
840,"83","301","PROGRESO",0,7,36,1,1,5021,"progreso",83301,"PROGRESO",37117.6,37117.6,37117.6,1998,1998,3406,"progreso",1,131.076899884733
840,"83","302","LOYOLA BEACH",0,7,37,1,1,5022,"loyola beach",83302,"LOYOLA BEACH",45285.1,45285.1,45285.1,1998,1998,3407,"loyola beach",1,0.793022489961614
840,"83","303","SEJITA",1,7,36,1,1,5023,"sejita",83303,"SEJITA",43702.5,43702.5,43702.5,1998,1998,3408,"sejita",1,0.223937057171662
840,"83","304","LAREDO",1,7,36,1,1,5024,"laredo",83304,"LAREDO",29814.9,29814.9,29814.9,1998,1998,3409,"laredo",1,23.6495063613886
840,"83","305","CHINQUAPIN",1,6,37,1,1,5025,"chinquapin",83305,"CHINQUAPIN",41450.1,41450.1,41450.1,1998,1998,3410,"chinquapin",1,1.09198390685258
840,"83","306","OYSTER LAKE",1,6,37,1,1,5026,"oyster lake",83306,"OYSTER LAKE",43550.6,43550.6,43550.6,1998,1998,3411,"oyster lake",1,63.1806535534259
840,"83","307","BAYSIDE",0,6,37,1,1,5027,"bayside",83307,"BAYSIDE",42329.3,42329.3,42329.3,1998,1998,3412,"bayside",1,1.08984966674808
840,"83","308","THREE RIVERS",1,7,21,1,1,5028,"three rivers",83308,"THREE RIVERS",33238.5,33238.5,33238.5,1998,1998,3413,"three rivers",1,0.622867084646959
840,"83","309","MILLETT",0,7,36,1,1,5029,"millett",83309,"MILLETT",46698,46698,46698,1998,1998,3414,"millett",1,0.896148682792294
840,"83","310","PEDRO CREEK",0,7,36,1,1,5030,"pedro creek",83310,"PEDRO CREEK",44218.9,44218.9,44218.9,1998,1998,3415,"pedro creek",1,11.7484662474443
840,"83","311","PORT ACRES",1,6,37,1,1,5031,"port acres",83311,"PORT ACRES",41823.7,41823.7,41823.7,1998,1998,3416,"port acres",1,1.87053471825104
840,"83","313","MOUNT ZION",1,6,21,1,1,5033,"mount zion",83313,"MOUNT ZION",40394.1,40394.1,40394.1,1998,1998,3418,"mount zion",1,0.863693455531787
840,"83","314","YOAKUM",1,8,21,1,1,5034,"yoakum",83314,"YOAKUM",40853.8,40853.8,40853.8,1998,1998,3419,"yoakum",1,3.35652315080893
840,"83","315","BRITE",1,7,21,1,1,5035,"brite",83315,"BRITE",44301.4,44301.4,44301.4,1998,1998,3420,"brite",1,0.938890405616014
840,"83","316","LEAKEY",1,53,20,1,1,5036,"leakey",83316,"LEAKEY",48550.5,48550.5,48550.5,1998,1998,3421,"leakey",1,152.415794178423
840,"83","317","MONTELL",1,53,20,1,1,5037,"montell",83317,"MONTELL",46309.7,46309.7,46309.7,1998,1998,3422,"montell",1,2.65096131807559
840,"83","318","LANGTRY",0,56,35,1,1,5038,"langtry",83318,"LANGTRY",51122.7,51122.7,51122.7,1998,1998,3423,"langtry",1,8.56229094646091
840,"83","320","PRESIDIO",1,56,35,1,1,5040,"presidio",83320,"PRESIDIO",27193.6,27193.6,27193.6,1998,1998,3425,"presidio",1,218.008479840864
840,"83","321","FRED",1,3,25,1,1,5041,"fred",83321,"FRED",39456.2,39456.2,39456.2,1998,1998,3426,"fred",1,15.6794993228767
840,"83","322","UNION HILL",1,4,25,1,1,5042,"union hill",83322,"UNION HILL",43553,43553,43553,1998,1998,3427,"union hill",1,565.969203662361
840,"83","323","BURTON",1,8,21,1,1,5043,"burton",83323,"BURTON",43084.4,43084.4,43084.4,1998,1998,3428,"burton",1,0.789811366422169
840,"83","324","CREEDMORE",0,8,21,1,1,5044,"creedmore",83324,"CREEDMORE",44385.9,44385.9,44385.9,1998,1998,3429,"creedmore",1,249.706677422638
840,"83","325","PRAIRIE MTN.",1,53,20,1,1,5045,"prairie mtn",83325,"PRAIRIE MTN.",40126.7,40126.7,40126.7,1998,1998,3430,"prairie mtn",1,0.417528838226064
840,"83","326","ALLEN CREEK",1,53,20,1,1,5046,"allen creek",83326,"ALLEN CREEK",40122.6,40122.6,40122.6,1998,1998,3431,"allen creek",1,0.493627227355173
840,"83","327","ROCKSPRING",1,53,20,1,1,5047,"rockspring",83327,"ROCKSPRING",45798.7,45798.7,45798.7,1998,1998,3432,"rockspring",1,1.04578866796535
840,"83","328","DEVILS R CYN",1,56,35,1,1,5048,"devils r cyn",83328,"DEVILS R CYN",39940.2,39940.2,39940.2,1998,1998,3433,"devils r cyn",1,393.930907993323
840,"83","329","FT. STOCKTON",1,56,35,1,1,5049,"ft stockton",83329,"FT. STOCKTON",51626.1,51626.1,51626.1,1998,1998,3434,"ft stockton",1,0.978134185213385
840,"83","330","COYANDA DRAW",1,56,35,1,1,5050,"coyanda draw",83330,"COYANDA DRAW",41023.9,41023.9,41023.9,1998,1998,3435,"coyanda draw",1,128.469641831344
840,"83","331","TOYAHVALE",1,81,35,1,1,5051,"toyahvale",83331,"TOYAHVILLE",44276.2,44276.2,44276.2,1998,1998,3436,"toyahville",0.896296296296296,7.30096644617858
840,"83","332","QUITMAN CYN.",0,56,35,1,1,5052,"quitman cyn",83332,"QUITMAN CYN.",40601.8,40601.8,40601.8,1998,1998,3437,"quitman cyn",1,1.19923006949435
840,"83","333","ALEXANDER ST",1,4,25,1,1,5053,"alexander st",83333,"ALEXANDER ST",42423.8,42423.8,42423.8,1998,1998,3438,"alexander st",1,0.761875187237397
840,"83","334","POWELL PARK",0,4,25,1,1,5054,"powell park",83334,"POWELL PARK",42156.2,42156.2,42156.2,1998,1998,3439,"powell park",1,828.747052519703
840,"83","335","WECHES",1,4,25,1,1,5055,"weches",83335,"WECHES",42536,42536,42536,1998,1998,3440,"weches",1,0.516726678324741
840,"83","336","BONNER",1,8,21,1,1,5056,"bonner",83336,"BONNER",46362,46362,46362,1998,1998,3441,"bonner",1,0.29402201201205
840,"83","337","BRUCEVILLE",1,8,21,1,1,5057,"bruceville",83337,"BRUCEVILLE",41378.7,41378.7,41378.7,1998,1998,3442,"bruceville",1,594.316196245119
840,"83","338","DURAN",0,53,21,1,1,5058,"duran",83338,"DURAN",43846.2,43846.2,43846.2,1998,1998,3443,"duran",1,1.03532617292187
840,"83","339","SHIELDS",0,33,19,1,1,5059,"shields",83339,"SHIELD",37900.5,37900.5,37900.5,1998,1998,3444,"shield",0.952380952380952,0.726468753198174
840,"83","340","WALL",1,54,19,1,1,5060,"wall",83340,"WALL",40501.4,40501.4,40501.4,1998,1998,3445,"wall",1,0.636349817396327
840,"83","341","STILES",1,55,18,1,1,5061,"stiles",83341,"STILES",47123.2,47123.2,47123.2,1998,1998,3446,"stiles",1,28.5702606616172
840,"83","342","CRANE",0,56,35,1,1,5062,"crane",83342,"CRANE",45909.7,45909.7,45909.7,1998,1998,3447,"crane",1,0.885218651615952
840,"83","343","MENTONE",0,56,18,1,1,5063,"mentone",83343,"MENTONE",40424.9,40424.9,40424.9,1998,1998,3448,"mentone",1,2.88218102682605
840,"83","344","SALT FLAT",0,56,35,1,1,5064,"salt flat",83344,"SALT FLAT",44655.6,44655.6,44655.6,1998,1998,3449,"salt flat",1,0.768160604701104
840,"83","345","SIERRA BLANC",1,56,35,1,1,5065,"sierra blanc",83345,"SIERRA BLANC",39728.3,39728.3,39728.3,1998,1998,3450,"sierra blanc",1,0.703514747907598
840,"83","346","CANUTILLO",1,56,35,1,1,5066,"canutillo",83346,"CANUTILLO",39068.4,39068.4,39068.4,1998,1998,3451,"canutillo",1,1.44009466370965
840,"83","347","BON WIER",1,3,25,1,1,5067,"bon wier",83347,"BON WIER",45039.4,45039.4,45039.4,1998,1998,3452,"bon wier",1,0.684657403158134
840,"83","349","MT. SELMAN",1,4,25,1,1,5069,"mt selman",83349,"MT. SELMAN",46079.1,46079.1,46079.1,1998,1998,3454,"mt selman",1,0.566750710587228
840,"83","350","WILLS POINT",1,8,21,1,1,5070,"wills point",83350,"WILLS POINT",40321.9,40321.9,40321.9,1998,1998,3455,"wills point",1,2.15834729424722
840,"83","351","CLEBURNE",1,8,21,1,1,5071,"cleburne",83351,"CLEBURNE",44387.4,44387.4,44387.4,1998,1998,3456,"cleburne",1,108.449172706359
840,"83","352","WHIT MTN.",1,33,21,1,1,5072,"whit mtn",83352,"WHIT MTN.",44529.7,44529.7,44529.7,1998,1998,3457,"whit mtn",1,1.04148163101749
840,"83","353","HAWLEY",1,54,19,1,1,5073,"hawley",83353,"HAWLEY",40900.4,40900.4,40900.4,1998,1998,3458,"hawley",1,42.0194804538167
840,"83","354","SILVER",1,54,19,1,1,5074,"silver",83354,"SILVER",45338.4,45338.4,45338.4,1998,1998,3459,"silver",1,44.9276806773021
840,"83","355","TENMILE",1,55,18,1,1,5075,"tenmile",83355,"TENMILE",41569.4,41569.4,41569.4,1998,1998,3460,"tenmile",1,29.5544890179853
840,"83","356","MIDLAND",1,55,18,1,1,5076,"midland",83356,"MIDLAND",42991.6,42991.6,42991.6,1998,1998,3461,"midland",1,65.0431676557401
840,"83","358","GAMBILL REF.",1,8,21,1,1,5078,"gambill ref",83358,"GAMBILL REF.",43281.1,43281.1,43281.1,1998,1998,3463,"gambill ref",1,0.66088399541783
840,"83","359","GREENVILLE",1,8,21,1,1,5079,"greenville",83359,"GREENVILLE",43696,43696,43696,1998,1998,3464,"greenville",1,1.00088008882053
840,"83","360","DECATUR",1,33,21,1,1,5080,"decatur",83360,"DECATUR",44640.6,44640.6,44640.6,1998,1998,3465,"decatur",1,5.54344348171837
840,"83","361","MEGARGEL",1,54,21,1,1,5081,"megargel",83361,"MEGARGEL",46929.4,46929.4,46929.4,1998,1998,3466,"megargel",1,1.2992891594133
840,"83","362","BEAVER CREEK",1,54,19,1,1,5082,"beaver creek",83362,"BEAVER CREEK",42249,42249,42249,1998,1998,3467,"beaver creek",1,157.594030308815
840,"83","363","GIRARD",1,54,19,1,1,5083,"girard",83363,"GIRARD",41137.7,41137.7,41137.7,1998,1998,3468,"girard",1,1.19184039009741
840,"83","364","DOUGHERTY",1,55,18,1,1,5084,"dougherty",83364,"DOUGHERTY",41841.8,41841.8,41841.8,1998,1998,3469,"dougherty",1,1.26644982625202
840,"83","365","PLAINS",0,55,18,1,1,5085,"plains",83365,"PLAINS",41261.1,41261.1,41261.1,1998,1998,3470,"plains",1,0.333929715047113
840,"83","366","CHARLIE",1,35,19,1,1,5086,"charlie",83366,"CHARLIE",43996.6,43996.6,43996.6,1998,1998,3471,"charlie",1,0.385884584343021
840,"83","367","WILLIAMS",1,54,19,1,1,5087,"williams",83367,"WILLIAMS",42526,42526,42526,1998,1998,3472,"williams",1,1.09610835014677
840,"83","368","LAKEVIEW",1,54,19,1,1,5088,"lakeview",83368,"LAKEVIEW",42872.6,42872.6,42872.6,1998,1998,3473,"lakeview",1,0.920233993715463
840,"83","369","CLAYTONVILLE",1,55,18,1,1,5089,"claytonville",83369,"CLAYTONVILLE",41125.2,41125.2,41125.2,1998,1998,3474,"claytonville",1,0.810365052288096
840,"83","370","FRIONA",1,55,18,1,1,5090,"friona",83370,"FRIONA",40043.2,40043.2,40043.2,1998,1998,3475,"friona",1,0.966606066685766
840,"83","371","PANHANDLE",1,55,18,1,1,5091,"panhandle",83371,"PANHANDLE",40724.5,40724.5,40724.5,1998,1998,3476,"panhandle",1,0.836487128030492
840,"83","372","SKELLYTOWN",1,54,18,1,1,5092,"skellytown",83372,"SKELLYTOWN",46345.5,46345.5,46345.5,1998,1998,3477,"skellytown",1,0.789479905444674
840,"83","373","DALHART",1,55,18,1,1,5093,"dalhart",83373,"DALHART",39503.4,39503.4,39503.4,1998,1998,3478,"dalhart",1,0.861310587370391
840,"83","374","TWICHELL",1,55,18,1,1,5094,"twichell",83374,"TWICHELL",40824.3,40824.3,40824.3,1998,1998,3479,"twichell",1,0.67840017201234
840,"83","375","GRUVER",1,55,18,1,1,5095,"gruver",83375,"GRUVER",45703.2,45703.2,45703.2,1998,1998,3480,"gruver",1,1.50734753302445
840,"83","376","CACTUS",1,55,18,1,1,5096,"cactus",83376,"CACTUS",43158.4,43158.4,43158.4,1998,1998,3481,"cactus",1,1.17814087951191
840,"83","377","DOVE MTN.",0,56,35,1,1,5097,"dove mtn",83377,"DOVE MTN.",29917.6,29917.6,29917.6,1998,1998,3482,"dove mtn",1,0.713043272085216
840,"83","378","SAN PEDRO",1,7,37,1,1,5098,"san pedro",83378,"SAN PEDRO",47235.518,47235.51,47235.51,2011,2011,3483,"san pedro",1,29.2674330385455
840,"83","390","MARATHON",1,81,35,1,1,5100,"marathon",83390,"MARATHON",42511.372,42511.36,42511.36,2011,2011,3484,"marathon",1,330.22513998613
840,"83","391","MARFA",1,81,35,1,1,5101,"marfa",83391,"MARFA",44256.127,44256.12,44256.12,2011,2011,3485,"marfa",1,13.2890609297124
840,"83","392","FT. DAVIS",1,81,35,1,1,5102,"ft davis",83392,"FT. DAVIS",43840.87,43840.86,43840.86,2011,2011,3486,"ft davis",1,15.3234633104739
840,"83","402","Loyola Beach 2",1,7,37,1,1,5107,"loyola beach 2",83402,"LOYOLA BEACH 2",42795.956,42795.95,42795.95,2011,2011,3487,"loyola beach 2",1,22.9098636034032
840,"83","407","Bayside 2",0,6,37,1,1,5108,"bayside 2",83307,"BAYSIDE",42329.3,42329.3,42329.3,1998,1998,3412,"bayside",0.925925925925926,1.1680330293092
840,"83","410","CAVASARA CR.",1,7,36,1,1,5110,"cavasara cr",83410,"CAVASARA CR.",40155.7,40155.7,40155.7,1998,1998,3489,"cavasara cr",1,11.6833795218446
840,"83","418","PUMPVILLE",1,56,35,1,1,5112,"pumpville",83418,"PUMPVILLE",40216.153,40216.15,40216.15,2011,2011,3490,"pumpville",1,8.30771052807594
840,"83","432","QUITMAN CANYON 2",1,56,35,1,1,5113,"quitman canyon 2",83332,"QUITMAN CYN.",40601.8,40601.8,40601.8,1998,1998,3437,"quitman cyn",0.865530303030303,1.66317442569049
840,"83","434","Powell Park 2",1,4,25,1,1,5114,"powell park 2",83334,"POWELL PARK",42156.2,42156.2,42156.2,1998,1998,3439,"powell park",0.948717948717949,829.14374504026
840,"83","438","COMANCHE",1,53,21,1,1,5115,"comanche",83438,"COMANCHE",37977.215,37977.21,37977.21,2001,2001,3491,"comanche",1,1.08206971736782
840,"83","439","SHIELDS 2",1,33,19,1,1,5116,"shields 2",83439,"SHIELDS 2",39836.195,39836.19,39836.19,2011,2011,3492,"shields 2",1,17.9301831400375
840,"83","507","Bayside 3",1,6,37,1,1,5119,"bayside 3",83407,"BAYSIDE 2",51177.56,51177.56,51177.56,2011,2011,3488,"bayside 2",0.925925925925926,146.582288473063
840,"83","900","CHISOS BASIN",1,56,35,1,2,5121,"chisos basin",83900,"CHISOS BASIN",39809,39808.9,39808.9,1998,1998,3493,"chisos basin",1,0.723402181686599
840,"83","901","L. ATASCOSA NWR",1,7,37,1,2,5122,"l atascosa nwr",83901,"L. ATASCOSA NWR",43529.6,43529.6,43529.6,1998,1998,3494,"l atascosa nwr",1,0.279091537963729
840,"83","902","GOLIAD PRAIRIE",0,6,37,1,2,5123,"goliad prairie",83902,"GOLIAD PRAIRIE",40125.825,40125.82,40125.82,2011,2011,3495,"goliad prairie",1,5.74319213538723
840,"83","903","McFaddin",0,7,37,1,2,5124,"mcfaddin",83903,"MCFADDIN",42526.331,42526.32,42526.32,2011,2011,3496,"mcfaddin",1,4.29524944307038
840,"85","001","WENDOVER",0,80,9,1,1,5129,"wendover",85001,"WENDOVER",39863.6,39863.6,39863.6,1998,1998,3497,"wendover",1,0.471398757620152
840,"85","002","PROMONTORY",1,88,9,1,1,5130,"promontory",85002,"PROMONTORY",40638.1,40638.1,40638.1,1998,1998,3498,"promontory",1,0.969738369499183
840,"85","003","HYRUM",0,84,9,1,1,5131,"hyrum",85003,"HYRUM",38151.6,38151.6,38151.6,1998,1998,3499,"hyrum",1,14.6300270859314
840,"85","005","TIMPIE SPG",0,80,9,1,1,5133,"timpie spg",85005,"TIMPIE SPG",41011.1,41011.1,41011.1,1998,1998,3501,"timpie spg",1,9.3019328620254
840,"85","007","ALTONAH",1,84,16,1,1,5135,"altonah",85007,"ALTONAH",38798.3,38798.3,38798.3,1998,1998,3503,"altonah",1,0.750303820865633
840,"85","008","GRIZZLY RDGE",1,62,16,1,1,5136,"grizzly rdge",85008,"GRIZZLY RDGE",39250.3,39250.3,39250.3,1998,1998,3504,"grizzly rdge",1,88.9606292110506
840,"85","009","NOTCH PEAK",1,80,9,1,1,5137,"notch peak",85009,"NOTCH PEAK",39628.6,39628.6,39628.6,1998,1998,3505,"notch peak",1,15.6693206127387
840,"85","010","OAK CITY",1,88,9,1,1,5138,"oak city",85010,"OAK CITY",39449.6,39449.6,39449.6,1998,1998,3506,"oak city",1,557.602372725816
840,"85","011","GOSHEN",1,88,9,1,1,5139,"goshen",85011,"GOSHEN",38877,38877,38877,1998,1998,3507,"goshen",1,1.38675576982957
840,"85","012","DRAGERTON",1,87,16,1,1,5140,"dragerton",85012,"DRAGERTON",40247,40247,40247,1998,1998,3508,"dragerton",1,1.12891596146864
840,"85","013","WILLOW CREEK",1,87,16,1,1,5141,"willow creek",85013,"WILLOW CREEK",41264.3,41264.3,41264.3,1998,1998,3509,"willow creek",1,3.02354744058449
840,"85","014","STOCK RES",1,80,9,1,1,5142,"stock res",85014,"STOCK RES",38830.3,38830.3,38830.3,1998,1998,3510,"stock res",1,1.25034090814426
840,"85","015","BEAVER",1,84,16,1,1,5143,"beaver",85015,"BEAVER",48409,48409,48409,1998,1998,3511,"beaver",1,47.6081489097015
840,"85","016","DESERT VIEW",1,87,16,1,1,5144,"desert view",85016,"DESERT VIEW",37932.731,37932.73,37932.73,2011,2011,3512,"desert view",1,0.874543267749601
840,"85","017","HANKSVILLE",1,87,16,1,1,5145,"hanksville",85017,"HANKSVILLE",39492.7,39492.7,39492.7,1998,1998,3513,"hanksville",1,1.42683377587226
840,"85","019","IRON SPRINGS",0,88,9,1,1,5147,"iron springs",85019,"IRON SPRINGS",42815.9,42815.9,42815.9,1998,1998,3514,"iron springs",1,0.376899344941742
840,"85","021","BOULDER",1,87,16,1,1,5149,"boulder",85021,"BOULDER",46715.5,46715.5,46715.5,1998,1998,3516,"boulder",1,1.22975233411357
840,"85","022","HITE",1,87,16,1,1,5150,"hite",85022,"HITE",38812,38812,38812,1998,1998,3517,"hite",1,509.838741705859
840,"85","023","ANETH",1,87,16,1,1,5151,"aneth",85023,"ANETH",41524.3,41524.3,41524.3,1998,1998,3518,"aneth",1,73.5851298689895
840,"85","024","LYNN",1,88,9,1,1,5152,"lynn",85024,"LYNN",38281.9,38281.9,38281.9,1998,1998,3519,"lynn",1,1.41373427277804
840,"85","025","GROUSE CREEK",1,88,9,1,1,5153,"grouse creek",85025,"GROUSE CREEK",40761.3,40761.3,40761.3,1998,1998,3520,"grouse creek",1,120.145005646962
840,"85","101","WENDOVER 2",1,80,9,1,1,5155,"wendover 2",85001,"WENDOVER",39863.6,39863.6,39863.6,1998,1998,3497,"wendover",0.933333333333333,1.10499031741617
840,"85","102","JOHNSON CAN",1,80,9,1,1,5156,"johnson can",85102,"JOHNSON CAN",40741.4,40741.4,40741.4,1998,1998,3522,"johnson can",1,1.06957869685939
840,"85","103","ANT FLAT-OGDEN CAN",1,62,16,1,1,5157,"ant flat ogden can",85103,"ANT FLAT-OGDEN CAN",14623.2,14623.2,14623.2,1998,1998,3523,"ant flat ogden can",1,1.46877985296541
840,"85","104","GOLD HILL",1,80,9,1,1,5158,"gold hill",85104,"GOLD HILL",40283.5,40283.5,40283.5,1998,1998,3524,"gold hill",1,1.04326055027122
840,"85","105","FAIRFIELD",1,88,9,1,1,5159,"fairfield",85105,"FAIRFIELD",39078.1,39078.1,39078.1,1998,1998,3525,"fairfield",1,28.5734433569813
840,"85","106","UINTAH NF",0,62,16,1,1,5160,"uintah nf",85106,"UINTAH NF",38961.762,38961.76,38961.76,2001,2001,3526,"uintah nf",1,1.20091693494406
840,"85","107","WASATCH NF",1,62,16,1,1,5161,"wasatch nf",85107,"WASATCH NF",36646,36646,36646,1998,1998,3527,"wasatch nf",1,4.11763963193345
840,"85","108","JENSEN",1,87,16,1,1,5162,"jensen",85108,"JENSEN",40261.1,40261.1,40261.1,1998,1998,3528,"jensen",1,14.9159570179914
840,"85","109","FISH SPRINGS",1,80,9,1,1,5163,"fish springs",85109,"FISH SPRINGS",40056.4,40056.4,40056.4,1998,1998,3529,"fish springs",1,0.629405687059089
840,"85","110","DELTA",1,80,9,1,1,5164,"delta",85110,"DELTA",40770.8,40770.8,40770.8,1998,1998,3530,"delta",1,1.33162635732695
840,"85","112","CLEVELAND",1,87,16,1,1,5165,"cleveland",85112,"CLEVELAND",38262.8,38262.8,38262.8,1998,1998,3531,"cleveland",1,169.35515664812
840,"85","113","BONANZA",1,87,16,1,1,5166,"bonanza",85113,"BONANZA",39240.5,39240.5,39240.5,1998,1998,3532,"bonanza",1,0.755114145847269
840,"85","114","WAH WAH",1,88,9,1,1,5167,"wah wah",85114,"WAH WAH",40741,40741,40741,1998,1998,3533,"wah wah",1,1.09275829390482
840,"85","115","FISH LAKE NF",1,62,16,1,1,5168,"fish lake nf",85115,"FISH LAKE NF",33599,33599,33599,1998,1998,3534,"fish lake nf",1,344.538541720335
840,"85","116","NOTOM",1,87,16,1,1,5169,"notom",85116,"NOTOM",41601.5,41601.5,41601.5,1998,1998,3535,"notom",1,0.641457868996697
840,"85","117","GLEN CANYON",1,87,16,1,1,5170,"glen canyon",85117,"GLEN CANYON",40188,40188,40188,1998,1998,3536,"glen canyon",1,8.27182905263604
840,"85","118","CANYONLANDS",1,87,16,1,1,5171,"canyonlands",85118,"CANYONLANDS",45028.9,45028.9,45028.9,1998,1998,3537,"canyonlands",1,54.4985518618537
840,"85","119","BERYL",1,88,9,1,1,5172,"beryl",85119,"BERYL",40258.4,40258.4,40258.4,1998,1998,3538,"beryl",1,1.03391308128567
840,"85","120","MOQUITH MTN",1,87,16,1,1,5173,"moquith mtn",85120,"MOQUITH MTN",48877.7,48877.7,48877.7,1998,1998,3539,"moquith mtn",1,9.95512770406495
840,"85","121","MAIN CANYON",1,84,16,1,1,5174,"main canyon",85121,"MAIN CANYON",37944.3,37944.3,37944.3,1998,1998,3540,"main canyon",1,0.389144467967566
840,"85","122","CANE SPR DES",1,87,16,1,1,5175,"cane spr des",85122,"CANE SPR DES",39722,39722,39722,1998,1998,3541,"cane spr des",1,1.03311376173272
840,"85","123","BLANDING",1,87,16,1,1,5176,"blanding",85123,"BLANDING",38125.6,38125.6,38125.6,1998,1998,3542,"blanding",1,1.2091934790826
840,"85","151","KELTON",0,80,9,1,1,5177,"kelton",85151,"KELTON",48013.9,48013.9,48013.9,1998,1998,3543,"kelton",1,1.2092077890201
840,"85","152","BEAR RIVER",1,88,9,1,1,5178,"bear river",85152,"BEAR RIVER",42962.6,42962.6,42962.6,1998,1998,3544,"bear river",1,1.3107846072881
840,"85","153","RANDOLPH",1,86,10,1,1,5179,"randolph",85153,"RANDOLPH",45888.9,45888.9,45888.9,1998,1998,3545,"randolph",1,1.36878793008257
840,"85","155","VERNON",1,88,9,1,1,5180,"vernon",85155,"VERNON",45046.1,45046.1,45046.1,1998,1998,3546,"vernon",1,1.28090541138179
840,"85","156","SOAPSTONE",1,62,16,1,1,5181,"soapstone",85156,"SOAPSTONE",40715.2,40715.2,40715.2,1998,1998,3547,"soapstone",1,0.819422269945668
840,"85","157","MOON LAKE",0,62,16,1,1,5182,"moon lake",85157,"MOON LAKE",40702.1,40702.1,40702.1,1998,1998,3548,"moon lake",1,1.20169877455014
840,"85","158","M WARNER RES",1,84,16,1,1,5183,"m warner res",85158,"M WARNER RES",43604.4,43604.4,43604.4,1998,1998,3549,"m warner res",1,1.17539307952601
840,"85","159","CALLAO",1,80,9,1,1,5184,"callao",85159,"CALLAO",39807.1,39807.1,39807.1,1998,1998,3550,"callao",1,1.31453344518219
840,"85","160","LEAMINGTON",1,84,9,1,1,5185,"leamington",85160,"LEAMINGTON",46053,46053,46053,1998,1998,3551,"leamington",1,0.388362013546203
840,"85","161","FAYETTE",1,84,16,1,1,5186,"fayette",85161,"FAYETTE",49817.8,49817.8,49817.8,1998,1998,3552,"fayette",1,4.7623533749973
840,"85","162","CASTLE DALE",1,87,16,1,1,5187,"castle dale",85162,"CASTLE DALE",47817.6,47817.6,47817.6,1998,1998,3553,"castle dale",1,0.617190716708629
840,"85","163","HILL CREEK",0,84,16,1,1,5188,"hill creek",85163,"HILL CREEK",47521.6,47521.5,47521.5,1998,1998,3554,"hill creek",1,0.955631006737725
840,"85","164","INDIAN PEAK",1,88,9,1,1,5189,"indian peak",85164,"INDIAN PEAK",45940.2,45940.2,45940.2,1998,1998,3555,"indian peak",1,1.04508865789843
840,"85","165","RICHFIELD",1,62,16,1,1,5190,"richfield",85165,"RICHFIELD",54524.6,54524.6,54524.6,1998,1998,3556,"richfield",1,1.3202351562966
840,"85","166","GOOSEBERRY",1,62,16,1,1,5191,"gooseberry",85166,"GOOSEBERRY",45834.3,45834.3,45834.3,1998,1998,3557,"gooseberry",1,72.12083454578
840,"85","167","GILSON BUTTE",0,87,16,1,1,5192,"gilson butte",85167,"GILSON BUTTE",57163.6,57163.6,57163.6,1998,1998,3558,"gilson butte",1,34.4821782886095
840,"85","168","LA SAL",0,84,16,1,1,5193,"la sal",85168,"LA SAL",61461.8,61461.8,61461.8,1998,1998,3559,"la sal",1,0.14152216577598
840,"85","169","SHIVWITZ",1,88,16,1,1,5194,"shivwitz",85169,"SHIVWITZ",45588.1,45588.1,45588.1,1998,1998,3560,"shivwitz",1,29.2169053458872
840,"85","170","DIXIE NF",1,62,16,1,1,5195,"dixie nf",85170,"DIXIE NF",50622.9,50622.8,50622.8,1998,1998,3561,"dixie nf",1,1.35393921240203
840,"85","171","GLEN CANYON",1,87,16,1,1,5196,"glen canyon",85171,"GLEN CANYON",56693.6,56693.6,56693.6,1998,1998,3562,"glen canyon",1,1.09941836546966
840,"85","172","LAKE POWELL",1,87,16,1,1,5197,"lake powell",85172,"LAKE POWELL",48177.1,48177.1,48177.1,1998,1998,3563,"lake powell",1,94.9529979756829
840,"85","173","HATCH",1,87,16,1,1,5198,"hatch",85173,"HATCH",58991.1,58991,58991,1998,1998,3564,"hatch",1,1.2607671757042
840,"85","174","Beck 2",1,62,16,1,1,5199,"beck 2",85174,"BECK 2",36973.887,36973.88,36973.88,2011,2011,3565,"beck 2",1,29.4434931887224
840,"85","203","HARDWARE RANCH",1,84,9,1,1,5200,"hardware ranch",85203,"HARDWARE RANCH",41680.8,41680.8,41680.8,1998,1998,3566,"hardware ranch",1,532.658015670342
840,"85","206","HEBER MTN.",1,62,16,1,1,5201,"heber mtn",85206,"HEBER MTN.",44424.5,44424.6,44424.6,1998,1998,3567,"heber mtn",1,1.17692132344478
840,"85","218","MOAB",1,87,16,1,1,5202,"moab",85218,"MOAB",40219.4,40219.4,40219.4,1998,1998,3568,"moab",1,1.47856695663028
840,"85","219","Iron Springs 2",1,88,9,1,1,5203,"iron springs 2",85019,"IRON SPRINGS",42815.9,42815.9,42815.9,1998,1998,3514,"iron springs",0.952380952380952,7.99950988065682
840,"85","257","MOON LAKE 2",1,62,16,1,1,5205,"moon lake 2",85257,"MOON LAKE 2",40373.095,40373.09,40373.09,2011,2011,3570,"moon lake 2",1,4.66516243178322
840,"85","263","BOOK RIDGE",1,84,16,1,1,5206,"book ridge",85263,"BOOK RIDGE",41635.666,41635.66,41635.66,2011,2011,3571,"book ridge",1,2.45991197834566
840,"85","267","GILSON BUTTE 2",1,87,16,1,1,5207,"gilson butte 2",85267,"GILSON BUTTE 2",57500.674,57500.67,57500.67,2011,2011,3572,"gilson butte 2",1,1.7428577124529
840,"85","268","La Sal 2",0,84,16,1,1,5208,"la sal 2",85168,"LA SAL",61461.8,61461.8,61461.8,1998,1998,3559,"la sal",0.916666666666667,0.139907292421974
840,"85","301","GOOSE CREEK MTN.",1,88,9,1,1,5209,"goose creek mtn",85301,"GOOSE CREEK MTN.",44719.7,44719.7,44719.7,1998,1998,3574,"goose creek mtn",1,1.74701817584442
840,"85","302","SNOWVILLE",1,80,9,1,1,5210,"snowville",85302,"SNOWVILLE",48533.6,48533.6,48533.6,1998,1998,3575,"snowville",1,1.18974186936212
840,"85","303","BROWNS HOLE",0,88,16,1,1,5211,"browns hole",85303,"BROWNS HOLE",43256.5,43256.5,43256.5,1998,1998,3576,"browns hole",1,41.1170813137048
840,"85","304","CLIVE",1,80,9,1,1,5212,"clive",85304,"CLIVE",45994.4,45994.4,45994.4,1998,1998,3577,"clive",1,0.277919653401389
840,"85","305","GRANTSVILLE",1,80,9,1,1,5213,"grantsville",85305,"GRANTSVILLE",40633.6,40633.6,40633.6,1998,1998,3578,"grantsville",1,91.8984005782077
840,"85","306","KAMAS",1,62,16,1,1,5214,"kamas",85306,"KAMAS",59405.7,59405.7,59405.7,1998,1998,3579,"kamas",1,1.71827753168562
840,"85","307","HANNA",1,84,16,1,1,5215,"hanna",85307,"HANNA",58481.6,58481.6,58481.6,1998,1998,3580,"hanna",1,1.05528968934372
840,"85","309","GANDY",1,88,9,1,1,5217,"gandy",85309,"GANDY",57397.7,57397.7,57397.7,1998,1998,3582,"gandy",1,2.34644275561901
840,"85","310","JERICHO JUNCTION",1,88,9,1,1,5218,"jericho junction",85310,"JERICHO JUNCTION",53329.5,53329.5,53329.5,1998,1998,3583,"jericho junction",1,1.31015982379777
840,"85","311","FERRON",1,62,16,1,1,5219,"ferron",85311,"FERRON",77632.1,77632.1,77632.1,1998,1998,3584,"ferron",1,24.0995650243721
840,"85","313","WESTWATER",1,87,16,1,1,5221,"westwater",85313,"WESTWATER",46482.4,46482.4,46482.4,1998,1998,3586,"westwater",1,65.443227819748
840,"85","314","TULE VALLEY",1,80,9,1,1,5222,"tule valley",85314,"TULE VALLEY",45413.7,45413.7,45413.7,1998,1998,3587,"tule valley",1,1.77582562797897
840,"85","315","PINE CREEK",1,88,9,1,1,5223,"pine creek",85315,"PINE CREEK",69579.8,69579.8,69579.8,1998,1998,3588,"pine creek",1,813.05534680956
840,"85","316","BICKNELL",1,84,16,1,1,5224,"bicknell",85316,"BICKNELL",58230.6,58230.6,58230.6,1998,1998,3589,"bicknell",1,504.674142815272
840,"85","317","GREEN RIVER",1,87,16,1,1,5225,"green river",85317,"GREEN RIVER",50808.9,50808.9,50808.9,1998,1998,3590,"green river",1,345.583601653322
840,"85","320","ALTON",0,84,16,1,1,5228,"alton",85320,"ALTON",54934.2,54934.2,54934.2,1998,1998,3593,"alton",1,36.451308964493
840,"85","321","ESCALANTE",1,84,16,1,1,5229,"escalante",85321,"ESCALANTE",46859.4,46859.4,46859.4,1998,1998,3594,"escalante",1,0.704213219183899
840,"85","322","BULLFROG BAY",1,87,16,1,1,5230,"bullfrog bay",85322,"BULLFROG BAY",46205.8,46205.8,46205.8,1998,1998,3595,"bullfrog bay",1,56.9436250477629
840,"85","323","MONTICELLO",1,87,16,1,1,5231,"monticello",85323,"MONTICELLO",51840.8,51840.8,51840.8,1998,1998,3596,"monticello",1,1.00410454104906
840,"85","368","La Sal 3",1,84,16,1,1,5232,"la sal 3",85168,"LA SAL",61461.8,61461.8,61461.8,1998,1998,3559,"la sal",0.916666666666667,3.79329549454359
840,"85","420","ALTON 2",1,84,16,1,1,5234,"alton 2",85320,"ALTON",54934.2,54934.2,54934.2,1998,1998,3593,"alton",0.904761904761905,38.6872921773468
840,"85","512","Wellington 3",1,87,16,1,1,5235,"wellington 3",85312,"WELLINGTON",64799.5,64799.5,64799.5,1998,1998,3585,"wellington",0.944444444444444,1.44117652959953
840,"85","901","NEPONSET RES",1,86,10,1,2,5236,"neponset res",85901,"NEPONSET RES",39823.3,39823.3,39823.3,1998,1998,3598,"neponset res",1,6.93632548911149
840,"85","902","LOST CR. RES",1,62,16,1,2,5237,"lost cr res",85902,"LOST CR. RES",33524,33524,33524,1998,1998,3599,"lost cr res",1,51.073394411815
840,"85","903","SALERATUS CR",1,86,10,1,2,5238,"saleratus cr",85903,"SALERATUS CR",37020.9,37020.9,37020.9,1998,1998,3600,"saleratus cr",1,14.2446924337493
840,"85","904","E. BEAR LAKE",1,86,10,1,2,5239,"e bear lake",85904,"E. BEAR LAKE",37979.9,37979.9,37979.9,1998,1998,3601,"e bear lake",1,18.755349151904
840,"85","905","ARCHES NP",0,87,16,1,2,5240,"arches np",85905,"ARCHES NP",48882,48882,48882,1998,1998,3602,"arches np",1,1.46876162722426
840,"85","906","LOGAN CANYON",0,62,16,1,2,5241,"logan canyon",85906,"LOGAN CANYON",38480,38479.9,38479.9,1998,1998,3603,"logan canyon",1,223.95346394405
840,"85","907","RED SPUR MTN.",1,62,16,1,2,5242,"red spur mtn",85907,"RED SPUR MTN.",37322.4,37322.4,37322.4,1998,1998,3604,"red spur mtn",1,0.23821426243185
840,"85","908","BRYCE CANYON",1,84,16,1,2,5243,"bryce canyon",85908,"BRYCE CANYON",44826.9,44826.8,44826.8,1998,1998,3605,"bryce canyon",1,2.18833698927473
840,"85","909","WOODRUFF",1,86,10,1,2,5244,"woodruff",85909,"WOODRUFF",39719.132,39719.13,39719.13,2011,2011,3606,"woodruff",1,7.9623585095862
840,"85","910","CRAWFORD MTS",0,86,10,1,2,5245,"crawford mts",85910,"CRAWFORD MTS",44106.677,44106.67,44106.67,2011,2011,3607,"crawford mts",1,35.2658170050397
840,"85","912","CANYONLANDS",0,87,16,1,2,5246,"canyonlands",85912,"CANYONLANDS",39457.7,39457.7,39457.7,1998,1998,3608,"canyonlands",1,1.37503760088996
840,"87","001","MARLBORO",1,27,14,1,1,5247,"marlboro",87001,"MARLBORO",38783.9,38783.9,38783.9,1998,1998,3609,"marlboro",1,0.58453631909052
840,"87","002","NORTH POWNAL",1,27,13,1,1,5248,"north pownal",87002,"NORTH POWNAL",41017.3,41017.3,41017.3,1998,1998,3610,"north pownal",1,666.656781788509
840,"87","003","STRATTON",1,27,14,1,1,5249,"stratton",87003,"STRATTON",35311.4,35311.4,35311.4,1998,1998,3611,"stratton",1,53.9235463905066
840,"87","004","LANDGROVE",1,27,14,1,1,5250,"landgrove",87004,"LANDGROVE",39449.6,39449.6,39449.6,1998,1998,3612,"landgrove",1,1.06705504021022
840,"87","005","S READING",1,27,14,1,1,5251,"s reading",87005,"S READING",36334.1,36334.1,36334.1,1998,1998,3613,"s reading",1,1.11739628533081
840,"87","006","GAYSVILLE",1,27,14,1,1,5252,"gaysville",87006,"GAYSVILLE",39107.1,39107.1,39107.1,1998,1998,3614,"gaysville",1,372.535020253233
840,"87","007","POST MILLS",1,27,14,1,1,5253,"post mills",87007,"POST MILLS",38349.6,38349.6,38349.6,1998,1998,3615,"post mills",1,32.0473940341772
840,"87","008","SHAFTSBURY",1,27,13,1,1,5254,"shaftsbury",87008,"SHAFTSBURY",38565.6,38565.6,38565.6,1998,1998,3616,"shaftsbury",1,17.2627852772126
840,"87","009","S WALLINGFRD",1,27,14,1,1,5255,"s wallingfrd",87009,"S WALLINGFRD",46460.5,46460.5,46460.5,1998,1998,3617,"s wallingfrd",1,24.2044422000999
840,"87","010","W RUTLAND",1,27,14,1,1,5256,"w rutland",87010,"W RUTLAND",41342,41342,41342,1998,1998,3618,"w rutland",1,174.719903277653
840,"87","011","ST JOHNSBURY",1,28,14,1,1,5257,"st johnsbury",87011,"ST JOHNSBURY",38291,38291,38291,1998,1998,3619,"st johnsbury",1,96.210536333846
840,"87","012","EAST HAVEN",1,28,14,1,1,5258,"east haven",87012,"EAST HAVEN",45094,45094,45094,1998,1998,3620,"east haven",1,0.816113462051845
840,"87","013","NORTHFLD FLS",1,28,14,1,1,5259,"northfld fls",87013,"NORTHFLD FLS",38479,38479,38479,1998,1998,3621,"northfld fls",1,1.16767596435295
840,"87","015","EAST CALAIS",1,28,14,1,1,5261,"east calais",87015,"EAST CALAIS",41612,41612,41612,1998,1998,3623,"east calais",1,54.4853330005929
840,"87","016","NEWBURY",0,28,14,1,1,5262,"newbury",87016,"NEWBURY",38977.7,38977.8,38977.8,1998,1998,3624,"newbury",1,0.788080389893482
840,"87","017","HARDWICK",1,28,14,1,1,5263,"hardwick",87017,"HARDWICK",39855.3,39855.3,39855.3,1998,1998,3625,"hardwick",1,76.662669401767
840,"87","018","GREENSBORO",1,28,14,1,1,5264,"greensboro",87018,"GREENSBORO",43848.2,43848.2,43848.2,1998,1998,3626,"greensboro",1,10.0522789057962
840,"87","019","FLETCHER",1,28,14,1,1,5265,"fletcher",87019,"FLETCHER",40075.6,40075.6,40075.6,1998,1998,3627,"fletcher",1,1.10668386436972
840,"87","020","WATERVILLE",0,28,14,1,1,5266,"waterville",87020,"WATERVILLE",40282.801,40282.8,40282.8,2001,2001,3628,"waterville",1,0.152729821811122
840,"87","022","COLCHESTER",1,18,13,1,1,5268,"colchester",87022,"COLCHESTER",40075.5,40075.5,40075.5,1998,1998,3630,"colchester",1,81.0591020684346
840,"87","023","GRAND ISLE",1,18,13,1,1,5269,"grand isle",87023,"GRAND ISLE",44863,44863,44863,1998,1998,3631,"grand isle",1,756.106309593642
840,"87","116","NEWBURY 2",1,28,14,1,1,5270,"newbury 2",87116,"NEWBURY 2",45416.119,45416.11,45416.11,2011,2011,3632,"newbury 2",1,3.68439368211168
840,"87","120","STOWE",1,28,14,1,1,5271,"stowe",87120,"STOWE",33481.8,33481.8,33481.8,1998,1998,3633,"stowe",1,17.535317520237
840,"87","121","BRISTOL",1,18,13,1,1,5272,"bristol",87121,"BRISTOL",39762.7,39762.7,39762.7,1998,1998,3634,"bristol",1,181.111547687843
840,"88","001","STAR TANNERY",1,13,28,1,1,5273,"star tannery",88001,"STAR TANNERY",39206.6,39206.6,39206.6,1998,1998,3635,"star tannery",1,33.7968740969472
840,"88","002","TAYLORSTOWN",0,10,29,1,1,5274,"taylorstown",88002,"TAYLORSTOWN",39397.8,39397.8,39397.8,1998,1998,3636,"taylorstown",1,0.104268373034112
840,"88","003","W AUGUSTA",1,13,28,1,1,5275,"w augusta",88003,"W AUGUSTA",40320.3,40320.3,40320.3,1998,1998,3637,"w augusta",1,0.721284503376732
840,"88","004","CHURCHVILLE",1,13,28,1,1,5276,"churchville",88004,"CHURCHVILLE",38282.5,38282.5,38282.5,1998,1998,3638,"churchville",1,122.564250071297
840,"88","005","STANLEY",1,13,28,1,1,5277,"stanley",88005,"STANLEY",40950.7,40950.7,40950.7,1998,1998,3639,"stanley",1,0.786846241997814
840,"88","006","TRYME",1,10,29,1,1,5278,"tryme",88006,"TRYME",39700.6,39700.6,39700.6,1998,1998,3640,"tryme",1,32.7862798298113
840,"88","007","EDINBURG",1,13,28,1,1,5279,"edinburg",88007,"EDINBURG",40325.2,40325.2,40325.2,1998,1998,3641,"edinburg",1,0.814277852576375
840,"88","008","JEROME",1,13,28,1,1,5280,"jerome",88008,"JEROME",42405.9,42405.9,42405.9,1998,1998,3642,"jerome",1,49.2729305124964
840,"88","009","GREAT FALLS",0,10,29,1,1,5281,"great falls",88009,"GREAT FALLS",39683.6,39683.6,39683.6,1998,1998,3643,"great falls",1,0.477074488072919
840,"88","010","PORT ROYAL",1,4,30,1,1,5282,"port royal",88010,"PORT ROYAL",39927.2,39927.2,39927.2,1998,1998,3644,"port royal",1,29.4621386180816
840,"88","011","PARTLOW",0,11,29,1,1,5283,"partlow",88011,"PARTLOW",39673,39673,39673,1998,1998,3645,"partlow",1,0.849162408177842
840,"88","012","DAVID",0,11,29,1,1,5284,"david",88012,"DAVID",39431.8,39431.8,39431.8,1998,1998,3646,"david",1,8.92014994339634
840,"88","013","ISOM",1,21,28,1,1,5285,"isom",88013,"ISOM",35497.5,35497.5,35497.5,1998,1998,3647,"isom",1,0.107501641823989
840,"88","014","PUTNAM",1,21,28,1,1,5286,"putnam",88014,"PUTNAM",39200.6,39200.6,39200.6,1998,1998,3648,"putnam",1,0.880960642377951
840,"88","015","COVINGTON",1,13,28,1,1,5287,"covington",88015,"COVINGTON",38113.9,38113.9,38113.9,1998,1998,3649,"covington",1,36.1387235363061
840,"88","016","NEWBERN",0,13,28,1,1,5288,"newbern",88016,"NEWBERN",44476.9,44476.9,44476.9,1998,1998,3650,"newbern",1,0.94967572609876
840,"88","017","FINCASTLE",1,13,28,1,1,5289,"fincastle",88017,"FINCASTLE",32841.7,32841.7,32841.7,1998,1998,3651,"fincastle",1,10.1777456468344
840,"88","018","NATURAL BRID",1,13,28,1,1,5290,"natural brid",88018,"NATURAL BRID",37943.5,37943.5,37943.5,1998,1998,3652,"natural brid",1,63.6904694009066
840,"88","019","AMHERST",1,11,29,1,1,5291,"amherst",88019,"AMHERST",44477.5,44477.5,44477.5,1998,1998,3653,"amherst",1,29.0089962435564
840,"88","021","COVESVILLE",1,11,29,1,1,5293,"covesville",88021,"COVESVILLE",40480.5,40480.4,40480.4,1998,1998,3655,"covesville",1,0.637992757178861
840,"88","022","CARTERS BRDG",0,11,29,1,1,5294,"carters brdg",88022,"CARTERS BRDG",38538.2,38538.2,38538.2,1998,1998,3656,"carters brdg",1,4.71164358665502
840,"88","023","SHIPMAN",1,11,29,1,1,5295,"shipman",88023,"SHIPMAN",40168.9,40168.9,40168.9,1998,1998,3657,"shipman",1,29.1915408402281
840,"88","024","CONCORD",1,11,29,1,1,5296,"concord",88024,"CONCORD",39958.2,39958.2,39958.2,1998,1998,3658,"concord",1,9.55637744508991
840,"88","025","MANNBORO",1,11,29,1,1,5297,"mannboro",88025,"MANNBORO",39860.3,39860.3,39860.3,1998,1998,3659,"mannboro",1,1.23606401719754
840,"88","026","HALL",1,11,29,1,1,5298,"hall",88026,"HALL",38852.6,38852.6,38852.6,1998,1998,3660,"hall",1,0.541532516208924
840,"88","027","WAVERLY",0,14,27,1,1,5299,"waverly",88027,"WAVERLY",32972.5,32972.5,32972.5,1998,1998,3661,"waverly",1,2.49705763878974
840,"88","028","CHURCH ROAD",1,11,29,1,1,5300,"church road",88028,"CHURCH ROAD",40025.9,40025.9,40025.9,1998,1998,3662,"church road",1,1.22983789225315
840,"88","029","WHITE STONE",1,4,30,1,1,5301,"white stone",88029,"WHITE STONE",40184.4,40184.4,40184.4,1998,1998,3663,"white stone",1,7.69751374487252
840,"88","030","SHARPS",1,4,30,1,1,5302,"sharps",88030,"SHARPS",39302.6,39302.6,39302.6,1998,1998,3664,"sharps",1,35.8013103767969
840,"88","031","SURRY",1,4,27,1,1,5303,"surry",88031,"SURRY",39338.1,39338.1,39338.1,1998,1998,3665,"surry",1,0.38446845207645
840,"88","032","QUINBY",1,4,30,1,1,5304,"quinby",88032,"QUINBY",37976,37976,37976,1998,1998,3666,"quinby",1,0.920198458997938
840,"88","033","STICKLEYVILL",0,13,28,1,1,5305,"stickleyvill",88033,"STICKLEYVILL",43605.8,43605.8,43605.8,1998,1998,3667,"stickleyvill",1,1.00977812652078
840,"88","034","CLINCHPORT",0,13,28,1,1,5306,"clinchport",88034,"CLINCHPORT",55003.1,55003.1,55003.1,1998,1998,3668,"clinchport",1,0.565075403698633
840,"88","035","MARION",0,13,28,1,1,5307,"marion",88035,"MARION",39693.9,39693.9,39693.9,1998,1998,3669,"marion",1,43.2076768879151
840,"88","036","SALTVILLE",1,13,28,1,1,5308,"saltville",88036,"SALTVILLE",38440,38440,38440,1998,1998,3670,"saltville",1,34.2457124006046
840,"88","037","ELAMSVILLE",1,23,29,1,1,5309,"elamsville",88037,"ELAMSVILLE",39051.8,39051.8,39051.8,1998,1998,3671,"elamsville",1,1.35698281054527
840,"88","038","IVANHOE",0,23,28,1,1,5310,"ivanhoe",88038,"IVANHOE",38497.9,38497.9,38497.9,1998,1998,3672,"ivanhoe",1,1.15755510494342
840,"88","039","IRISBURG",1,11,29,1,1,5311,"irisburg",88039,"IRISBURG",43606.5,43606.5,43606.5,1998,1998,3673,"irisburg",1,0.90030587704742
840,"88","040","RINGGOLD",1,11,29,1,1,5312,"ringgold",88040,"RINGGOLD",40034,40034,40034,1998,1998,3674,"ringgold",1,23.0596829137219
840,"88","041","WYLLIESBURG",1,11,29,1,1,5313,"wylliesburg",88041,"WYLLIESBURG",41575.3,41575.3,41575.3,1998,1998,3675,"wylliesburg",1,0.901512214036871
840,"88","042","BRODNAX",1,11,29,1,1,5314,"brodnax",88042,"BRODNAX",40524.5,40524.5,40524.5,1998,1998,3676,"brodnax",1,31.2965005176834
840,"88","043","NEWSOMS",1,4,27,1,1,5315,"newsoms",88043,"NEWSOMS",39016.2,39016.2,39016.2,1998,1998,3677,"newsoms",1,0.420538355108744
840,"88","044","BRANCHVILLE",1,4,27,1,1,5316,"branchville",88044,"BRANCHVILLE",38629.8,38629.8,38629.8,1998,1998,3678,"branchville",1,61.7825204645918
840,"88","045","BACKBAY",0,3,27,1,1,5317,"backbay",88045,"BACKBAY",40278,40278,40278,1998,1998,3679,"backbay",1,0.685089705364331
840,"88","046","CORNLAND",0,3,27,1,1,5318,"cornland",88046,"CORNLAND",38490.2,38490.2,38490.2,1998,1998,3680,"cornland",1,0.0714956003871546
840,"88","047","HEBRON",0,23,28,1,1,5319,"hebron",88047,"HEBRON",38953.6,38953.6,38953.6,1998,1998,3681,"hebron",1,0.117309287598368
840,"88","048","PUNGO",1,3,27,1,1,5320,"pungo",88048,"PUNGO",29175.6,29175.6,29175.6,1998,1998,3682,"pungo",1,1.23829957195218
840,"88","050","FINCHLEY",1,11,29,1,1,5322,"finchley",88050,"FINCHLEY",45350.9,45350.9,45350.9,1998,1998,3684,"finchley",1,8.89847175898927
840,"88","051","GLADYS",1,11,29,1,1,5323,"gladys",88051,"GLADYS",44397.1,44397.1,44397.1,1998,1998,3685,"gladys",1,43.7024935977254
840,"88","052","APPOMATTOX",1,11,29,1,1,5324,"appomattox",88052,"APPOMATTOX",40203.3,40203.3,40203.3,1998,1998,3686,"appomattox",1,0.689106983183816
840,"88","102","TAYLORSTOWN 2",1,10,29,1,1,5327,"taylorstown 2",88002,"TAYLORSTOWN",39397.8,39397.8,39397.8,1998,1998,3636,"taylorstown",0.948717948717949,0.0354845157589281
840,"88","116","BLACKSBURG",1,13,28,1,1,5328,"blacksburg",88116,"BLACKSBURG",38512.9,38512.9,38512.9,1998,1998,3687,"blacksburg",1,86.0502070469698
840,"88","122","CARTERS BRDG 2",1,11,29,1,1,5329,"carters brdg 2",88022,"CARTERS BRDG",38538.2,38538.2,38538.2,1998,1998,3656,"carters brdg",0.952380952380952,1.47414987228097
840,"88","127","NEWVILLE",1,4,27,1,1,5330,"newville",88127,"NEWVILLE",44808.2,44808.2,44808.2,1998,1998,3688,"newville",1,7.77476368997583
840,"88","133","DRYDEN",1,13,28,1,1,5331,"dryden",88133,"DRYDEN",44506.8,44506.8,44506.8,1998,1998,3689,"dryden",1,32.4028385154678
840,"88","134","NAT TUNNEL",1,13,28,1,1,5332,"nat tunnel",88134,"NAT TUNNEL",39137.7,39137.7,39137.7,1998,1998,3690,"nat tunnel",1,1.16261874295872
840,"88","135","RURAL RETRT",1,13,28,1,1,5333,"rural retrt",88135,"RURAL RETRT",37617.5,37617.5,37617.5,1998,1998,3691,"rural retrt",1,0.715536521739426
840,"88","147","Hebron 2",1,23,28,1,1,5334,"hebron 2",88047,"HEBRON",38953.6,38953.6,38953.6,1998,1998,3681,"hebron",0.916666666666667,0.117309287598368
840,"88","900","BALD KNOB",1,13,28,1,2,5335,"bald knob",88900,"BALD KNOB",39466,39466,39466,1998,1998,3692,"bald knob",1,2.20859309903877
840,"88","901","GR NORTH MTN",1,13,28,1,2,5336,"gr north mtn",88901,"GR NORTH MTN",42931,42930.9,42930.9,1998,1998,3693,"gr north mtn",1,1.14733660810986
840,"88","902","GLENWOOD",1,13,28,1,2,5337,"glenwood",88902,"GLENWOOD",40482.9,40482.9,40482.9,1998,1998,3694,"glenwood",1,0.706159288993313
840,"88","903","NEW MARKET",1,13,28,1,2,5338,"new market",88903,"NEW MARKET",41219.7,41219.7,41219.7,1998,1998,3695,"new market",1,25.4504037810016
840,"88","904","DOUTHAT",0,13,28,1,2,5339,"douthat",88904,"DOUTHAT",42978.8,42978.8,42978.8,1998,1998,3696,"douthat",1,0.859212413094899
840,"88","905","POTTS MTN.",0,13,28,1,2,5340,"potts mtn",88905,"POTTS MTN.",39490.2,39490.1,39490.1,1998,1998,3697,"potts mtn",1,435.882875698515
840,"88","906","MOUNTAIN LK.",0,13,28,1,2,5341,"mountain lk",88906,"MOUNTAIN LK.",38345.6,38345.5,38345.5,1998,1998,3698,"mountain lk",1,0.675829603508411
840,"88","907","SHENANDOA NP",1,13,28,1,2,5342,"shenandoa np",88907,"SHENANDOA NP",38165.3,38165.3,38165.3,1998,1998,3699,"shenandoa np",1,647.613680146232
840,"88","908","FT PICKETT N",0,11,29,1,2,5343,"ft pickett n",88908,"FT PICKETT N",32869.6,32869.5,32869.5,1998,1998,3700,"ft pickett n",1,1.14631313937765
840,"88","909","FT PICKETT S",0,11,29,1,2,5344,"ft pickett s",88909,"FT PICKETT S",38274.6,38274.6,38274.6,1998,1998,3701,"ft pickett s",1,0.191509384232362
840,"88","910","GLOUCESTER",1,4,30,1,2,5345,"gloucester",88910,"GLOUCESTER",41764.5,41764.5,41764.5,1998,1998,3702,"gloucester",1,37.1924520561527
840,"88","911","WALKERS",1,4,30,1,2,5346,"walkers",88911,"WALKERS",37475.2,37475.2,37475.2,1998,1998,3703,"walkers",1,1.06344142351136
840,"88","912","PW FOREST PK",0,11,29,1,2,5347,"pw forest pk",88912,"PW FOREST PK",33438.6,33438.6,33438.6,1998,1998,3704,"pw forest pk",1,88.1106962347275
840,"88","913","COLONIAL PKY",0,4,30,1,2,5348,"colonial pky",88913,"COLONIAL PKY",40893.3,40893.3,40893.3,1998,1998,3705,"colonial pky",1,0.831858852770586
840,"88","914","TRUHART",1,4,30,1,2,5349,"truhart",88914,"TRUHART",42794.7,42794.7,42794.7,1998,1998,3706,"truhart",1,1.05329739912676
840,"88","915","BRANDON",1,4,30,1,2,5350,"brandon",88915,"BRANDON",38015.5,38015.5,38015.5,1998,1998,3707,"brandon",1,1.09085152348458
840,"88","916","CHINCOTEAG W",1,4,30,1,2,5351,"chincoteag w",88916,"CHINCOTEAG W",40614,40614,40614,1998,1998,3708,"chincoteag w",1,61.7363672009186
840,"88","917","CAPE CHARLES",0,4,30,1,2,5352,"cape charles",88917,"CAPE CHARLES",41636.2,41636.1,41636.1,1998,1998,3709,"cape charles",1,92.5769850114852
840,"88","918","DISMAL SWAMP",0,3,27,1,2,5353,"dismal swamp",88918,"DISMAL SWAMP",38949.1,38949.1,38949.1,1998,1998,3710,"dismal swamp",1,0.907836539757531
840,"88","919","QUANTICO",0,4,29,1,2,5354,"quantico",88919,"QUANTICO",40482.2,40482.2,40482.2,1998,1998,3711,"quantico",1,0.759006154672819
840,"88","920","IRON MTN.",0,23,28,1,2,5355,"iron mtn",88920,"IRON MTN.",37754.8,37754.7,37754.7,1998,1998,3712,"iron mtn",1,1.24445060274729
840,"88","921","BIG MEADOWS",1,13,28,1,2,5356,"big meadows",88921,"BIG MEADOWS",38455.2,38455.2,38455.2,1998,1998,3713,"big meadows",1,27.6814973274294
840,"88","922","LOFT MTN",1,13,28,1,2,5357,"loft mtn",88922,"LOFT MTN",39485.2,39485.2,39485.2,1998,1998,3714,"loft mtn",1,28.6168155599529
840,"88","923","FRONT ROYAL",1,13,28,1,2,5358,"front royal",88923,"FRONT ROYAL",39970.7,39970.7,39970.7,1998,1998,3715,"front royal",1,167.012873873493
840,"88","924","PINE MTN.",1,21,28,1,2,5359,"pine mtn",88924,"PINE MTN.",37010.9,37011,37011,1998,1998,3716,"pine mtn",1,0.715012123372414
840,"88","925","IRON MOUNTAIN 2",0,23,28,1,2,5360,"iron mountain 2",88920,"IRON MTN.",37754.8,37754.7,37754.7,1998,1998,3712,"iron mtn",0.802777777777778,1.29183104318578
840,"88","926","IRON MOUNTAIN 3",1,23,28,1,2,5361,"iron mountain 3",88920,"IRON MTN.",37754.8,37754.7,37754.7,1998,1998,3712,"iron mtn",0.802777777777778,1.29183104318578
840,"88","927","Dismal Swamp 2",1,3,27,1,2,5362,"dismal swamp 2",88918,"DISMAL SWAMP",38949.1,38949.1,38949.1,1998,1998,3710,"dismal swamp",0.952380952380952,320.809631694677
840,"89","001","OZETTE",1,93,5,1,1,5363,"ozette",89001,"OZETTE",40404.9,40404.9,40404.9,1998,1998,3717,"ozette",1,1.22799149931803
840,"89","002","PORT ANGELES",1,93,5,1,1,5364,"port angeles",89002,"PORT ANGELES",46232.5,46232.5,46232.5,1998,1998,3718,"port angeles",1,0.364629416365872
840,"89","003","WARM BEACH",0,93,5,1,1,5365,"warm beach",89003,"WARM BEACH",43971.5,43971.5,43971.5,1998,1998,3719,"warm beach",1,1.34490412152009
840,"89","004","NEWHALEM",1,67,9,1,1,5366,"newhalem",89004,"NEWHALEM",38308.6,38308.6,38308.6,1998,1998,3720,"newhalem",1,170.695250574052
840,"89","005","TWISP",1,85,9,1,1,5367,"twisp",89005,"TWISP",42734.4,42734.4,42734.4,1998,1998,3721,"twisp",1,1.23971012328768
840,"89","006","BREWSTER",1,89,9,1,1,5368,"brewster",89006,"BREWSTER",43399.2,43399.2,43399.2,1998,1998,3722,"brewster",1,1.25436024945061
840,"89","007","KELLER",0,64,10,1,1,5369,"keller",89007,"KELLER",41198.7,41198.7,41198.7,1998,1998,3723,"keller",1,36.7509847933808
840,"89","008","CHEWELAH",1,64,10,1,1,5370,"chewelah",89008,"CHEWELAH",38929.7,38929.7,38929.7,1998,1998,3724,"chewelah",1,0.748665684997688
840,"89","009","TAHOLAH",1,93,5,1,1,5371,"taholah",89009,"TAHOLAH",40692.7,40692.7,40692.7,1998,1998,3725,"taholah",1,0.501077936143522
840,"89","010","KAMILCHE",1,93,5,1,1,5372,"kamilche",89010,"KAMILCHE",45912.1,45912.1,45912.1,1998,1998,3726,"kamilche",1,7.23767303362343
840,"89","011","ISSAQUAH",0,93,5,1,1,5373,"issaquah",89011,"ISSAQUAH",40495.387,40495.39,40495.39,2001,2001,3727,"issaquah",1,110.507124798115
840,"89","012","INDEX",0,67,9,1,1,5374,"index",89012,"INDEX",42840.898,42840.9,42840.9,2001,2001,3728,"index",1,7.23103042657614
840,"89","013","ARDENVOIR",0,85,9,1,1,5375,"ardenvoir",89013,"ARDENVOIR",38018.664,38018.66,38018.66,2001,2001,3729,"ardenvoir",1,0.707981525690641
840,"89","014","MOSES LAKE",1,89,9,1,1,5376,"moses lake",89014,"MOSES LAKE",42541.4,42541.4,42541.4,1998,1998,3730,"moses lake",1,1.58119823851015
840,"89","015","HARRINGTON",1,89,9,1,1,5377,"harrington",89015,"HARRINGTON",38922.5,38922.5,38922.5,1998,1998,3731,"harrington",1,1.27246657209414
840,"89","016","REARDAN",1,65,9,1,1,5378,"reardan",89016,"REARDAN",37742.4,37742.4,37742.4,1998,1998,3732,"reardan",1,0.834430423688115
840,"89","017","BUNKER HILL",1,93,5,1,1,5379,"bunker hill",89017,"BUNKER HILL",35667.3,35667.3,35667.3,1998,1998,3733,"bunker hill",1,0.152818413486037
840,"89","018","COUGAR",1,67,5,1,1,5380,"cougar",89018,"COUGAR",41247,41247,41247,1998,1998,3734,"cougar",1,1.37939186292455
840,"89","019","RIMROCK",1,67,9,1,1,5381,"rimrock",89019,"RIMROCK",39998,39998,39998,1998,1998,3735,"rimrock",1,0.955820625591591
840,"89","020","WAPATO",1,89,9,1,1,5382,"wapato",89020,"WAPATO",41474.6,41474.6,41474.6,1998,1998,3736,"wapato",1,0.246518052505994
840,"89","021","MERCER",1,89,9,1,1,5383,"mercer",89021,"MERCER",39886.7,39886.7,39886.7,1998,1998,3737,"mercer",1,0.164799486686098
840,"89","022","CONNELL",1,89,9,1,1,5384,"connell",89022,"CONNELL",42013.4,42013.4,42013.4,1998,1998,3738,"connell",1,1.70475312824417
840,"89","023","ASOTIN",1,65,9,1,1,5385,"asotin",89023,"ASOTIN",41049.4,41049.4,41049.4,1998,1998,3739,"asotin",1,0.361980240716053
840,"89","024","CAMAS",0,98,5,1,1,5386,"camas",89024,"CAMAS",42203,42203,42203,1998,1998,3740,"camas",1,1.16067057825353
840,"89","025","SNOWDEN",1,85,9,1,1,5387,"snowden",89025,"SNOWDEN",39523.3,39523.3,39523.3,1998,1998,3741,"snowden",1,1.28243746599845
840,"89","026","BICKLETON",1,89,9,1,1,5388,"bickleton",89026,"BICKLETON",40002,40002,40002,1998,1998,3742,"bickleton",1,1.15137983146126
840,"89","027","KENDALL",1,93,9,1,1,5389,"kendall",89027,"KENDALL",40455.6,40455.6,40455.6,1998,1998,3743,"kendall",1,1.48481019874818
840,"89","028","GLACIER",1,67,9,1,1,5390,"glacier",89028,"GLACIER",43803.9,43803.9,43803.9,1998,1998,3744,"glacier",1,1.35328625876783
840,"89","029","WINTHROP",1,67,9,1,1,5391,"winthrop",89029,"WINTHROP",40489,40489,40489,1998,1998,3745,"winthrop",1,1.18253422554201
840,"89","030","TONASKET",1,85,9,1,1,5392,"tonasket",89030,"TONASKET",40142.3,40142.3,40142.3,1998,1998,3746,"tonasket",1,1.08096006203968
840,"89","031","TWIN LAKES",1,64,10,1,1,5393,"twin lakes",89031,"TWIN LAKES",37721,37721,37721,1998,1998,3747,"twin lakes",1,0.19967986359442
840,"89","032","CUSICK",1,64,10,1,1,5394,"cusick",89032,"CUSICK",40101.3,40101.3,40101.3,1998,1998,3748,"cusick",1,1.33195671158178
840,"89","033","NEILTON",0,93,5,1,1,5395,"neilton",89033,"NEILTON",45740.246,45740.25,45740.25,2001,2001,3749,"neilton",1,1.29180325702859
840,"89","034","EVERETT",1,93,5,1,1,5396,"everett",89034,"EVERETT",40414.8,40414.8,40414.8,1998,1998,3750,"everett",1,25.8223296784929
840,"89","035","RONALD",1,67,9,1,1,5397,"ronald",89035,"RONALD",39592.8,39592.8,39592.8,1998,1998,3751,"ronald",1,1.23153936765983
840,"89","036","LEAVENWORTH",1,85,9,1,1,5398,"leavenworth",89036,"LEAVENWORTH",40285,40285,40285,1998,1998,3752,"leavenworth",1,1.13266788065919
840,"89","037","QUINCY",1,89,9,1,1,5399,"quincy",89037,"QUINCY",40249.2,40249.2,40249.2,1998,1998,3753,"quincy",1,1.57960167099583
840,"89","038","WILBUR",1,89,9,1,1,5400,"wilbur",89038,"WILBUR",39739.9,39739.9,39739.9,1998,1998,3754,"wilbur",1,0.598996990754872
840,"89","039","EWAN",0,65,9,1,1,5401,"ewan",89039,"EWAN",40035.9,40035.9,40035.9,1998,1998,3755,"ewan",1,0.789807144345225
840,"89","040","ILWACO",1,93,5,1,1,5402,"ilwaco",89040,"ILWACO",43605.1,43605.1,43605.1,1998,1998,3756,"ilwaco",1,16.5500551319725
840,"89","041","SOUTH ELMA",1,93,5,1,1,5403,"south elma",89041,"SOUTH ELMA",54314.2,54314.2,54314.2,1998,1998,3757,"south elma",1,41.6688929872301
840,"89","042","MENDOTA",0,93,5,1,1,5404,"mendota",89042,"MENDOTA",34945.5,34945.5,34945.5,1998,1998,3758,"mendota",1,1.18492978104684
840,"89","043","PACKWOOD",1,67,5,1,1,5405,"packwood",89043,"PACKWOOD",43660.1,43660.1,43660.1,1998,1998,3759,"packwood",1,0.94866858902277
840,"89","044","ELLENSBURG",1,85,9,1,1,5406,"ellensburg",89044,"ELLENSBURG",39866.9,39866.9,39866.9,1998,1998,3760,"ellensburg",1,0.932490584604356
840,"89","045","OTHELLO",0,89,9,1,1,5407,"othello",89045,"OTHELLO",40325.219,40325.22,40325.22,2001,2001,3761,"othello",1,0.529149272705928
840,"89","046","PRESCOTT",1,89,9,1,1,5408,"prescott",89046,"PRESCOTT",41539.4,41539.4,41539.4,1998,1998,3762,"prescott",1,0.950945244392056
840,"89","047","SPRING LAKE",1,65,10,1,1,5409,"spring lake",89047,"SPRING LAKE",39196.5,39196.5,39196.5,1998,1998,3763,"spring lake",1,1.34091801153226
840,"89","048","WHITE CHUCK",1,67,9,1,1,5410,"white chuck",89048,"WHITE CHUCK",43315,43315,43315,1998,1998,3764,"white chuck",1,50.8778945295419
840,"89","049","CARLTON",1,67,9,1,1,5411,"carlton",89049,"CARLTON",49836.4,49836.4,49836.4,1998,1998,3765,"carlton",1,43.037318710383
840,"89","050","NIGHTHAWK",1,85,9,1,1,5412,"nighthawk",89050,"NIGHTHAWK",49232.7,49232.7,49232.7,1998,1998,3766,"nighthawk",1,71.1111228694662
840,"89","051","CURLEW",1,64,10,1,1,5413,"curlew",89051,"CURLEW",48335.5,48335.5,48335.5,1998,1998,3767,"curlew",1,1.14140173120273
840,"89","052","SULLIVAN LK",0,64,10,1,1,5414,"sullivan lk",89052,"SULLIVAN LK",41016.9,41016.9,41016.9,1998,1998,3768,"sullivan lk",1,49.4314811671904
840,"89","053","HURRICANE RG",1,93,5,1,1,5415,"hurricane rg",89053,"HURRICANE RG",50638.4,50638.4,50638.4,1998,1998,3769,"hurricane rg",1,746.013171504205
840,"89","054","CEDAR FALLS",0,67,5,1,1,5416,"cedar falls",89054,"CEDAR FALLS",40545.8,40545.8,40545.8,1998,1998,3770,"cedar falls",1,1.42125946905331
840,"89","055","BLEWETT PASS",1,85,9,1,1,5417,"blewett pass",89055,"BLEWETT PASS",42406.1,42406.1,42406.1,1998,1998,3771,"blewett pass",1,0.631189877680765
840,"89","056","HARTLINE",1,89,9,1,1,5418,"hartline",89056,"HARTLINE",41587.9,41587.9,41587.9,1998,1998,3772,"hartline",1,1.28592946043177
840,"89","057","KEYSTONE",1,89,9,1,1,5419,"keystone",89057,"KEYSTONE",43142.7,43142.7,43142.7,1998,1998,3773,"keystone",1,289.549354708098
840,"89","058","MALDEN",1,65,9,1,1,5420,"malden",89058,"MALDEN",45319.1,45319.1,45319.1,1998,1998,3774,"malden",1,1.26082770328383
840,"89","059","RAYMOND",0,93,5,1,1,5421,"raymond",89059,"RAYMOND",45426.6,45426.6,45426.6,1998,1998,3775,"raymond",1,224.225466448838
840,"89","060","MT ST HELENS",1,67,5,1,1,5422,"mt st helens",89060,"MT ST HELENS",41105.8,41105.8,41105.8,1998,1998,3776,"mt st helens",1,42.398582289958
840,"89","061","MT RAINIER",1,67,5,1,1,5423,"mt rainier",89061,"MT RAINIER",38997.5,38997.5,38997.5,1998,1998,3777,"mt rainier",1,0.0352212279546274
840,"89","062","HARWOOD",0,89,9,1,1,5424,"harwood",89062,"HARWOOD",42908.707,42908.71,42908.71,2001,2001,3778,"harwood",1,0.124338034354906
840,"89","063","POTHOLES",1,89,9,1,1,5425,"potholes",89063,"POTHOLES",42741.1,42741.1,42741.1,1998,1998,3779,"potholes",1,41.2241990477713
840,"89","064","HATTON",0,89,9,1,1,5426,"hatton",89064,"HATTON",45282.25,45282.25,45282.25,2001,2001,3780,"hatton",1,1.32940569938979
840,"89","065","POMEROY",1,65,9,1,1,5427,"pomeroy",89065,"POMEROY",49208.4,49208.4,49208.4,1998,1998,3781,"pomeroy",1,1.08242556479138
840,"89","066","BAY VIEW",0,93,5,1,1,5428,"bay view",89066,"BAY VIEW",44874.6,44874.6,44874.6,1998,1998,3782,"bay view",1,1.33017619071919
840,"89","067","SUIATTLE RIV",0,67,9,1,1,5429,"suiattle riv",89067,"SUIATTLE RIV",42006.3,42006.3,42006.3,1998,1998,3783,"suiattle riv",1,6.27530033295748
840,"89","068","MAZAMA",1,67,9,1,1,5430,"mazama",89068,"MAZAMA",40923,40923,40923,1998,1998,3784,"mazama",1,27.7138000902297
840,"89","069","OMAK CREEK",1,64,10,1,1,5431,"omak creek",89069,"OMAK CREEK",44932.2,44932.2,44932.2,1998,1998,3785,"omak creek",1,9.55480098110915
840,"89","070","LAURIER",1,64,10,1,1,5432,"laurier",89070,"LAURIER",45811.9,45811.9,45811.9,1998,1998,3786,"laurier",1,29.0623664926971
840,"89","071","NORTHPORT",1,64,10,1,1,5433,"northport",89071,"NORTHPORT",52770.3,52770.3,52770.3,1998,1998,3787,"northport",1,18.8455991820725
840,"89","072","MUKILTEO",1,93,5,1,1,5434,"mukilteo",89072,"MUKILTEO",40870,40870,40870,1998,1998,3788,"mukilteo",1,1.49825073565028
840,"89","073","INDEX",0,67,9,1,1,5435,"index",89073,"INDEX",42875,42875,42875,1998,1998,3789,"index",1,57.7452817189903
840,"89","074","L. WENATCHEE",1,67,9,1,1,5436,"l wenatchee",89074,"L. WENATCHEE",42773.8,42773.8,42773.8,1998,1998,3790,"l wenatchee",1,1.2444395896334
840,"89","075","MOSES COULEE",1,89,9,1,1,5437,"moses coulee",89075,"MOSES COULEE",45593.5,45593.5,45593.5,1998,1998,3791,"moses coulee",1,6.95149501466528
840,"89","076","ODESSA",1,89,9,1,1,5438,"odessa",89076,"ODESSA",43448,43448,43448,1998,1998,3792,"odessa",1,1.29153637368286
840,"89","077","DEER PARK",1,64,10,1,1,5439,"deer park",89077,"DEER PARK",45834.8,45834.8,45834.8,1998,1998,3793,"deer park",1,35.2351707440705
840,"89","078","PE ELL",1,93,5,1,1,5440,"pe ell",89078,"PE ELL",41977.4,41977.4,41977.4,1998,1998,3794,"pe ell",1,54.7666085317099
840,"89","080","MT. ADAMS",1,67,5,1,1,5442,"mt adams",89080,"MT. ADAMS",40103,40103,40103,1998,1998,3796,"mt adams",1,1.26733899435108
840,"89","082","MESA",0,89,9,1,1,5444,"mesa",89082,"MESA",40020.8,40020.8,40020.8,1998,1998,3798,"mesa",1,6.9052980128575
840,"89","083","WALLA WALLA",0,89,9,1,1,5445,"walla walla",89083,"WALLA WALLA",44432,44432,44432,1998,1998,3799,"walla walla",1,1.20072268923556
840,"89","084","CLOVERLAND",1,65,10,1,1,5446,"cloverland",89084,"CLOVERLAND",43678.9,43678.9,43678.9,1998,1998,3800,"cloverland",1,0.35075357885503
840,"89","103","WARM BEACH 2",1,93,5,1,1,5449,"warm beach 2",89003,"WARM BEACH",43971.5,43971.5,43971.5,1998,1998,3719,"warm beach",0.944444444444444,1.40589984550691
840,"89","111","CARNATION",1,93,5,1,1,5450,"carnation",89111,"CARNATION",40713.8,40713.8,40713.8,1998,1998,3801,"carnation",1,59.5412265343979
840,"89","113","LAKE CHELAN",1,85,9,1,1,5451,"lake chelan",89113,"LAKE CHELAN",50245.5,50245.5,50245.5,1998,1998,3802,"lake chelan",1,0.577345175515055
840,"89","133","MONTESAND",1,93,5,1,1,5452,"montesand",89133,"MONTESAND",48794.5,48794.5,48794.5,1998,1998,3803,"montesand",1,48.2816840799356
840,"89","139","Ewan 2",1,65,9,1,1,5453,"ewan 2",89039,"EWAN",40035.9,40035.9,40035.9,1998,1998,3755,"ewan",0.888888888888889,0.790290131856402
840,"89","142","MENDOTA 2",0,93,5,1,1,5454,"mendota 2",89142,"MENDOTA 2",40366.81,40366.81,40366.81,2011,2011,3804,"mendota 2",1,0.316963329827365
840,"89","145","COLUMBIA NWR",1,89,9,1,1,5455,"columbia nwr",89145,"COLUMBIA NWR",40102.4,40102.4,40102.4,1998,1998,3805,"columbia nwr",1,0.578392249104408
840,"89","147","ECKLER MTN.",0,65,10,1,1,5456,"eckler mtn",89147,"ECKLER MTN.",41817.4,41817.4,41817.4,1998,1998,3806,"eckler mtn",1,0.90598961773895
840,"89","152","SULLIVAN LAKE 2",1,64,10,1,1,5457,"sullivan lake 2",89152,"SULLIVAN LAKE 2",64041.711,64041.71,64041.71,2001,2001,3807,"sullivan lake 2",1,118.589152435023
840,"89","162","POMONA",0,89,9,1,1,5459,"pomona",89162,"POMONA",56825.906,56825.91,56825.91,2001,2001,3808,"pomona",1,0.0462553587492158
840,"89","164","SULPHUR",1,89,9,1,1,5460,"sulphur",89164,"SULPHUR",47302.1,47302.1,47302.1,1998,1998,3809,"sulphur",1,1.48601258722299
840,"89","182","Scootney Reservoir",1,89,9,1,1,5462,"scootney reservoir",89182,"SCOOTNEY RESERVOIR",39791.221,39791.21,39791.21,2011,2011,3810,"scootney reservoir",1,0.871456314739311
840,"89","183","WAITSBURG",1,65,9,1,1,5463,"waitsburg",89183,"WAITSBURG",44914.9,44914.9,44914.9,1998,1998,3811,"waitsburg",1,0.18601825776004
840,"89","242","MENDOTA 3",1,93,5,1,1,5464,"mendota 3",89142,"MENDOTA 2",40366.81,40366.81,40366.81,2011,2011,3804,"mendota 2",0.925925925925926,0.316963329827365
840,"89","262","SELAH",1,89,9,1,1,5465,"selah",89262,"SELAH",41547.566,41547.57,41547.57,2001,2001,3812,"selah",1,0.700828250132341
840,"89","900","HANFORD SITE",0,89,9,1,2,5466,"hanford site",89900,"HANFORD SITE",40075.4,40075.4,40075.4,1998,1998,3813,"hanford site",1,63.7291186786567
840,"89","901","ARID LAND ER",0,89,9,1,2,5467,"arid land er",89901,"ARID LAND ER",44949.6,44949.6,44949.6,1998,1998,3814,"arid land er",1,0.989670047977668
840,"89","903","NO CASCADES",0,67,9,1,2,5469,"no cascades",89903,"NO CASCADES",39915.4,39915.4,39915.4,1998,1998,3816,"no cascades",1,12.8431608169864
840,"89","904","VERLOT",0,67,9,1,2,5470,"verlot",89904,"VERLOT",41735.1,41735.1,41735.1,1998,1998,3817,"verlot",1,0.508633515601855
840,"89","905","DECEPTION",0,93,5,1,2,5471,"deception",89905,"DECEPTION",42858.7,42858.7,42858.7,1998,1998,3818,"deception",1,116.688164546913
840,"89","906","TURNBULL NWR",1,65,9,1,2,5472,"turnbull nwr",89906,"TURNBULL NWR",39752,39752,39752,1998,1998,3819,"turnbull nwr",1,39.0607016468262
840,"89","907","VASHON IS.",1,93,5,1,2,5473,"vashon is",89907,"VASHON IS.",39631.6,39631.6,39631.6,1998,1998,3820,"vashon is",1,1.37230211537271
840,"89","908","L PEND O NWR",1,64,10,1,2,5474,"l pend o nwr",89908,"L PEND O NWR",38579,38579,38579,1998,1998,3821,"l pend o nwr",1,1.35995178235633
840,"89","909","E. MT. ADAMS",1,67,9,1,2,5475,"e mt adams",89909,"E. MT. ADAMS",38735.4,38735.4,38735.4,1998,1998,3822,"e mt adams",1,0.721447818869151
840,"89","910","MCCHORD",0,93,5,1,2,5476,"mcchord",89910,"MCCHORD",37378.2,37378.2,37378.2,1998,1998,3823,"mcchord",1,1.11929936971114
840,"89","950","RICHLAND",1,89,9,1,2,5477,"richland",89950,"RICHLAND",44821.613,44821.61,44821.61,2011,2011,3824,"richland",1,2.04936326552621
840,"89","951","HORN RAPIDS",1,89,9,1,2,5478,"horn rapids",89951,"HORN RAPIDS",44029.921,44029.92,44029.92,2011,2011,3825,"horn rapids",1,10.8645408870033
840,"90","001","HIX",1,22,28,1,1,5479,"hix",90001,"HIX",41472.7,41472.7,41472.7,1998,1998,3826,"hix",1,3.44574478462778
840,"90","002","SMOOT",1,22,28,1,1,5480,"smoot",90002,"SMOOT",39776.3,39776.3,39776.3,1998,1998,3827,"smoot",1,30.6236486163176
840,"90","003","PEDRO",1,13,28,1,1,5481,"pedro",90003,"PEDRO",38587.4,38587.4,38587.4,1998,1998,3828,"pedro",1,0.777471752276109
840,"90","004","STOLLINGS",1,21,28,1,1,5482,"stollings",90004,"STOLLINGS",38016.5,38016.5,38016.5,1998,1998,3829,"stollings",1,26.4612210983073
840,"90","005","BRAMWELL",1,21,28,1,1,5483,"bramwell",90005,"BRAMWELL",40398.7,40398.7,40398.7,1998,1998,3830,"bramwell",1,13.8798201580396
840,"90","006","GHENT",1,21,28,1,1,5484,"ghent",90006,"GHENT",43098.1,43098.1,43098.1,1998,1998,3831,"ghent",1,0.924809821761312
840,"90","007","HANOVER",1,21,28,1,1,5485,"hanover",90007,"HANOVER",39074.2,39074.2,39074.2,1998,1998,3832,"hanover",1,1.17614410799579
840,"90","008","CLEAR CREEK",1,21,28,1,1,5486,"clear creek",90008,"CLEAR CREEK",42264.2,42264.2,42264.2,1998,1998,3833,"clear creek",1,0.726474463632555
840,"90","009","WELCH",1,21,28,1,1,5487,"welch",90009,"WELCH",38194.1,38194.1,38194.1,1998,1998,3834,"welch",1,0.590869806577659
840,"90","010","BREEDEN",1,21,28,1,1,5488,"breeden",90010,"BREEDEN",38161.9,38161.9,38161.9,1998,1998,3835,"breeden",1,0.971586010855451
840,"90","011","PT PLEASANT",1,22,28,1,1,5489,"pt pleasant",90011,"PT PLEASANT",35528.6,35528.6,35528.6,1998,1998,3836,"pt pleasant",1,1.1605690844838
840,"90","012","ARLEE",0,22,28,1,1,5490,"arlee",90012,"ARLEE",35952.289,35952.29,35952.29,2001,2001,3837,"arlee",1,0.645595981184213
840,"90","013","HUBBARDSTOWN",1,22,28,1,1,5491,"hubbardstown",90013,"HUBBARDSTOWN",40290.5,40290.5,40290.5,1998,1998,3838,"hubbardstown",1,5.7327629420603
840,"90","014","SPENCER",1,22,28,1,1,5492,"spencer",90014,"SPENCER",38172.6,38172.6,38172.6,1998,1998,3839,"spencer",1,34.016744111294
840,"90","015","CLENDENIN",1,22,28,1,1,5493,"clendenin",90015,"CLENDENIN",38630,38630,38630,1998,1998,3840,"clendenin",1,135.401890097196
840,"90","016","NICUT",1,22,28,1,1,5494,"nicut",90016,"NICUT",42495.2,42495.2,42495.2,1998,1998,3841,"nicut",1,31.4820187459083
840,"90","017","FAYETTEVILLE",0,22,28,1,1,5495,"fayetteville",90017,"FAYETTEVILLE",39319.3,39319.3,39319.3,1998,1998,3842,"fayetteville",1,0.854090489794743
840,"90","019","PARADISE",1,22,28,1,1,5496,"paradise",90019,"PARADISE",37696.8,37696.8,37696.8,1998,1998,3843,"paradise",1,0.8299494131093
840,"90","020","YAWKEY",1,21,28,1,1,5497,"yawkey",90020,"YAWKEY",40731.2,40731.2,40731.2,1998,1998,3844,"yawkey",1,6.54677316457836
840,"90","022","CANAAN",1,24,28,1,1,5499,"canaan",90022,"CANAAN",40223.9,40223.9,40223.9,1998,1998,3846,"canaan",1,0.721769830560221
840,"90","023","VALLEY HEAD",1,24,28,1,1,5500,"valley head",90023,"VALLEY HEAD",39166.4,39166.4,39166.4,1998,1998,3847,"valley head",1,293.064548712269
840,"90","024","THREE FORKS",1,24,28,1,1,5501,"three forks",90024,"THREE FORKS",38643.1,38643.1,38643.1,1998,1998,3848,"three forks",1,0.873540086920272
840,"90","025","SUTTON",1,22,28,1,1,5502,"sutton",90025,"SUTTON",43676.9,43676.9,43676.9,1998,1998,3849,"sutton",1,0.840595102745362
840,"90","026","CEDARVILLE",1,22,28,1,1,5503,"cedarville",90026,"CEDARVILLE",38358.1,38358.1,38358.1,1998,1998,3850,"cedarville",1,1.28191317852443
840,"90","027","DENMAR",1,13,28,1,1,5504,"denmar",90027,"DENMAR",39072.2,39072.2,39072.2,1998,1998,3851,"denmar",1,1.27148928645959
840,"90","028","STRANGE CRK",1,22,28,1,1,5505,"strange crk",90028,"STRANGE CRK",38574.9,38574.9,38574.9,1998,1998,3852,"strange crk",1,34.2117625213103
840,"90","029","RICHWOOD",1,24,28,1,1,5506,"richwood",90029,"RICHWOOD",39233.7,39233.7,39233.7,1998,1998,3853,"richwood",1,0.581276722051831
840,"90","030","GREEN BANK",1,13,28,1,1,5507,"green bank",90030,"GREEN BANK",39555.7,39555.7,39555.7,1998,1998,3854,"green bank",1,0.940535970128266
840,"90","031","SUGAR GROVE",1,13,28,1,1,5508,"sugar grove",90031,"SUGAR GROVE",38975.9,38975.9,38975.9,1998,1998,3855,"sugar grove",1,24.947824646808
840,"90","032","DAILEY",1,24,28,1,1,5509,"dailey",90032,"DAILEY",37308.9,37308.9,37308.9,1998,1998,3856,"dailey",1,11.9411421484141
840,"90","033","MO OF SENECA",1,13,28,1,1,5510,"mo of seneca",90033,"MO OF SENECA",40545.4,40545.4,40545.4,1998,1998,3857,"mo of seneca",1,1.30390094642901
840,"90","034","SLATE",1,22,28,1,1,5511,"slate",90034,"SLATE",39410.1,39410.1,39410.1,1998,1998,3858,"slate",1,11.8707409018773
840,"90","035","ROCKPORT",1,22,28,1,1,5512,"rockport",90035,"ROCKPORT",36160.3,36160.3,36160.3,1998,1998,3859,"rockport",1,135.179304921901
840,"90","036","WASHBURN",1,22,28,1,1,5513,"washburn",90036,"WASHBURN",39636.9,39636.9,39636.9,1998,1998,3860,"washburn",1,21.5911133325924
840,"90","037","MOUNDSVILLE",1,22,28,1,1,5514,"moundsville",90037,"MOUNDSVILLE",35985.6,35985.6,35985.6,1998,1998,3861,"moundsville",1,410.683475530221
840,"90","038","MONONGAH",1,22,28,1,1,5515,"monongah",90038,"MONONGAH",42979.5,42979.5,42979.5,1998,1998,3862,"monongah",1,174.134384687116
840,"90","039","MCDONALD",1,22,28,1,1,5516,"mcdonald",90039,"MCDONALD",44774.4,44774.4,44774.4,1998,1998,3863,"mcdonald",1,1.20302021681439
840,"90","040","BERRYBURG",0,22,28,1,1,5517,"berryburg",90040,"BERRYBURG",39405.086,39405.08,39405.08,2011,2011,3864,"berryburg",1,2.43241442170303
840,"90","041","BEBEE",1,22,28,1,1,5518,"bebee",90041,"BEBEE",36533.7,36533.7,36533.7,1998,1998,3865,"bebee",1,11.0703611272693
840,"90","042","JOSEPHS MILL",1,22,28,1,1,5519,"josephs mill",90042,"JOSEPHS MILL",42564.2,42564.2,42564.2,1998,1998,3866,"josephs mill",1,0.696864689988224
840,"90","043","SMITHFIELD",1,22,28,1,1,5520,"smithfield",90043,"SMITHFIELD",43715.3,43715.3,43715.3,1998,1998,3867,"smithfield",1,52.5349679852112
840,"90","044","GREER",0,22,28,1,1,5521,"greer",90044,"GREER",45651.7,45651.7,45651.7,1998,1998,3868,"greer",1,105.729567333395
840,"90","045","ALBRIGHT",0,24,28,1,1,5522,"albright",90045,"ALBRIGHT",42908.141,42908.14,42908.14,2001,2001,3869,"albright",1,1.00667945877027
840,"90","046","MEADOWVILLE",1,22,28,1,1,5523,"meadowville",90046,"MEADOWVILLE",41137.5,41137.5,41137.5,1998,1998,3870,"meadowville",1,31.4584367081163
840,"90","047","MT STORM",0,24,28,1,1,5524,"mt storm",90047,"MT STORM",40019.578,40019.58,40019.58,2001,2001,3871,"mt storm",1,0.812319894778514
840,"90","048","YELLOW SPG",1,13,28,1,1,5525,"yellow spg",90048,"YELLOW SPG",41647.4,41647.4,41647.4,1998,1998,3872,"yellow spg",1,0.820060083492912
840,"90","049","RIO",0,13,28,1,1,5526,"rio",90049,"RIO",39295.3,39295.3,39295.3,1998,1998,3873,"rio",1,0.149195434197933
840,"90","050","SLEEPY CREEK",0,13,28,1,1,5527,"sleepy creek",90050,"SLEEPY CREEK",37063.777,37063.78,37063.78,2001,2001,3874,"sleepy creek",1,32.6613575932323
840,"90","051","MARTINSBURG",1,13,28,1,1,5528,"martinsburg",90051,"MARTINSBURG",39573.7,39573.7,39573.7,1998,1998,3875,"martinsburg",1,0.271176524660308
840,"90","052","CLINTON",1,22,28,1,1,5529,"clinton",90052,"CLINTON",39050.2,39050.2,39050.2,1998,1998,3876,"clinton",1,707.315468289832
840,"90","053","RUTHBELLE",1,24,28,1,1,5530,"ruthbelle",90053,"RUTHBELLE",38863.4,38863.4,38863.4,1998,1998,3877,"ruthbelle",1,20.0872391905644
840,"90","112","HENDERSON",1,22,28,1,1,5532,"henderson",90112,"HENDERSON",38898.4,38898.4,38898.4,1998,1998,3878,"henderson",1,914.75485164192
840,"90","132","BEVERLY",0,24,28,1,1,5533,"beverly",90132,"BEVERLY",40245.512,40245.51,40245.51,2001,2001,3879,"beverly",1,0.758150680056782
840,"90","140","MEADLAND",1,22,28,1,1,5534,"meadland",90140,"MEADLAND",41343,41343,41343,1998,1998,3880,"meadland",1,31.6852745824853
840,"90","147","BISMARK",1,24,28,1,1,5535,"bismark",90147,"BISMARK",39067.5,39067.5,39067.5,1998,1998,3881,"bismark",1,0.640662759188935
840,"90","149","LOST RIVER",1,13,28,1,1,5536,"lost river",90149,"LOST RIVER",39294.3,39294.3,39294.3,1998,1998,3882,"lost river",1,0.919470477448974
840,"90","150","SHANGHAI",1,13,28,1,1,5537,"shanghai",90150,"SHANGHAI",43286,43286,43286,1998,1998,3883,"shanghai",1,0.83858101421661
840,"90","901","GLADE RUN",0,24,28,1,2,5538,"glade run",90901,"GLADE RUN",35778.9,35778.9,35778.9,1998,1998,3884,"glade run",1,0.090397701373403
840,"90","902","BOWDEN",1,24,28,1,2,5539,"bowden",90902,"BOWDEN",41017.1,41017.1,41017.1,1998,1998,3885,"bowden",1,173.674433260838
840,"90","903","WYMER",0,24,28,1,2,5540,"wymer",90903,"WYMER",38481.4,38481.4,38481.4,1998,1998,3886,"wymer",1,0.126615382501729
840,"90","904","GLADY",1,24,28,1,2,5541,"glady",90904,"GLADY",40432.38,40432.38,40432.38,2011,2011,3887,"glady",1,1.15237786210394
840,"90","905","BEMIS",1,24,28,1,2,5542,"bemis",90905,"BEMIS",40074.142,40074.13,40074.13,2011,2011,3888,"bemis",1,4.03577568909534
840,"91","001","CHAFFEY",1,28,12,1,1,5544,"chaffey",91001,"CHAFFEY",38219.1,38219.1,38219.1,1998,1998,3890,"chaffey",1,47.4348212620081
840,"91","002","IRON RIVER",1,28,12,1,1,5545,"iron river",91002,"IRON RIVER",38708.5,38708.5,38708.5,1998,1998,3891,"iron river",1,1.14082514892484
840,"91","003","MINONG",1,28,12,1,1,5546,"minong",91003,"MINONG",39890,39890,39890,1998,1998,3892,"minong",1,1.29928205243752
840,"91","004","GRAND VIEW",1,28,12,1,1,5547,"grand view",91004,"GRAND VIEW",39293.2,39293.2,39293.2,1998,1998,3893,"grand view",1,0.835901677186077
840,"91","005","BAYFIELD",1,28,12,1,1,5548,"bayfield",91005,"BAYFIELD",38280,38280,38280,1998,1998,3894,"bayfield",1,0.62676355062131
840,"91","006","SHANAGOLDEN",1,28,12,1,1,5549,"shanagolden",91006,"SHANAGOLDEN",42297.3,42297.3,42297.3,1998,1998,3895,"shanagolden",1,1.40578222100168
840,"91","007","MONTREAL",1,28,12,1,1,5550,"montreal",91007,"MONTREAL",40571.8,40571.8,40571.8,1998,1998,3896,"montreal",1,0.0272810764770627
840,"91","008","LAND O LAKES",0,28,12,1,1,5551,"land o lakes",91008,"LAND O LAKES",37852.8,37852.8,37852.8,1998,1998,3897,"land o lakes",1,0.478293501477619
840,"91","009","HUDSON",1,17,23,1,1,5552,"hudson",91009,"HUDSON",38238,38238,38238,1998,1998,3898,"hudson",1,1.3572135716472
840,"91","010","DRESSER",1,20,23,1,1,5553,"dresser",91010,"DRESSER",38141.7,38141.7,38141.7,1998,1998,3899,"dresser",1,30.9228425005795
840,"91","011","UNION TWP",1,20,12,1,1,5554,"union twp",91011,"UNION TWP",39398.9,39398.9,39398.9,1998,1998,3900,"union twp",1,1.09445264135178
840,"91","012","LORAINE",1,20,23,1,1,5555,"loraine",91012,"LORAINE",38634.4,38634.4,38634.4,1998,1998,3901,"loraine",1,0.261221430679306
840,"91","013","CUMBERLAND",1,20,23,1,1,5556,"cumberland",91013,"CUMBERLAND",44849.7,44849.7,44849.7,1998,1998,3902,"cumberland",1,1.22805804291208
840,"91","014","WEYERHAUSER",1,20,23,1,1,5557,"weyerhauser",91014,"WEYERHAUSER",41633,41633,41633,1998,1998,3903,"weyerhauser",1,0.822216450288188
840,"91","015","COUDERAY",1,28,12,1,1,5558,"couderay",91015,"COUDERAY",38767,38767,38767,1998,1998,3904,"couderay",1,1.01101066966636
840,"91","016","EXELAND",1,20,12,1,1,5559,"exeland",91016,"EXELAND",39098,39098,39098,1998,1998,3905,"exeland",1,0.198276133769008
840,"91","017","GILMAN",1,20,12,1,1,5560,"gilman",91017,"GILMAN",38201.1,38201.1,38201.1,1998,1998,3906,"gilman",1,1.15746415497027
840,"91","018","HOLWAY",0,20,23,1,1,5561,"holway",91018,"HOLWAY",38598.039,38598.04,38598.04,2001,2001,3907,"holway",1,0.638983200884175
840,"91","019","PHILLIPS",1,28,12,1,1,5562,"phillips",91019,"PHILLIPS",38802.4,38802.4,38802.4,1998,1998,3908,"phillips",1,0.612837166420009
840,"91","020","RIB LAKE",1,20,12,1,1,5563,"rib lake",91020,"RIB LAKE",38401.1,38401.1,38401.1,1998,1998,3909,"rib lake",1,0.965226289106319
840,"91","021","MERRILL",1,20,23,1,1,5564,"merrill",91021,"MERRILL",39689.6,39689.6,39689.6,1998,1998,3910,"merrill",1,1.34671901718948
840,"91","022","IRMA",1,28,12,1,1,5565,"irma",91022,"IRMA",37252.8,37252.8,37252.8,1998,1998,3911,"irma",1,61.1999002917494
840,"91","023","MCNAUGHTON",1,28,12,1,1,5566,"mcnaughton",91023,"MCNAUGHTON",39368.2,39368.2,39368.2,1998,1998,3912,"mcnaughton",1,8.19180727983452
840,"91","024","EAGLE RIVER",1,28,12,1,1,5567,"eagle river",91024,"EAGLE RIVER",38361.1,38361.1,38361.1,1998,1998,3913,"eagle river",1,0.869849629483129
840,"91","025","POPPLE RIVER",1,28,12,1,1,5568,"popple river",91025,"POPPLE RIVER",38988,38988,38988,1998,1998,3914,"popple river",1,11.1895729955288
840,"91","026","CRANDON",1,28,12,1,1,5569,"crandon",91026,"CRANDON",39583.3,39583.3,39583.3,1998,1998,3915,"crandon",1,49.6545114794495
840,"91","027","HOLLISTER",1,28,12,1,1,5570,"hollister",91027,"HOLLISTER",50897.9,50897.9,50897.9,1998,1998,3916,"hollister",1,84.0726239111176
840,"91","028","AMBERG",1,28,12,1,1,5571,"amberg",91028,"AMBERG",39204.4,39204.4,39204.4,1998,1998,3917,"amberg",1,59.2418274424523
840,"91","029","WAUSAUKEE",1,28,12,1,1,5572,"wausaukee",91029,"WAUSAUKEE",38570,38570,38570,1998,1998,3918,"wausaukee",1,86.0250250506143
840,"91","030","WASHINGTON I",1,28,12,1,1,5573,"washington i",91030,"WASHINGTON I",39446.3,39446.4,39446.4,1998,1998,3919,"washington i",1,0.891714497897477
840,"91","031","ESDAILE",1,17,23,1,1,5574,"esdaile",91031,"ESDAILE",39386,39386,39386,1998,1998,3920,"esdaile",1,0.332585306034969
840,"91","032","COCHRANE",1,17,23,1,1,5575,"cochrane",91032,"COCHRANE",49048.7,49048.7,49048.7,1998,1998,3921,"cochrane",1,10.0755657578576
840,"91","033","GILMANTON",1,17,23,1,1,5576,"gilmanton",91033,"GILMANTON",39861.7,39861.7,39861.7,1998,1998,3922,"gilmanton",1,0.00455652555051538
840,"91","034","TREMPEALEAU",1,17,23,1,1,5577,"trempealeau",91034,"TREMPEALEAU",44408.9,44408.9,44408.9,1998,1998,3923,"trempealeau",1,1.39983622367425
840,"91","035","CADOTT",1,20,23,1,1,5578,"cadott",91035,"CADOTT",45737.6,45737.6,45737.6,1998,1998,3924,"cadott",1,41.3759298723881
840,"91","036","UNITY",1,20,23,1,1,5579,"unity",91036,"UNITY",39710.7,39710.7,39710.7,1998,1998,3925,"unity",1,0.421510720471024
840,"91","037","HATFIELD",0,20,23,1,1,5580,"hatfield",91037,"HATFIELD",39455.7,39455.7,39455.7,1998,1998,3926,"hatfield",1,0.831771127877749
840,"91","038","MATHER",1,20,23,1,1,5581,"mather",91038,"MATHER",39211.2,39211.2,39211.2,1998,1998,3927,"mather",1,35.1853439454108
840,"91","039","STRATFORD",1,20,23,1,1,5582,"stratford",91039,"STRATFORD",39708.9,39708.9,39708.9,1998,1998,3928,"stratford",1,13.4826265582526
840,"91","040","WIS RAPIDS",1,20,23,1,1,5583,"wis rapids",91040,"WIS RAPIDS",39566.6,39566.6,39566.6,1998,1998,3929,"wis rapids",1,1.53372908797539
840,"91","041","STEVENS PT",1,20,23,1,1,5584,"stevens pt",91041,"STEVENS PT",42724.7,42724.7,42724.7,1998,1998,3930,"stevens pt",1,1.08691837478758
840,"91","042","ELDERON",1,20,23,1,1,5585,"elderon",91042,"ELDERON",40386,40386,40386,1998,1998,3931,"elderon",1,0.855358755793101
840,"91","043","SAXEVILLE",1,17,23,1,1,5586,"saxeville",91043,"SAXEVILLE",38417.5,38417.5,38417.5,1998,1998,3932,"saxeville",1,0.882233616894359
840,"91","044","MANAWA",1,20,23,1,1,5587,"manawa",91044,"MANAWA",40291.6,40291.6,40291.6,1998,1998,3933,"manawa",1,1.06569660909933
840,"91","045","OCONTO FALLS",1,20,23,1,1,5588,"oconto falls",91045,"OCONTO FALLS",40055.1,40055.1,40055.1,1998,1998,3934,"oconto falls",1,62.5125813144214
840,"91","046","OMRO",0,16,23,1,1,5589,"omro",91046,"OMRO",39199.5,39199.5,39199.5,1998,1998,3935,"omro",1,1.34242557273112
840,"91","048","MANITOWOC",1,16,23,1,1,5591,"manitowoc",91048,"MANITOWOC",40116.7,40116.7,40116.7,1998,1998,3937,"manitowoc",1,1.15295472430757
840,"91","049","CASCO",1,16,23,1,1,5592,"casco",91049,"CASCO",39755.5,39755.5,39755.5,1998,1998,3938,"casco",1,1.21083046267194
840,"91","050","NEWBURG CRNS",1,17,23,1,1,5593,"newburg crns",91050,"NEWBURG CRNS",36440.2,36440.2,36440.2,1998,1998,3939,"newburg crns",1,0.625857317129244
840,"91","051","VIROQUA",1,17,23,1,1,5594,"viroqua",91051,"VIROQUA",36686.5,36686.5,36686.5,1998,1998,3940,"viroqua",1,43.1940873358443
840,"91","052","ROLLING GRND",1,17,23,1,1,5595,"rolling grnd",91052,"ROLLING GRND",44058.6,44058.6,44058.6,1998,1998,3941,"rolling grnd",1,49.4092192804549
840,"91","053","NEW LISBON",1,17,23,1,1,5596,"new lisbon",91053,"NEW LISBON",38082.7,38082.7,38082.7,1998,1998,3942,"new lisbon",1,0.870262445031244
840,"91","054","KENDALL",1,17,23,1,1,5597,"kendall",91054,"KENDALL",38566,38566,38566,1998,1998,3943,"kendall",1,0.694849892952523
840,"91","055","N FREEDOM",1,17,23,1,1,5598,"n freedom",91055,"N FREEDOM",40324.1,40324.1,40324.1,1998,1998,3944,"n freedom",1,0.496987064287177
840,"91","056","PARDEEVILLE",1,16,23,1,1,5599,"pardeeville",91056,"PARDEEVILLE",40074.6,40074.6,40074.6,1998,1998,3945,"pardeeville",1,22.8405259782501
840,"91","057","PRINCETON",1,17,23,1,1,5600,"princeton",91057,"PRINCETON",38314.4,38314.4,38314.4,1998,1998,3946,"princeton",1,1.13133745825451
840,"91","058","FALL RIVER",1,16,23,1,1,5601,"fall river",91058,"FALL RIVER",38870.5,38870.5,38870.5,1998,1998,3947,"fall river",1,1.01896043443844
840,"91","059","BROWNSVILLE",1,16,23,1,1,5602,"brownsville",91059,"BROWNSVILLE",40197.4,40197.4,40197.4,1998,1998,3948,"brownsville",1,0.0373442377455955
840,"91","060","ROLLING PR",1,16,23,1,1,5603,"rolling pr",91060,"ROLLING PR",39436.1,39436.1,39436.1,1998,1998,3949,"rolling pr",1,0.998837440458078
840,"91","061","BEAVER DAM",1,16,23,1,1,5604,"beaver dam",91061,"BEAVER DAM",39440.3,39440.3,39440.3,1998,1998,3950,"beaver dam",1,0.959352655045406
840,"91","062","EDEN",1,16,23,1,1,5605,"eden",91062,"EDEN",40491.8,40491.8,40491.8,1998,1998,3951,"eden",1,0.424046389076993
840,"91","063","PT WASHINGTN",1,16,23,1,1,5606,"pt washingtn",91063,"PT WASHINGTN",40237.7,40237.7,40237.7,1998,1998,3952,"pt washingtn",1,45.6488846045913
840,"91","064","N ANDOVER",1,17,23,1,1,5607,"n andover",91064,"N ANDOVER",42212,42212,42212,1998,1998,3953,"n andover",1,52.391057428334
840,"91","065","HAZEL GREEN",1,17,23,1,1,5608,"hazel green",91065,"HAZEL GREEN",39553.6,39553.6,39553.6,1998,1998,3954,"hazel green",1,0.628612596529856
840,"91","066","WIOTA",1,17,23,1,1,5609,"wiota",91066,"WIOTA",39015.5,39015.5,39015.5,1998,1998,3955,"wiota",1,4.70726628008034
840,"91","067","MOUNT HOREB",0,17,23,1,1,5610,"mount horeb",91067,"MOUNT HOREB",41466.824,41466.82,41466.82,2001,2001,3956,"mount horeb",1,0.892060104858302
840,"91","068","HEBRON",1,16,23,1,1,5611,"hebron",91068,"HEBRON",42677.1,42677.1,42677.1,1998,1998,3957,"hebron",1,0.233643477343951
840,"91","069","PARIS",1,16,23,1,1,5612,"paris",91069,"PARIS",38803.1,38803.1,38803.1,1998,1998,3958,"paris",1,59.2480846201302
840,"91","070","RAYMOND",1,16,22,1,1,5613,"raymond",91070,"RAYMOND",39840.1,39840.1,39840.1,1998,1998,3959,"raymond",1,0.130667448915334
840,"91","108","Land O' Lakes 2",1,28,12,1,1,5614,"land o lakes 2",91008,"LAND O LAKES",37852.8,37852.8,37852.8,1998,1998,3897,"land o lakes",0.952380952380952,0.478293501477619
840,"91","118","STETSONVILLE",1,20,23,1,1,5615,"stetsonville",91118,"STETSONVILLE",39523,39523,39523,1998,1998,3960,"stetsonville",1,39.0490741246933
840,"91","137","PIGEON CREEK",1,20,23,1,1,5616,"pigeon creek",91137,"PIGEON CREEK",42492.9,42492.9,42492.9,1998,1998,3961,"pigeon creek",1,0.808846585254463
840,"91","146","Omro 2",1,16,23,1,1,5617,"omro 2",91146,"OMRO 2",40566.437,40566.43,40566.43,2011,2011,3962,"omro 2",1,11.6424229313908
840,"91","167","VERONA",1,17,23,1,1,5618,"verona",91167,"VERONA",41119.6,41119.6,41119.6,1998,1998,3963,"verona",1,1.03828437378478
840,"91","301","AMNICON FALLS",1,28,12,1,1,5619,"amnicon falls",91301,"AMNICON FALLS",43358.1,43358.1,43358.1,1998,1998,3964,"amnicon falls",1,0.865202231965008
840,"91","302","MELLEN",1,28,12,1,1,5620,"mellen",91302,"MELLEN",47354.8,47354.8,47354.8,1998,1998,3965,"mellen",1,0.994427286094908
840,"91","303","CONOVER",1,28,12,1,1,5621,"conover",91303,"CONOVER",51278.1,51278.1,51278.1,1998,1998,3966,"conover",1,1.07810541221232
840,"91","304","BASHAW",1,20,12,1,1,5622,"bashaw",91304,"BASHAW",47235.4,47235.4,47235.4,1998,1998,3967,"bashaw",1,20.9917954037744
840,"91","305","WEIRGOR SPRINGS",1,20,12,1,1,5623,"weirgor springs",91305,"WEIRGOR SPRINGS",44845.4,44845.4,44845.4,1998,1998,3968,"weirgor springs",1,0.360280228455326
840,"91","306","FLAMBEAU",1,28,12,1,1,5624,"flambeau",91306,"FLAMBEAU",49287.8,49287.8,49287.8,1998,1998,3969,"flambeau",1,0.225638517370939
840,"91","307","RHINELANDER",1,28,12,1,1,5625,"rhinelander",91307,"RHINELANDER",51065,51065,51065,1998,1998,3970,"rhinelander",1,8.9477052653454
840,"91","308","CAVOUR",1,28,12,1,1,5626,"cavour",91308,"CAVOUR",51135.5,51135.5,51135.5,1998,1998,3971,"cavour",1,79.8712900671662
840,"91","309","RIVER FALLS",1,17,22,1,1,5627,"river falls",91309,"RIVER FALLS",47269.8,47269.8,47269.8,1998,1998,3972,"river falls",1,0.626308100375746
840,"91","310","MERIDEAN",1,17,23,1,1,5628,"meridean",91310,"MERIDEAN",43163.8,43163.8,43163.8,1998,1998,3973,"meridean",1,0.911298425513726
840,"91","311","COLBY",1,20,23,1,1,5629,"colby",91311,"COLBY",43639.3,43639.3,43639.3,1998,1998,3974,"colby",1,10.7321528344082
840,"91","312","BUENA VISTA",1,20,23,1,1,5630,"buena vista",91312,"BUENA VISTA",40550.8,40550.8,40550.8,1998,1998,3975,"buena vista",1,1.16454412085025
840,"91","313","GRESHAM",1,20,23,1,1,5631,"gresham",91313,"GRESHAM",67279.3,67279.3,67279.3,1998,1998,3976,"gresham",1,0.654090125532368
840,"91","314","GRIMMS",1,16,23,1,1,5632,"grimms",91314,"GRIMMS",41340.5,41340.5,41340.5,1998,1998,3977,"grimms",1,0.987010191325257
840,"91","315","PRAIRIE DU CHIEN",1,17,23,1,1,5633,"prairie du chien",91315,"PRAIRIE DU CHIEN",69635.3,69635.4,69635.4,1998,1998,3978,"prairie du chien",1,0.852920274487744
840,"91","316","HIGHLAND",1,17,23,1,1,5634,"highland",91316,"HIGHLAND",71138.9,71138.9,71138.9,1998,1998,3979,"highland",1,0.577815281765526
840,"91","317","BRIGGSVILLE",1,17,23,1,1,5635,"briggsville",91317,"BRIGGSVILLE",46798.4,46798.4,46798.4,1998,1998,3980,"briggsville",1,1.24718322908766
840,"91","318","KIEL",1,16,23,1,1,5636,"kiel",91318,"KIEL",40898.1,40898.1,40898.1,1998,1998,3981,"kiel",1,1.03787711614767
840,"91","319","ANNATON",1,17,23,1,1,5637,"annaton",91319,"ANNATON",50882.3,50882.3,50882.3,1998,1998,3982,"annaton",1,1.162640041024
840,"91","320","BELOIT",1,16,23,1,1,5638,"beloit",91320,"BELOIT",47524.4,47524.4,47524.4,1998,1998,3983,"beloit",1,0.792067597242003
840,"91","321","MUKWONAGO",0,16,23,1,1,5639,"mukwonago",91321,"MUKWONAGO",45966.5,45966.5,45966.5,1998,1998,3984,"mukwonago",1,0.712196785375048
840,"91","322","HOLLAND",1,16,23,1,1,5640,"holland",91322,"HOLLAND",44200.9,44200.9,44200.9,1998,1998,3985,"holland",1,0.634316664283678
840,"91","421","MUKWONAGO 2",1,16,23,1,1,5641,"mukwonago 2",91421,"MUKWONAGO 2",46070.385,46070.38,46070.38,2011,2011,3986,"mukwonago 2",1,4.04676749779401
840,"92","001","NE ENTRANCE",1,64,10,1,1,5642,"ne entrance",92001,"NE ENTRANCE",42502.1,42502.1,42502.1,1998,1998,3987,"ne entrance",1,1.17711193059668
840,"92","002","CODY",1,86,10,1,1,5643,"cody",92002,"CODY",40001.3,40001.3,40001.3,1998,1998,3988,"cody",1,0.799042791726811
840,"92","004","BASIN",1,86,10,1,1,5645,"basin",92004,"BASIN",39394.6,39394.6,39394.6,1998,1998,3990,"basin",1,10.326105600496
840,"92","005","WYARNO",1,39,17,1,1,5646,"wyarno",92005,"WYARNO",41931.7,41931.7,41931.7,1998,1998,3991,"wyarno",1,0.759038859849888
840,"92","006","CLARKELEN",0,39,17,1,1,5647,"clarkelen",92006,"CLARKELEN",42349.922,42349.92,42349.92,2001,2001,3992,"clarkelen",1,8.22490520469266
840,"92","007","SUNDANCE",1,61,17,1,1,5648,"sundance",92007,"SUNDANCE",38747.7,38747.7,38747.7,1998,1998,3993,"sundance",1,1.46351221151035
840,"92","008","COLTER BAY",0,64,10,1,1,5649,"colter bay",92008,"COLTER BAY",46775.5,46775.5,46775.5,1998,1998,3994,"colter bay",1,49.8812900837179
840,"92","009","DUBOIS",1,86,10,1,1,5650,"dubois",92009,"DUBOIS",37554.8,37554.8,37554.8,1998,1998,3995,"dubois",1,1.21379808870277
840,"92","010","MIDVALE",1,86,10,1,1,5651,"midvale",92010,"MIDVALE",39003.5,39003.5,39003.5,1998,1998,3996,"midvale",1,1.12871500222686
840,"92","011","NOWOOD",1,86,10,1,1,5652,"nowood",92011,"NOWOOD",39254.4,39254.4,39254.4,1998,1998,3997,"nowood",1,1.23888417883795
840,"92","012","NATRONA",0,39,17,1,1,5653,"natrona",92012,"NATRONA",49571.574,49571.57,49571.57,2001,2001,3998,"natrona",1,28.8773367927492
840,"92","013","BILL",1,39,17,1,1,5654,"bill",92013,"BILL",39060.1,39060.1,39060.1,1998,1998,3999,"bill",1,0.582991075072518
840,"92","014","REDBIRD",0,39,17,1,1,5655,"redbird",92014,"REDBIRD",45868.273,45868.27,45868.27,2001,2001,4000,"redbird",1,309.559291400329
840,"92","015","FONTENELLE",1,86,10,1,1,5656,"fontenelle",92015,"FONTENELLE",40924.5,40924.5,40924.5,1998,1998,4001,"fontenelle",1,1.03866728451692
840,"92","016","ELK HORN",0,86,10,1,1,5657,"elk horn",92016,"ELK HORN",40163.1,40163.1,40163.1,1998,1998,4002,"elk horn",1,1.4418189019731
840,"92","017","BEAR CREEK",1,86,10,1,1,5658,"bear creek",92017,"BEAR CREEK",40407.7,40407.7,40407.7,1998,1998,4003,"bear creek",1,26.2793835872884
840,"92","020","GLENROCK",0,39,17,1,1,5661,"glenrock",92020,"GLENROCK",41314.124,41314.12,41314.12,2011,2011,4006,"glenrock",1,0.96698904531111
840,"92","021","DWYER",1,39,17,1,1,5662,"dwyer",92021,"DWYER",42444.7,42444.7,42444.7,1998,1998,4007,"dwyer",1,1.07564063859652
840,"92","023","MCKINNON",0,86,10,1,1,5664,"mckinnon",92023,"MCKINNON",37995.485,37995.48,37995.48,2011,2011,4009,"mckinnon",1,40.3821046305007
840,"92","024","PATRICK DRAW",0,86,10,1,1,5665,"patrick draw",92024,"PATRICK DRAW",39059,39059,39059,1998,1998,4010,"patrick draw",1,1.22370731582838
840,"92","025","SAVERY",0,84,10,1,1,5666,"savery",92025,"SAVERY",39845.1,39845.1,39845.1,1998,1998,4011,"savery",1,0.716526349567606
840,"92","026","RIVERSIDE",1,86,10,1,1,5667,"riverside",92026,"RIVERSIDE",40428,40428,40428,1998,1998,4012,"riverside",1,1.32931944012856
840,"92","027","BUFORD",1,87,16,1,1,5668,"buford",92027,"BUFORD",39265.1,39265.1,39265.1,1998,1998,4013,"buford",1,1.34393063872433
840,"92","028","YODER",1,36,18,1,1,5669,"yoder",92028,"YODER",42275.1,42275.1,42275.1,1998,1998,4014,"yoder",1,0.642641486121128
840,"92","029","CANYON",0,64,10,1,1,5670,"canyon",92029,"CANYON",38258.777,38258.78,38258.78,2001,2001,4015,"canyon",1,850.488044887999
840,"92","030","MAMMOTH",1,64,10,1,1,5671,"mammoth",92030,"MAMMOTH",39497.3,39497.3,39497.3,1998,1998,4016,"mammoth",1,1.24384131960869
840,"92","031","WEST THUMB",0,64,10,1,1,5672,"west thumb",92031,"WEST THUMB",40020.29,40020.29,40020.29,2011,2011,4017,"west thumb",1,0.372423334101751
840,"92","032","HUNTER PEAK",1,64,10,1,1,5673,"hunter peak",92032,"HUNTER PEAK",40318,40318,40318,1998,1998,4018,"hunter peak",1,22.7389634173741
840,"92","033","CLARK",1,86,10,1,1,5674,"clark",92033,"CLARK",46425.4,46425.4,46425.4,1998,1998,4019,"clark",1,103.381752838258
840,"92","035","FRANNIE",1,86,10,1,1,5675,"frannie",92035,"FRANNIE",39573.4,39573.4,39573.4,1998,1998,4020,"frannie",1,0.850594474979252
840,"92","036","MOOSE",1,64,10,1,1,5676,"moose",92036,"MOOSE",43199.9,43199.9,43199.9,1998,1998,4021,"moose",1,11.6035105093303
840,"92","037","LOVELL",1,86,10,1,1,5677,"lovell",92037,"LOVELL",38026.9,38026.9,38026.9,1998,1998,4022,"lovell",1,0.594198894675745
840,"92","039","TENSLEEP",1,86,10,1,1,5679,"tensleep",92039,"TENSLEEP",40589.5,40589.5,40589.5,1998,1998,4024,"tensleep",1,1.39884427895763
840,"92","040","DAYTON",1,39,17,1,1,5680,"dayton",92040,"DAYTON",40869.9,40869.9,40869.9,1998,1998,4025,"dayton",1,0.485352947518689
840,"92","041","BALD MTN",1,64,10,1,1,5681,"bald mtn",92041,"BALD MTN",48089,48089,48089,1998,1998,4026,"bald mtn",1,36.350952035157
840,"92","042","CRAZY WOMAN",1,64,10,1,1,5682,"crazy woman",92042,"CRAZY WOMAN",41062.3,41062.3,41062.3,1998,1998,4027,"crazy woman",1,36.972780651655
840,"92","043","SCHOONOVER",1,39,17,1,1,5683,"schoonover",92043,"SCHOONOVER",40532.1,40532.1,40532.1,1998,1998,4028,"schoonover",1,1.77759894635714
840,"92","044","ARVADA",1,39,17,1,1,5684,"arvada",92044,"ARVADA",41626,41626,41626,1998,1998,4029,"arvada",1,251.873098200546
840,"92","045","RECLUSE",1,39,17,1,1,5685,"recluse",92045,"RECLUSE",41669.3,41669.3,41669.3,1998,1998,4030,"recluse",1,0.060289263378117
840,"92","047","PINEY",0,39,17,1,1,5687,"piney",92047,"PINEY",42758.098,42758.1,42758.1,2001,2001,4032,"piney",1,13.5137663318473
840,"92","048","SEELY",0,39,17,1,1,5688,"seely",92048,"SEELY",43933.2,43933.2,43933.2,1998,1998,4033,"seely",1,0.917073270350318
840,"92","049","UPTON",1,39,17,1,1,5689,"upton",92049,"UPTON",38472.8,38472.8,38472.8,1998,1998,4034,"upton",1,1.18102924186598
840,"92","050","MOSKEE",0,61,17,1,1,5690,"moskee",92050,"MOSKEE",49338.7,49338.7,49338.7,1998,1998,4035,"moskee",1,0.852895095301338
840,"92","052","WILSON",1,64,10,1,1,5692,"wilson",92052,"WILSON",40058.4,40058.4,40058.4,1998,1998,4037,"wilson",1,0.624395691975869
840,"92","053","HORSE CREEK",1,64,10,1,1,5693,"horse creek",92053,"HORSE CREEK",38549,38549,38549,1998,1998,4038,"horse creek",1,1.3307196870751
840,"92","055","CROWHEART",1,86,10,1,1,5694,"crowheart",92055,"CROWHEART",40968.5,40968.5,40968.5,1998,1998,4039,"crowheart",1,44.0622771159224
840,"92","056","ETHETE",1,86,10,1,1,5695,"ethete",92056,"ETHETE",40732.2,40732.2,40732.2,1998,1998,4040,"ethete",1,16.1562567786498
840,"92","057","ANCHOR",1,86,10,1,1,5696,"anchor",92057,"ANCHOR",42571.4,42571.4,42571.4,1998,1998,4041,"anchor",1,1.08076928595683
840,"92","058","GEBO",1,86,10,1,1,5697,"gebo",92058,"GEBO",41008.9,41008.9,41008.9,1998,1998,4042,"gebo",1,43.1751780798812
840,"92","059","ARMINTO",1,86,10,1,1,5698,"arminto",92059,"ARMINTO",40655.6,40655.6,40655.6,1998,1998,4043,"arminto",1,33.0759143361415
840,"92","060","LYSITE",1,86,10,1,1,5699,"lysite",92060,"LYSITE",42052.8,42052.8,42052.8,1998,1998,4044,"lysite",1,1.48209059331135
840,"92","061","WORLAND",1,86,10,1,1,5700,"worland",92061,"WORLAND",41855.7,41855.7,41855.7,1998,1998,4045,"worland",1,0.966250852178194
840,"92","062","TEAPOT DOME",0,39,17,1,1,5701,"teapot dome",92062,"TEAPOT DOME",40582.9,40582.9,40582.9,1998,1998,4046,"teapot dome",1,0.61176631673813
840,"92","064","SUSSEX",1,39,17,1,1,5703,"sussex",92064,"SUSSEX",38649.2,38649.2,38649.2,1998,1998,4048,"sussex",1,149.223996051519
840,"92","065","HARLAND FLAT",1,39,17,1,1,5704,"harland flat",92065,"HARLAND FLAT",41161.6,41161.6,41161.6,1998,1998,4049,"harland flat",1,0.475590958831748
840,"92","066","PINE TREE",0,39,17,1,1,5705,"pine tree",92066,"PINE TREE",39842.7,39842.7,39842.7,1998,1998,4050,"pine tree",1,88.0706906456972
840,"92","068","RIVERVIEW",1,39,17,1,1,5707,"riverview",92068,"RIVERVIEW",39220.8,39220.8,39220.8,1998,1998,4052,"riverview",1,0.883926828436583
840,"92","069","NEWCASTLE",1,39,17,1,1,5708,"newcastle",92069,"NEWCASTLE",40155.6,40155.6,40155.6,1998,1998,4053,"newcastle",1,0.999014664956715
840,"92","070","RAVEN",1,39,17,1,1,5709,"raven",92070,"RAVEN",41670.7,41670.7,41670.7,1998,1998,4054,"raven",1,591.662529198542
840,"92","071","SODA LAKE",1,64,10,1,1,5710,"soda lake",92071,"SODA LAKE",40477.8,40477.8,40477.8,1998,1998,4055,"soda lake",1,0.81259625676711
840,"92","072","BUCKSKIN MTN",1,64,10,1,1,5711,"buckskin mtn",92072,"BUCKSKIN MTN",44828.3,44828.3,44828.3,1998,1998,4056,"buckskin mtn",1,371.11109415473
840,"92","073","DANIEL",0,86,10,1,1,5712,"daniel",92073,"DANIEL",37762.801,37762.8,37762.8,2001,2001,4057,"daniel",1,68.3968375765094
840,"92","074","BOULDER",1,86,10,1,1,5713,"boulder",92074,"BOULDER",40902.8,40902.8,40902.8,1998,1998,4058,"boulder",1,322.379190440351
840,"92","075","BIG SANDY",1,86,10,1,1,5714,"big sandy",92075,"BIG SANDY",39834,39834,39834,1998,1998,4059,"big sandy",1,43.2188622435552
840,"92","076","FARSON",1,86,10,1,1,5715,"farson",92076,"FARSON",40723.9,40723.9,40723.9,1998,1998,4060,"farson",1,1.28431779582517
840,"92","077","FIDDLER LK",1,64,10,1,1,5716,"fiddler lk",92077,"FIDDLER LK",42665.4,42665.4,42665.4,1998,1998,4061,"fiddler lk",1,0.774940105777261
840,"92","078","SAND DRAW",1,86,10,1,1,5717,"sand draw",92078,"SAND DRAW",42469.1,42469.1,42469.1,1998,1998,4062,"sand draw",1,44.149686186449
840,"92","079","SWEETWATER",1,86,10,1,1,5718,"sweetwater",92079,"SWEETWATER",39256.4,39256.4,39256.4,1998,1998,4063,"sweetwater",1,1.31052499257102
840,"92","080","GAS HILLS",0,86,10,1,1,5719,"gas hills",92080,"GAS HILLS",39410.1,39410.1,39410.1,1998,1998,4064,"gas hills",1,1.3373775100344
840,"92","081","BAIROIL",1,86,10,1,1,5720,"bairoil",92081,"BAIROIL",39929.7,39929.7,39929.7,1998,1998,4065,"bairoil",1,61.6954883741259
840,"92","082","LAMONT",1,86,10,1,1,5721,"lamont",92082,"LAMONT",40888.7,40888.7,40888.7,1998,1998,4066,"lamont",1,0.931127888954982
840,"92","083","PATHFINDER",1,86,10,1,1,5722,"pathfinder",92083,"PATHFINDER",38973.8,38973.8,38973.8,1998,1998,4067,"pathfinder",1,0.747917642964485
840,"92","084","LEO",1,86,10,1,1,5723,"leo",92084,"LEO",42634.4,42634.4,42634.4,1998,1998,4068,"leo",1,1.22451127246567
840,"92","085","SHIRLEY",1,86,10,1,1,5724,"shirley",92085,"SHIRLEY",39807.8,39807.8,39807.8,1998,1998,4069,"shirley",1,0.552470887720566
840,"92","086","WARBONNET",1,62,16,1,1,5725,"warbonnet",92086,"WARBONNET",41610.3,41610.3,41610.3,1998,1998,4070,"warbonnet",1,0.717031978123449
840,"92","087","FLETCHER PK",1,62,16,1,1,5726,"fletcher pk",92087,"FLETCHER PK",39422.5,39422.5,39422.5,1998,1998,4071,"fletcher pk",1,71.2437828964613
840,"92","089","MEADOWDALE",1,39,17,1,1,5728,"meadowdale",92089,"MEADOWDALE",38722.2,38722.2,38722.2,1998,1998,4073,"meadowdale",1,0.618900932592386
840,"92","090","LUSK",1,36,17,1,1,5729,"lusk",92090,"LUSK",38928.1,38928.1,38928.1,1998,1998,4074,"lusk",1,22.9267265474752
840,"92","091","LINGLE",1,36,18,1,1,5730,"lingle",92091,"LINGLE",40942.3,40942.3,40942.3,1998,1998,4075,"lingle",1,0.539733493522242
840,"92","092","DIAMONDVILLE",0,86,10,1,1,5731,"diamondville",92092,"DIAMONDVILLE",39431.852,39431.85,39431.85,2001,2001,4076,"diamondville",1,1.1218410683666
840,"92","093","MTN VIEW",1,86,10,1,1,5732,"mtn view",92093,"MTN VIEW",40994.6,40994.6,40994.6,1998,1998,4077,"mtn view",1,0.438338448763615
840,"92","095","GREEN RIVER",0,86,10,1,1,5733,"green river",92095,"GREEN RIVER",34822.957,34822.96,34822.96,2001,2001,4078,"green river",1,92.4313714843838
840,"92","096","RELIANCE",1,86,10,1,1,5734,"reliance",92096,"RELIANCE",40221.1,40221.1,40221.1,1998,1998,4079,"reliance",1,1.37558173686827
840,"92","097","ROCK SPRINGS",0,84,10,1,1,5735,"rock springs",92097,"ROCK SPRINGS",40643.5,40643.5,40643.5,1998,1998,4080,"rock springs",1,0.0256609671349112
840,"92","098","BLACK ROCK",0,86,10,1,1,5736,"black rock",92098,"BLACK ROCK",40362.9,40362.9,40362.9,1998,1998,4081,"black rock",1,53.0076717445277
840,"92","101","WAMSUTTER",1,86,10,1,1,5738,"wamsutter",92101,"WAMSUTTER",43277.6,43277.6,43277.6,1998,1998,4082,"wamsutter",1,0.441744314752757
840,"92","102","RAWLINS",0,86,10,1,1,5739,"rawlins",92102,"RAWLINS",39513.7,39513.7,39513.7,1998,1998,4083,"rawlins",1,835.617269170505
840,"92","103","BAGGS",1,86,10,1,1,5740,"baggs",92103,"BAGGS",41043.6,41043.6,41043.6,1998,1998,4084,"baggs",1,1.20752827400687
840,"92","104","WALCOTT",1,86,10,1,1,5741,"walcott",92104,"WALCOTT",40732.8,40732.8,40732.8,1998,1998,4085,"walcott",1,2.02137008757725
840,"92","105","FOX PARK",1,62,16,1,1,5742,"fox park",92105,"FOX PARK",41596.1,41596.1,41596.1,1998,1998,4086,"fox park",1,1.19630599589769
840,"92","106","RYAN PARK",1,62,16,1,1,5743,"ryan park",92106,"RYAN PARK",44026,44026,44026,1998,1998,4087,"ryan park",1,0.711082337168409
840,"92","107","SYBILLE CYN",1,87,16,1,1,5744,"sybille cyn",92107,"SYBILLE CYN",39493.8,39493.8,39493.8,1998,1998,4088,"sybille cyn",1,0.875528641349387
840,"92","108","ROCK RIVER",1,86,10,1,1,5745,"rock river",92108,"ROCK RIVER",43822.2,43822.2,43822.2,1998,1998,4089,"rock river",1,8.75720438159495
840,"92","109","HARMONY",1,86,10,1,1,5746,"harmony",92109,"HARMONY",40217.5,40217.5,40217.5,1998,1998,4090,"harmony",1,129.261609715257
840,"92","110","CHEYENNE",1,36,18,1,1,5747,"cheyenne",92110,"CHEYENNE",40779.7,40779.7,40779.7,1998,1998,4091,"cheyenne",1,477.155297051415
840,"92","111","CHUGWATER",1,36,18,1,1,5748,"chugwater",92111,"CHUGWATER",39006.6,39006.6,39006.6,1998,1998,4092,"chugwater",1,0.144584135028872
840,"92","112","PINE BLUFF",1,36,18,1,1,5749,"pine bluff",92112,"PINE BLUFF",41434.2,41434.2,41434.2,1998,1998,4093,"pine bluff",1,0.516020580963489
840,"92","120","WELCH",0,39,17,1,1,5751,"welch",92120,"WELCH",42961.1,42961.1,42961.1,1998,1998,4094,"welch",1,0.965963020387351
840,"92","123","FLAMIN GORGE",1,86,10,1,1,5752,"flamin gorge",92123,"FLAMIN GORGE",38073.1,38073.1,38073.1,1998,1998,4095,"flamin gorge",1,1.39832814583196
840,"92","124","Patrick Draw 2",0,86,10,1,1,5753,"patrick draw 2",92024,"PATRICK DRAW",39059,39059,39059,1998,1998,4010,"patrick draw",0.952380952380952,1.52224515165756
840,"92","125","Savery 2",1,84,10,1,1,5754,"savery 2",92025,"SAVERY",39845.1,39845.1,39845.1,1998,1998,4011,"savery",0.916666666666667,8.83781879731712
840,"92","147","ROZET",1,39,17,1,1,5755,"rozet",92147,"ROZET",39733.1,39733.1,39733.1,1998,1998,4096,"rozet",1,0.735242475783379
840,"92","148","SEELY 2",1,39,17,1,1,5756,"seely 2",92148,"SEELY 2",40645.206,40645.2,40645.2,2011,2011,4097,"seely 2",1,3.06530087933341
840,"92","150","GVNT VALLEY",1,61,17,1,1,5757,"gvnt valley",92150,"GVNT VALLEY",42652.5,42652.5,42652.5,1998,1998,4098,"gvnt valley",1,6.77408758730421
840,"92","167","Thunder Basin",1,39,17,1,1,5759,"thunder basin",92167,"THUNDER BASIN",43391.097,43391.09,43391.09,2011,2011,4099,"thunder basin",1,0.356542630681736
840,"92","173","RYEGRASS",1,86,10,1,1,5760,"ryegrass",92173,"RYEGRASS",42285.7,42285.7,42285.7,1998,1998,4100,"ryegrass",1,271.516664482623
840,"92","192","CARTER",0,86,10,1,1,5762,"carter",92192,"CARTER",48984.2,48984.2,48984.2,1998,1998,4101,"carter",1,0.232262081153216
840,"92","195","SEEDSKADEE",0,86,10,1,1,5763,"seedskadee",92195,"SEEDSKADEE",39400.1,39400.1,39400.1,1998,1998,4102,"seedskadee",1,3.00940866504868
840,"92","197","ROCK SPRINGS 2",1,84,10,1,1,5764,"rock springs 2",92097,"ROCK SPRINGS",40643.5,40643.5,40643.5,1998,1998,4080,"rock springs",0.952380952380952,4.24646672251709
840,"92","202","RAWLINS 2",1,86,10,1,1,5766,"rawlins 2",92102,"RAWLINS",39513.7,39513.7,39513.7,1998,1998,4083,"rawlins",0.925925925925926,835.617269170505
840,"92","206","CABALLA CRK",1,39,17,1,1,5767,"caballa crk",92206,"CABALLA CRK",43921.2,43921.2,43921.2,1998,1998,4104,"caballa crk",1,5.27499120342982
840,"92","208","MORAN",0,64,10,1,1,5768,"moran",92208,"MORAN",41695.488,41695.49,41695.49,2001,2001,4105,"moran",1,196.228581899605
840,"92","212","BUCKNUM",1,39,17,1,1,5769,"bucknum",92212,"BUCKNUM",44281.4,44281.4,44281.4,1998,1998,4106,"bucknum",1,0.537281382181448
840,"92","214","HAMPSHIRE",1,39,17,1,1,5770,"hampshire",92214,"HAMPSHIRE",46121.2,46121.2,46121.2,1998,1998,4107,"hampshire",1,0.910369470683964
840,"92","224","Patrick Draw 3",0,86,10,1,1,5771,"patrick draw 3",92024,"PATRICK DRAW",39059,39059,39059,1998,1998,4010,"patrick draw",0.952380952380952,1.52224515165756
840,"92","250","MOSKEE 2",0,61,17,1,1,5772,"moskee 2",92250,"MOSKEE 2",37442.809,37442.8,37442.8,2011,2011,4108,"moskee 2",1,3.3199383552651
840,"92","292","CARTER 2",1,86,10,1,1,5773,"carter 2",92192,"CARTER",48984.2,48984.2,48984.2,1998,1998,4101,"carter",0.916666666666667,0.287655644614009
840,"92","295","Seedskadee 2",1,86,10,1,1,5774,"seedskadee 2",92195,"SEEDSKADEE",39400.1,39400.1,39400.1,1998,1998,4102,"seedskadee",0.944444444444444,9.90110571123818
840,"92","308","COLTER BAY 2",1,64,10,1,1,5775,"colter bay 2",92008,"COLTER BAY",46775.5,46775.5,46775.5,1998,1998,3994,"colter bay",0.944444444444444,50.3169150657099
840,"92","324","Patrick Draw 4",0,86,10,1,1,5776,"patrick draw 4",92024,"PATRICK DRAW",39059,39059,39059,1998,1998,4010,"patrick draw",0.952380952380952,1.52224515165756
840,"92","424","Patrick Draw 5",0,86,10,1,1,5778,"patrick draw 5",92024,"PATRICK DRAW",39059,39059,39059,1998,1998,4010,"patrick draw",0.952380952380952,1.52224515165756
840,"92","524","Patrick Draw 6",1,86,10,1,1,5779,"patrick draw 6",92024,"PATRICK DRAW",39059,39059,39059,1998,1998,4010,"patrick draw",0.952380952380952,1.52224515165756
840,"92","901","YELLOWSTONE",1,64,10,1,2,5781,"yellowstone",92901,"YELLOWSTONE",39025.9,39025.9,39025.9,1998,1998,4110,"yellowstone",1,9.04911785377469
840,"92","902","PRIOR FLATS",1,86,10,1,2,5782,"prior flats",92902,"PRIOR FLATS",39255.9,39255.9,39255.9,1998,1998,4111,"prior flats",1,475.273884641944
