"pt_id","line_id","match_step","RouteName","RTENAME"
1,1,"step1_similar_name_1km","ST FLORIAN","ST FLORIAN"
2,2,"step1_similar_name_1km","HILLSBORO","HILLSBORO"
4,3,"step1_similar_name_1km","TRADE","TRADE"
5,4,"step1_similar_name_1km","SUMMITT","SUMMITT"
6,5,"step1_similar_name_1km","VALHERMOSO SPGS","VALHRMSA SPG"
7,6,"step1_similar_name_1km","SWAIM","SWAIM"
8,7,"step1_similar_name_1km","PINE GROVE","PINE GROVE"
9,8,"step1_similar_name_1km","DAWSON","DAWSON"
10,9,"step1_similar_name_1km","MILLERVILLE","MILLERVILLE"
11,10,"step1_similar_name_1km","DEARMANVILLE","DEARMANVILLE"
12,11,"step1_similar_name_1km","SUNNY EVE","SUNNY EVE"
13,12,"step1_similar_name_1km","GREENSPORT","GREENSPORT"
14,13,"step1_similar_name_1km","SMYER LAKE","SMYER LAKE"
15,14,"step1_similar_name_1km","MT OLIVE","MT OLIVE"
16,15,"step1_similar_name_1km","HOWARD","HOWARD"
17,16,"step1_similar_name_1km","MAYTOWN","MAYTOWN"
19,17,"step1_similar_name_1km","LIBERTY","LIBERTY"
20,18,"step1_similar_name_1km","RIDERWOOD","RIDERWOOD"
21,19,"step1_similar_name_1km","LINDEN","LINDEN"
22,20,"step1_similar_name_1km","HARRELL","HARRELL"
23,21,"step1_similar_name_1km","GREENSBORO","GREENSBORO"
24,22,"step1_similar_name_1km","SPRAGUE","SPRAGUE"
25,23,"step1_similar_name_1km","BILLINGSLEY","BILLINGSLEY"
26,24,"step1_similar_name_1km","WALLSBORO","WALLSBORO"
27,25,"step1_similar_name_1km","WARRIOR STD","WARRIOR STD"
28,26,"step1_similar_name_1km","LANETT","LANETT"
29,27,"step1_similar_name_1km","COTTONTON","COTTONTON"
30,28,"step1_similar_name_1km","NEWTON","NEWTON"
31,29,"step1_similar_name_1km","GRANGEBURG","GRANGEBURG"
32,30,"step1_similar_name_1km","BRUNDIDGE","BRUNDIDGE"
33,31,"step1_similar_name_1km","BRANTLEY","BRANTLEY"
34,32,"step1_similar_name_1km","SOUTH","SOUTH"
35,33,"step1_similar_name_1km","MCLELLAN","MCLELLAN"
36,34,"step1_similar_name_1km","BEATRICE","BEATRICE"
37,35,"step1_similar_name_1km","LATHAM","LATHAM"
38,36,"step1_similar_name_1km","CASTLEBERRY","CASTLEBERRY"
39,37,"step1_similar_name_1km","MILLRY","MILLRY"
40,38,"step1_similar_name_1km","DAUPHIN IS","DAUPHIN IS"
41,39,"step1_similar_name_1km","ALABAMA PT","ALABAMA PT"
42,40,"step1_similar_name_1km","FOLEY","FOLEY"
43,41,"step1_similar_name_1km","BLOCTON","BLOCTON"
44,42,"step1_similar_name_1km","BIRMINGHAM","BIRMINGHAM"
45,43,"step1_similar_name_1km","WHITEHOUSE","WHITEHOUSE"
46,44,"step1_similar_name_1km","GUNTERSVILLE","GUNTERSVILLE"
47,45,"step1_similar_name_1km","JENA","JENA"
48,46,"step1_similar_name_1km","EPES","EPES"
49,47,"step1_similar_name_1km","WEDGEWORTH","WEDGEWORTH"
50,48,"step1_similar_name_1km","WHITEHALL","WHITEHALL"
51,49,"step1_similar_name_1km","LIBERTY CITY","LIBERTY CITY"
52,50,"step1_similar_name_1km","ESCATAWPA","ESCATAWPA"
53,51,"step1_similar_name_1km","GROVE HILL","GROVE HILL"
54,52,"step1_similar_name_1km","FAIRVIEW","FAIRVIEW"
55,53,"step1_similar_name_1km","ELAMVILLE","ELAMVILLE"
56,54,"step1_similar_name_1km","CHILDERSBURG","CHILDERSBURG"
57,55,"step1_similar_name_1km","YOUNGTOWN","YOUNGTOWN"
58,56,"step1_similar_name_1km","MENTONE","MENTONE"
59,57,"step1_similar_name_1km","CARROLLTON","CARROLLTON"
60,58,"step1_similar_name_1km","HOLT","HOLT"
61,59,"step1_similar_name_1km","ODENVILLE","ODENVILLE"
62,60,"step1_similar_name_1km","BORDEN SPRNG","BORDEN SPRNG"
63,61,"step1_similar_name_1km","ROCK CHAPEL","ROCK CHAPEL"
64,62,"step1_similar_name_1km","NIXBURG","NIXBURG"
65,63,"step1_similar_name_1km","CALEBEE","CALEBEE"
66,64,"step1_similar_name_1km","APPLETON","APPLETON"
67,65,"step1_similar_name_1km","MT. GILEAD","MT. GILEAD"
68,66,"step1_similar_name_1km","MADRID","MADRID"
69,67,"step1_similar_name_1km","GEORGETOWN","GEORGETOWN"
70,68,"step1_similar_name_1km","BON SECOUR","BON SECOUR"
71,69,"step1_similar_name_1km","WHEELER DAM","WHEELER DAM"
72,70,"step1_similar_name_1km","ELKMONT","ELKMONT"
73,71,"step1_similar_name_1km","WOODVILLE","WOODVILLE"
75,72,"step1_similar_name_1km","COURTLAND","COURTLAND"
76,73,"step1_similar_name_1km","BROOKSVILLE","BROOKSVILLE"
77,5,"step1_similar_name_1km","VALHERMOSO SPG 2","VALHRMSA SPG"
78,74,"step1_similar_name_1km","LAKEVIEW","LAKEVIEW"
79,75,"step1_similar_name_1km","CHOCCOLOCCO","CHOCCOLOCCO"
80,76,"step1_similar_name_1km","LATHAM 2","LATHAM II"
81,38,"step1_similar_name_1km","DAUPHIN IS 2","DAUPHIN IS"
82,78,"step1_similar_name_1km","ALABAMA PT 2","ALABAMA PT 2"
83,79,"step1_similar_name_1km","ELBERTA","ELBERTA"
85,80,"step1_similar_name_1km","KYMULGA","KYMULGA"
86,81,"step1_similar_name_1km","Borden Springs 2","BORDEN SPRINGS II"
87,82,"step1_similar_name_1km","NIXBURG 2","NIXBURG 2"
88,83,"step1_similar_name_1km","VINA","VINA"
89,84,"step1_similar_name_1km","CARTER GROVE","CARTER GROVE"
90,85,"step1_similar_name_1km","STEVENSON","STEVENSON"
92,87,"step1_similar_name_1km","JASPER","JASPER"
93,88,"step1_similar_name_1km","ONEONTA","ONEONTA"
94,89,"step1_similar_name_1km","TALLADEGA","TALLADEGA"
97,92,"step1_similar_name_1km","AUTAUGAVILLE","AUTAUGAVILLE"
98,93,"step1_similar_name_1km","SEALE","SEALE"
100,95,"step1_similar_name_1km","CLAIBORNE","CLAIBORNE"
101,96,"step1_similar_name_1km","HELICON","HELICON"
102,97,"step1_similar_name_1km","EUFAULA","EUFAULA"
103,98,"step1_similar_name_1km","ST. ELMO","ST. ELMO"
104,99,"step1_similar_name_1km","BAY MINETTE","BAY MINETTE"
106,100,"step1_similar_name_1km","DRUMMOND","DRUMMOND"
107,101,"step1_similar_name_1km","TRIANA","TRIANA"
110,104,"step1_similar_name_1km","GAINESTOWN FERRY","GAINESTOWN FERRY"
111,105,"step1_similar_name_1km","Chacaloochee Bay","CHACALOOCHEE BAY"
112,70,"step1_similar_name_1km","ELKMONT","ELKMONT"
114,106,"step1_similar_name_1km","EAGLE","EAGLE"
115,107,"step1_similar_name_1km","CIRCLE","CIRCLE"
116,108,"step1_similar_name_1km","CHATANIKA R","CHATANIKA R"
117,109,"step1_similar_name_1km","BIRCH LAKE","BIRCH LAKE"
118,110,"step1_similar_name_1km","LIVENGOOD","LIVENGOOD"
119,111,"step1_similar_name_1km","NEBESNA","NEBESNA"
120,112,"step1_similar_name_1km","SLANA","SLANA"
121,113,"step1_similar_name_1km","TOWER BLUFFS","TOWER BLUFFS"
122,114,"step1_similar_name_1km","CHISTOCHINA","CHISTOCHINA"
123,115,"step1_similar_name_1km","NORTHWAY","NORTHWAY"
124,116,"step1_similar_name_1km","MACLAREN","MACLAREN"
125,117,"step1_similar_name_1km","MONAHAN","MONAHAN"
126,118,"step1_similar_name_1km","CANTWELL","CANTWELL"
127,119,"step1_similar_name_1km","TOKLAT","TOKLAT"
129,121,"step1_similar_name_1km","GOOSE BAY","GOOSE BAY"
130,122,"step1_similar_name_1km","SKILAK LAKE","SKILAK LAKE"
132,123,"step1_similar_name_1km","JUNEAU ALT","JUNEAU ALT"
133,124,"step1_similar_name_1km","JUNEAU","JUNEAU"
134,125,"step1_similar_name_1km","CRAIG","CRAIG"
135,126,"step1_similar_name_1km","KETCHIKAN","KETCHIKAN"
136,127,"step1_similar_name_1km","HAINES","HAINES"
138,128,"step1_similar_name_1km","KALIFONSKY","KALIFONSKY"
139,129,"step1_similar_name_1km","MATANUSKA","MATANUSKA"
140,130,"step1_similar_name_1km","WILLOW","WILLOW"
142,158,"step1_similar_name_1km","CHENA RIVER","CHENA HOT SPRING 2"
143,133,"step1_similar_name_1km","L SALCHA","L SALCHA"
144,134,"step1_similar_name_1km","CHENA HOT SP","CHENA HOT SP"
145,135,"step1_similar_name_1km","CORDOVA","CORDOVA"
146,136,"step1_similar_name_1km","THOMPSON PAS","THOMPSON PAS"
147,137,"step1_similar_name_1km","KENNY LAKE","KENNY LAKE"
148,138,"step1_similar_name_1km","SHEEP MTN","SHEEP MTN"
149,139,"step1_similar_name_1km","SOURDOUGH","SOURDOUGH"
150,140,"step1_similar_name_1km","TONSINA","TONSINA"
151,141,"step1_similar_name_1km","KATMAI N.P.","KATMAI N.P."
152,142,"step1_similar_name_1km","BEAR CREEK","BEAR CREEK"
153,143,"step1_similar_name_1km","ADAK","ADAK"
154,144,"step1_similar_name_1km","CHICKEN","CHICKEN"
155,145,"step1_similar_name_1km","GLENALLEN","GLENALLEN"
156,146,"step1_similar_name_1km","CHULITNA","CHULITNA"
157,147,"step1_similar_name_1km","SAVAGE","SAVAGE"
158,148,"step1_similar_name_1km","MOOSE PASS","MOOSE PASS"
159,149,"step1_similar_name_1km","HATCHER PASS","HATCHER PASS"
160,150,"step1_similar_name_1km","SWAN LAKE RD","SWAN LAKE RD"
161,151,"step1_similar_name_1km","ANCHOR RIVER","ANCHOR RIVER"
162,152,"step1_similar_name_1km","PETERSBURG","PETERSBURG"
163,153,"step1_similar_name_1km","SITKA","SITKA"
164,154,"step1_similar_name_1km","THORNE BAY","THORNE BAY"
165,155,"step1_similar_name_1km","ZIMOVIA STRT","ZIMOVIA STRT"
166,156,"step1_similar_name_1km","YAKUTAT","YAKUTAT"
167,157,"step1_similar_name_1km","CHINIAK","CHINIAK"
169,158,"step1_similar_name_1km","CHENA HOT SPRING 2","CHENA HOT SPRING 2"
170,159,"step1_similar_name_1km","DILLINGHAM","DILLINGHAM"
171,234,"step1_similar_name_1km","COLD BAY","COLD BAY"
172,235,"step1_similar_name_1km","KING SALMON","KING SALMON"
173,162,"step1_similar_name_1km","LAKE LOUISE","LAKE LOUISE"
174,163,"step1_similar_name_1km","SU BRIDGE","SU BRIDGE"
175,164,"step1_similar_name_1km","HOPE","HOPE"
177,166,"step1_similar_name_1km","COHOE","COHOE"
178,167,"step1_similar_name_1km","SELDOVIA","SELDOVIA"
179,168,"step1_similar_name_1km","MITKOF ISLE","MITKOF ISLE"
181,155,"step1_similar_name_1km","ZIMOVIA STRT","ZIMOVIA STRT"
182,131,"step1_similar_name_1km","Kodiak 2","KODIAK"
183,171,"step1_similar_name_1km","NICHOLAI SL","NICHOLAI SL"
184,172,"step1_similar_name_1km","PETERSVILLE","PETERSVILLE"
185,173,"step1_similar_name_1km","SEVEN LAKES","SEVEN LAKES"
186,174,"step1_similar_name_1km","KACHEMAK","KACHEMAK"
187,224,"step1_similar_name_1km","HARLEQUIN L.","HARLEQUIN L"
188,176,"step1_similar_name_1km","DIETRICH CMP","DIETRICH CMP"
189,177,"step1_similar_name_1km","BURMA ROAD","BURMA ROAD"
190,178,"step1_similar_name_1km","CAPE NOME","CAPE NOME"
191,179,"step1_similar_name_1km","CARIBOU MTN.","CARIBOU MTN."
192,180,"step1_similar_name_1km","COLDFOOT","COLDFOOT"
193,181,"step1_similar_name_1km","COUNCIL","COUNCIL"
194,182,"step1_similar_name_1km","DONELLY DOME","DONELLY DOME"
195,183,"step1_similar_name_1km","UNALAKLEET RIVER","UNALAKLEET RIVER"
198,186,"step1_similar_name_1km","HATHER CREEK","HATHER CREEK"
200,188,"step1_similar_name_1km","WHALE PASS","WHALE PASS"
201,189,"step1_similar_name_1km","TANGLE LAKES","TANGLE LAKES"
202,190,"step1_similar_name_1km","KANUTI CANYN","KANUTI CANYN"
203,191,"step1_similar_name_1km","MCGRATH","MCGRATH"
204,192,"step1_similar_name_1km","KOYUKUK RIV.","KOYUKUK RIV."
206,194,"step1_similar_name_1km","MANLEY HT SP","MANLEY HT SP"
207,195,"step1_similar_name_1km","MOOSE CREEK","MOOSE CREEK"
208,196,"step1_similar_name_1km","MT. FAIRPLAY","MT. FAIRPLAY"
209,197,"step1_similar_name_1km","MUD RIVER","MUD RIVER"
210,198,"step1_similar_name_1km","NOME","NOME"
212,200,"step1_similar_name_1km","SALMON LAKE","SALMON LAKE"
213,201,"step1_similar_name_1km","SKAGWAY","SKAGWAY"
214,202,"step1_similar_name_1km","ST. MARY'S","ST. MARY"
215,203,"step1_similar_name_1km","TELLER","TELLER"
216,204,"step1_similar_name_1km","MURPHY DOME","MURPHY DOME"
217,205,"step1_similar_name_1km","ZAREMBO","ZAREMBO"
218,206,"step1_similar_name_1km","PORCUPINE R.","PORCUPINE R."
219,207,"step1_similar_name_1km","DELTA","DELTA"
221,209,"step1_similar_name_1km","ANVIK RIVER","ANVIK RIVER"
222,210,"step1_similar_name_1km","TOGIAK RIVER","TOGIAK RIVER"
224,212,"step1_similar_name_1km","GWEEK RIVER","GWEEK RIVER"
225,213,"step1_similar_name_1km","TUPUKNUK","TUPUKNUK"
226,214,"step1_similar_name_1km","RED DOG","RED DOG"
229,217,"step1_similar_name_1km","KANEKTOK RIV","KANEKTOK RIV"
230,218,"step1_similar_name_1km","KOTZEBUE","KOTZEBUE"
231,219,"step1_similar_name_1km","Kanuti Lake","KANUTI LAKE"
232,220,"step1_similar_name_1km","GOODNEWS BAY","GOODNEWS BAY"
233,221,"step1_similar_name_1km","KOBUK RIVER (Short)","KOBUK RIVER"
234,222,"step1_similar_name_1km","PINOCHE TRAL (Short)","PINOCHE TRAL"
235,223,"step1_similar_name_1km","KENAI LAKE (Short)","KENAI LAKE"
237,224,"step1_similar_name_1km","HARLEQUIN L (Short)","HARLEQUIN L"
238,153,"step1_similar_name_1km","SITKA (Short)","SITKA"
241,226,"step1_similar_name_1km","ALPENGLOW (Short)","ALPENGLOW"
242,227,"step1_similar_name_1km","COPPER RIVER","COPPER RIVER"
244,229,"step1_similar_name_1km","DILLINGHAM (Short)","DILLINGHAM"
246,231,"step1_similar_name_1km","SELAWIK (Short)","SELAWIK"
247,232,"step1_similar_name_1km","GALENA (Short)","GALENA"
248,218,"step1_similar_name_1km","KOTZEBUE (Short)","KOTZEBUE"
249,234,"step1_similar_name_1km","COLD BAY (Short)","COLD BAY"
250,235,"step1_similar_name_1km","KING SALMON (Short)","KING SALMON"
251,236,"step1_similar_name_1km","PAXSON LAKE","PAXSON LAKE"
252,237,"step1_similar_name_1km","NABESNA ROAD","NABESNA ROAD"
254,239,"step1_similar_name_1km","MCCARTHY RD2","MCCARTHY RD2"
255,240,"step1_similar_name_1km","STIKINE RIVER","STIKINE RIVER"
256,241,"step1_similar_name_1km","KUIU ISLAND","KUIU ISLAND"
475,242,"step1_similar_name_1km","MT TRUMBULL","MT TRUMBULL"
476,243,"step1_similar_name_1km","HOUSE ROCK","HOUSE ROCK"
477,244,"step1_similar_name_1km","THE GAP","THE GAP"
478,245,"step1_similar_name_1km","BLACK MESA","BLACK MESA"
479,246,"step1_similar_name_1km","ROUND ROCK","ROUND ROCK"
480,247,"step1_similar_name_1km","SQUAW PEAK","SQUAW PEAK"
481,248,"step1_similar_name_1km","YAMPAI","YAMPAI"
482,249,"step1_similar_name_1km","ROSE WELLS","ROSE WELLS"
483,250,"step1_similar_name_1km","FLAGSTAFF","FLAGSTAFF"
484,251,"step1_similar_name_1km","ORAIBI","ORAIBI"
485,252,"step1_similar_name_1km","SAWMILL","SAWMILL"
486,253,"step1_similar_name_1km","OATMAN","OATMAN"
487,254,"step1_similar_name_1km","WIKIEUP","WIKIEUP"
488,255,"step1_similar_name_1km","PRESCOTT","PRESCOTT"
489,256,"step1_similar_name_1km","MORMON LAKE","MORMON LAKE"
490,257,"step1_similar_name_1km","ZENIFF","ZENIFF"
491,258,"step1_similar_name_1km","HUNT","HUNT"
492,259,"step1_similar_name_1km","QUARTZSITE","QUARTZSITE"
493,260,"step1_similar_name_1km","VICKSBURG","VICKSBURG"
494,261,"step1_similar_name_1km","NEW RIVER","NEW RIVER"
495,262,"step1_similar_name_1km","FLORENCE","FLORENCE"
496,263,"step1_similar_name_1km","AZTEC PEAK","AZTEC PEAK"
497,264,"step1_similar_name_1km","BLUE","BLUE"
498,265,"step1_similar_name_1km","LAGUNA","LAGUNA"
499,266,"step1_similar_name_1km","DATELAND","DATELAND"
500,267,"step1_similar_name_1km","AJO","AJO"
501,268,"step1_similar_name_1km","COOLIDGE","COOLIDGE"
502,269,"step1_similar_name_1km","POMERENE","POMERENE"
503,270,"step1_similar_name_1km","SAN SIMON","SAN SIMON"
504,271,"step1_similar_name_1km","LUKEVILLE","LUKEVILLE"
505,272,"step1_similar_name_1km","PEÑA BLANCA","PENA BLANCA"
506,273,"step1_similar_name_1km","PATAGONIA","PATAGONIA"
507,274,"step1_similar_name_1km","SUNIZONA","SUNIZONA"
508,275,"step1_similar_name_1km","TOROWEAP","TOROWEAP"
509,276,"step1_similar_name_1km","DRY PARK","DRY PARK"
510,277,"step1_similar_name_1km","PAGE","PAGE"
511,278,"step1_similar_name_1km","COW SPRINGS","COW SPRINGS"
512,279,"step1_similar_name_1km","MANY FARMS","MANY FARMS"
513,280,"step1_similar_name_1km","RIVIERA","RIVIERA"
514,281,"step1_similar_name_1km","ANTARES","ANTARES"
515,282,"step1_similar_name_1km","WILLIAMS","WILLIAMS"
516,283,"step1_similar_name_1km","MAINE","MAINE"
517,284,"step1_similar_name_1km","CASTLE BUTTE","CASTLE BUTTE"
518,285,"step1_similar_name_1km","GREASEWOOD","GREASEWOOD"
519,286,"step1_similar_name_1km","ALAMO RES.","ALAMO RES."
520,287,"step1_similar_name_1km","SKULL VALLEY","SKULL VALLEY"
521,288,"step1_similar_name_1km","TONTO VILL.","TONTO VILL."
522,289,"step1_similar_name_1km","FOREST LAKES","FOREST LAKES"
523,290,"step1_similar_name_1km","PINETOP","PINETOP"
524,291,"step1_similar_name_1km","CIBOLA LAKE","CIBOLA LAKE"
525,292,"step1_similar_name_1km","GILA BEND","GILA BEND"
526,293,"step1_similar_name_1km","PALO VERDE","PALO VERDE"
527,294,"step1_similar_name_1km","BARTLETT RES","BARTLETT RES"
528,295,"step1_similar_name_1km","CUTTER","CUTTER"
529,296,"step1_similar_name_1km","ALPINE","ALPINE"
530,297,"step1_similar_name_1km","ARABY","ARABY"
531,298,"step1_similar_name_1km","PISINIMO","PISINIMO"
532,299,"step1_similar_name_1km","RED ROCK","RED ROCK"
533,300,"step1_similar_name_1km","REDINGTON","REDINGTON"
534,301,"step1_similar_name_1km","MT. GRAHAM","MT. GRAHAM"
535,302,"step1_similar_name_1km","CABEZA PRIET","CABEZA PRIET"
536,303,"step1_similar_name_1km","AMADO","AMADO"
537,304,"step1_similar_name_1km","SAHUARITA","SAHUARITA"
538,305,"step1_similar_name_1km","MCNEAL","MCNEAL"
540,306,"step1_similar_name_1km","NAVAJO TRAIL","NAVAJO TRAIL"
541,307,"step1_similar_name_1km","KAIBITO","KAIBITO"
542,308,"step1_similar_name_1km","TSAILE","TSAILE"
543,309,"step1_similar_name_1km","WILLOW BEACH","WILLOW BEACH"
544,310,"step1_similar_name_1km","PEACH SPRING","PEACH SPRING"
545,311,"step1_similar_name_1km","SELIGMAN","SELIGMAN"
546,312,"step1_similar_name_1km","HAPPY JACK","HAPPY JACK"
547,313,"step1_similar_name_1km","CLAY SPRING","CLAY SPRING"
548,314,"step1_similar_name_1km","HOPE","HOPE"
549,315,"step1_similar_name_1km","CASA GRANDE","CASA GRANDE"
550,316,"step1_similar_name_1km","CARR MTN","CARR MTN"
551,317,"step1_similar_name_1km","SPRUCEDALE","SPRUCEDALE"
552,318,"step1_similar_name_1km","Ajo 2","AJO 2"
553,319,"step1_similar_name_1km","CACTUS FOREST","CATUS FOREST"
554,320,"step1_similar_name_1km","ORGAN PIPE","ORGAN PIPE"
555,321,"step1_similar_name_1km","PORTAL","PORTAL"
556,322,"step1_similar_name_1km","KLAGETOH","KLAGETOH"
558,293,"step1_similar_name_1km","PALO VERDE 2","PALO VERDE"
560,323,"step1_similar_name_1km","BATES WELL","BATES WELL"
561,299,"step1_similar_name_1km","RED ROCK 2","RED ROCK"
562,324,"step1_similar_name_1km","WILLOW BEACH 2","WILLOW BEACH 2"
565,325,"step1_similar_name_1km","DRAGOON","DRAGOON"
566,326,"step1_similar_name_1km","RUCKER","RUCKER"
567,327,"step1_similar_name_1km","OLD MILO","OLD MILO"
568,328,"step1_similar_name_1km","EUDORA","EUDORA"
570,330,"step1_similar_name_1km","LOCUST BAYOU","LOCUST BAYOU"
571,331,"step1_similar_name_1km","STAMPS","STAMPS"
572,332,"step1_similar_name_1km","HOPE","HOPE"
573,333,"step1_similar_name_1km","ASHDOWN","ASHDOWN"
574,334,"step1_similar_name_1km","HUGHES","HUGHES"
575,335,"step1_similar_name_1km","WEST TYLER","WEST TYLER"
576,336,"step1_similar_name_1km","SOUTH BEND","SOUTH BEND"
578,338,"step1_similar_name_1km","POYEN","POYEN"
579,339,"step1_similar_name_1km","HOLLYWOOD","HOLLYWOOD"
580,340,"step1_similar_name_1km","BLAKELY","BLAKELY"
581,341,"step1_similar_name_1km","WALDRON","WALDRON"
582,342,"step1_similar_name_1km","HARRISBURG","HARRISBURG"
583,343,"step1_similar_name_1km","WHITTON","WHITTON"
584,344,"step1_similar_name_1km","AUGUSTA","AUGUSTA"
585,345,"step1_similar_name_1km","SAFFELL","SAFFELL"
586,346,"step1_similar_name_1km","RUPERT","RUPERT"
587,347,"step1_similar_name_1km","STARK","STARK"
588,348,"step1_similar_name_1km","COAL HILL","COAL HILL"
589,349,"step1_similar_name_1km","LURTON","LURTON"
590,350,"step1_similar_name_1km","MASSARD","MASSARD"
591,351,"step1_similar_name_1km","MAYNARD","MAYNARD"
592,352,"step1_similar_name_1km","ZION","ZION"
593,353,"step1_similar_name_1km","FULTON","FULTON"
594,354,"step1_similar_name_1km","COMPTON","COMPTON"
595,355,"step1_similar_name_1km","AVOCA","AVOCA"
596,356,"step1_similar_name_1km","Centerton","CENTERTON"
597,357,"step1_similar_name_1km","Farwell","FARWELL"
598,358,"step1_similar_name_1km","Yellville","YELLVILLE"
599,359,"step1_similar_name_1km","Ravenden Springs","RAVENDEN SPRINGS"
600,360,"step1_similar_name_1km","Lafe","LAFE"
601,361,"step1_similar_name_1km","Dell","DELL"
602,362,"step1_similar_name_1km","Hickory Ridge","HICKORY RIDGE"
603,363,"step1_similar_name_1km","Russell","RUSSELL"
604,364,"step1_similar_name_1km","Marshall","MARSHALL"
605,365,"step1_similar_name_1km","Havana","HAVANA"
606,366,"step1_similar_name_1km","Hatfield","HATFIELD"
607,367,"step1_similar_name_1km","Sims","SIMS"
608,368,"step1_similar_name_1km","England","ENGLAND"
609,369,"step1_similar_name_1km","Gillett","GILLETT"
610,370,"step1_similar_name_1km","Lockesburg","LOCKESBURG"
611,371,"step1_similar_name_1km","Springhill","SPRINGHILL"
612,372,"step1_similar_name_1km","Stephens","STEPHENS"
613,373,"step1_similar_name_1km","Kelso","KELSO"
614,374,"step1_similar_name_1km","Rudy","RUDY"
615,375,"step1_similar_name_1km","EUDORA 2","EUDORA 2"
616,376,"step1_similar_name_1km","PRINCETON","PRINCETON"
617,377,"step1_similar_name_1km","ULM","ULM"
618,378,"step1_similar_name_1km","NANCE","NANCE"
619,379,"step1_similar_name_1km","Poyen 2","POYEN 2"
620,380,"step1_similar_name_1km","DRY FORK","DRY FORK"
621,381,"step1_similar_name_1km","WILSON","WILSON"
622,382,"step1_similar_name_1km","AUGUSTA 2","AUGUSTA 2"
623,366,"step1_similar_name_1km","Hatfield 2","HATFIELD"
624,376,"step1_similar_name_1km","Princeton 2","PRINCETON"
626,383,"step1_similar_name_1km","OZARK NF","OZARK NF"
627,384,"step1_similar_name_1km","MAGAZINE MTN","MAGAZINE MTN"
628,385,"step1_similar_name_1km","BOSTON MTN.","BOSTON MTN."
629,386,"step1_similar_name_1km","FOUR LAKES","FOUR LAKES"
820,387,"step1_similar_name_1km","HORSE CREEK","HORSE CREEK"
821,388,"step1_similar_name_1km","CARRVILLE","CARRVILLE"
822,389,"step1_similar_name_1km","NUBIEBER","NUBIEBER"
823,390,"step1_similar_name_1km","CRESCENT CTY","CRESCENT CTY"
824,391,"step1_similar_name_1km","HONEYDEW","HONEYDEW"
825,392,"step1_similar_name_1km","HOLMES","HOLMES"
826,393,"step1_similar_name_1km","RED BLUFF","RED BLUFF"
827,394,"step1_similar_name_1km","LASSEN PARK","LASSEN PARK"
828,395,"step1_similar_name_1km","EAGLE LAKE","EAGLE LAKE"
829,396,"step1_similar_name_1km","CALPELLA","CALPELLA"
830,397,"step1_similar_name_1km","HULLVILLE","HULLVILLE"
831,398,"step1_similar_name_1km","PENNINGTON","PENNINGTON"
832,399,"step1_similar_name_1km","WESTVILLE","WESTVILLE"
833,400,"step1_similar_name_1km","FISH ROCK","FISH ROCK"
834,401,"step1_similar_name_1km","RUMSEY","RUMSEY"
836,403,"step1_similar_name_1km","COTTAGE SPGS","COTTAGE SPGS"
837,404,"step1_similar_name_1km","DARDANELLE","DARDANELLE"
838,405,"step1_similar_name_1km","COLMA","COLMA"
839,406,"step1_similar_name_1km","COLLEGEVILLE","COLLEGEVILLE"
840,407,"step1_similar_name_1km","HUGHSON","HUGHSON"
841,408,"step1_similar_name_1km","BASS LAKE","BASS LAKE"
842,409,"step1_similar_name_1km","BIG PINE","BIG PINE"
843,410,"step1_similar_name_1km","CARUTHERS","CARUTHERS"
844,411,"step1_similar_name_1km","TRES PINOS","TRES PINOS"
845,412,"step1_similar_name_1km","OILFIELDS","OILFIELDS"
846,413,"step1_similar_name_1km","GRAVESBORO","GRAVESBORO"
847,414,"step1_similar_name_1km","YOKOHL VAL","YOKOHL VAL"
848,415,"step1_similar_name_1km","UBEHEBE","UBEHEBE"
849,416,"step1_similar_name_1km","HAIWEE RES","HAIWEE RES"
850,417,"step1_similar_name_1km","WILDROSE","WILDROSE"
851,418,"step1_similar_name_1km","PARKFIELD","PARKFIELD"
852,419,"step1_similar_name_1km","BAKERSFIELD","BAKERSFIELD"
853,420,"step1_similar_name_1km","ONYX","ONYX"
854,421,"step1_similar_name_1km","CALIF CITY","CALIF CITY"
855,422,"step1_similar_name_1km","GOLDSTONE","GOLDSTONE"
856,423,"step1_similar_name_1km","VALLEY WELLS","VALLEY WELLS"
857,424,"step1_similar_name_1km","SANTA YNEZ","SANTA YNEZ"
858,425,"step1_similar_name_1km","FOSTER PARK","FOSTER PARK"
859,426,"step1_similar_name_1km","WILLOW SPGS","WILLOW SPGS"
860,427,"step1_similar_name_1km","BARSTOW","BARSTOW"
861,428,"step1_similar_name_1km","MT PINOS","MT PINOS"
862,429,"step1_similar_name_1km","CADIZ","CADIZ"
863,430,"step1_similar_name_1km","PARKER DAM","PARKER DAM"
864,431,"step1_similar_name_1km","HARBOR LAKE","HARBOR LAKE"
865,432,"step1_similar_name_1km","MORENO","MORENO"
866,433,"step1_similar_name_1km","OAK GROVE","OAK GROVE"
867,434,"step1_similar_name_1km","GLAMIS","GLAMIS"
868,435,"step1_similar_name_1km","PALO VERDE","PALO VERDE"
869,436,"step1_similar_name_1km","SAN YSIDRO","SAN YSIDRO"
870,437,"step1_similar_name_1km","ANZA BORREGO","ANZA BORREGO"
871,438,"step1_similar_name_1km","HOLLISTER","HOLLISTER"
872,439,"step1_similar_name_1km","COALINGA","COALINGA"
873,440,"step1_similar_name_1km","ORANGE COVE","ORANGE COVE"
874,441,"step1_similar_name_1km","LAKE SUCCESS","LAKE SUCCESS"
875,442,"step1_similar_name_1km","DARWIN","DARWIN"
876,443,"step1_similar_name_1km","MORRO BAY","MORRO BAY"
877,444,"step1_similar_name_1km","EUREKA VAL","EUREKA VAL"
878,445,"step1_similar_name_1km","INYOKERN","INYOKERN"
879,446,"step1_similar_name_1km","LENWOOD","LENWOOD"
880,447,"step1_similar_name_1km","LANE MTN","LANE MTN"
881,448,"step1_similar_name_1km","IVANPAH","IVANPAH"
883,450,"step1_similar_name_1km","TECOPA","TECOPA"
884,451,"step1_similar_name_1km","SODA LAKE","SODA LAKE"
885,452,"step1_similar_name_1km","BIG BEAR","BIG BEAR"
886,453,"step1_similar_name_1km","ESSEX","ESSEX"
887,454,"step1_similar_name_1km","FLYNN","FLYNN"
888,455,"step1_similar_name_1km","IRON MTNS","IRON MTNS"
889,456,"step1_similar_name_1km","COACHELLA CN","COACHELLA CN"
890,457,"step1_similar_name_1km","POINT REYES","POINT REYES"
891,458,"step1_similar_name_1km","AUBURN","AUBURN"
892,459,"step1_similar_name_1km","INGALLS","INGALLS"
893,460,"step1_similar_name_1km","MARTINS FY","MARTINS FY"
894,461,"step1_similar_name_1km","RIO DELL","RIO DELL"
895,462,"step1_similar_name_1km","RAVENDALE","RAVENDALE"
896,463,"step1_similar_name_1km","SHASTA LAKE","SHASTA LAKE"
897,464,"step1_similar_name_1km","JOHNSVILLE","JOHNSVILLE"
898,465,"step1_similar_name_1km","COHASSET","COHASSET"
899,466,"step1_similar_name_1km","ORLAND","ORLAND"
900,467,"step1_similar_name_1km","NAVARRO","NAVARRO"
901,468,"step1_similar_name_1km","WOODFORDS","WOODFORDS"
902,469,"step1_similar_name_1km","FAIRFAX","FAIRFAX"
903,470,"step1_similar_name_1km","BENTON","BENTON"
904,471,"step1_similar_name_1km","LUCERNE VAL","LUCERNE VAL"
905,472,"step1_similar_name_1km","HAVASU LAKE","HAVASU LAKE"
907,473,"step1_similar_name_1km","COTTONWOOD","COTTONWOOD"
908,474,"step1_similar_name_1km","NILAND","NILAND"
909,475,"step1_similar_name_1km","BLYTHE","BLYTHE"
910,476,"step1_similar_name_1km","POWAY","POWAY"
911,477,"step1_similar_name_1km","ALAMO RIVER","ALAMO RIVER"
912,478,"step1_similar_name_1km","IMPERIAL DAM","IMPERIAL DAM"
913,479,"step1_similar_name_1km","FT IRWIN","FT IRWIN"
914,480,"step1_similar_name_1km","LUMBERYARD","LUMBERYARD"
915,481,"step1_similar_name_1km","BODIE","BODIE"
916,482,"step1_similar_name_1km","ONO","ONO"
917,483,"step1_similar_name_1km","FOLSOM","FOLSOM"
918,484,"step1_similar_name_1km","S CATALINA","S CATALINA"
920,485,"step1_similar_name_1km","SAWMILL MTN","SAWMILL MTN"
921,486,"step1_similar_name_1km","TUJUNGA","TUJUNGA"
922,487,"step1_similar_name_1km","EL TORO","EL TORO"
923,488,"step1_similar_name_1km","MESA GRANDE","MESA GRANDE"
924,489,"step1_similar_name_1km","LAKE HEMET","LAKE HEMET"
925,490,"step1_similar_name_1km","CARMEL VAL","CARMEL VAL"
926,491,"step1_similar_name_1km","CIMA","CIMA"
927,492,"step1_similar_name_1km","GREENHORN MT","GREENHORN MT"
928,493,"step1_similar_name_1km","VALYERMO","VALERMO"
929,494,"step1_similar_name_1km","PEARBLOSSOM","PEARBLOSSOM"
930,495,"step1_similar_name_1km","FALLSVALE","FALLSVALE"
931,496,"step1_similar_name_1km","SISQUOC","SISQUOC"
933,497,"step1_similar_name_1km","LONE PINE","LONE PINE"
934,498,"step1_similar_name_1km","SILVER CITY","SILVER CITY"
935,499,"step1_similar_name_1km","LOCKWOOD VAL","LOCKWOOD VAL"
936,500,"step1_similar_name_1km","ELSINORE MTN","ELSINORE MTN"
937,501,"step1_similar_name_1km","CP. PENDLETON","CP PENDLETON"
938,502,"step1_similar_name_1km","MT LAGUNA","MT LAGUNA"
939,503,"step1_similar_name_1km","CUYAMACA PK","CUYAMACA PK"
940,504,"step1_similar_name_1km","ADELAIDA","ADELAIDA"
941,505,"step1_similar_name_1km","DEATH VALLEY","DEATH VALLEY"
942,506,"step1_similar_name_1km","MARICOPA","MARICOPA"
943,507,"step1_similar_name_1km","ANZA","ANZA"
944,508,"step1_similar_name_1km","SANGER","SANGER"
945,509,"step1_similar_name_1km","KELSO VALLEY","KELSO VALLEY"
946,510,"step1_similar_name_1km","MT BALDY","MT BALDY"
947,511,"step1_similar_name_1km","GREEN VALLEY","GREEN VALLEY"
949,513,"step1_similar_name_1km","KINGS CANYON","KINGS CANYON"
950,514,"step1_similar_name_1km","ELIZABETH LK","ELIZABETH LK"
951,515,"step1_similar_name_1km","VENTUCOPA","VENTUCOPA"
952,516,"step1_similar_name_1km","SANTA CRUZ I","SANTA CRUZ I"
953,517,"step1_similar_name_1km","LAKE CACHUMA","LAKE CACHUMA"
954,518,"step1_similar_name_1km","JACUMBA","JACUMBA"
955,519,"step1_similar_name_1km","CRESTON","CRESTON"
956,520,"step1_similar_name_1km","GREENWATER V","GREENWATER V"
957,521,"step1_similar_name_1km","CARRIZO PLN","CARRIZO PLN"
958,522,"step1_similar_name_1km","WHITE RIVER","WHITE RIVER"
959,523,"step1_similar_name_1km","MT PINOS 2","MT PINOS 2"
961,524,"step1_similar_name_1km","SHAFTER","SHAFTER"
962,525,"step1_similar_name_1km","ARVIN","ARVIN"
963,526,"step1_similar_name_1km","GLENN","GLENN"
964,527,"step1_similar_name_1km","ATWATER","ATWATER"
965,528,"step1_similar_name_1km","BRAWLEY","BRAWLEY"
966,529,"step1_similar_name_1km","LIKELY","LIKELY"
967,530,"step1_similar_name_1km","CORDOVA","CORDOVA"
968,531,"step1_similar_name_1km","GOLD HILL","GOLD HILL"
969,532,"step1_similar_name_1km","CROWLEY LAKE","CROWLEY LAKE"
970,533,"step1_similar_name_1km","WESTLEY","WESTLEY"
971,534,"step1_similar_name_1km","TUOLUMNE GROVE","TUOLUMNE GR"
972,535,"step1_similar_name_1km","JACKSON","JACKSON"
973,536,"step1_similar_name_1km","SATTLEY","SATTLEY"
974,537,"step1_similar_name_1km","OROVILLE","OROVILLE"
975,538,"step1_similar_name_1km","LONGVALE","LONGVALE"
976,539,"step1_similar_name_1km","TEHAMA","TEHAMA"
977,540,"step1_similar_name_1km","HONEY LAKE","HONEY LAKE"
978,541,"step1_similar_name_1km","REDDING","REDDING"
979,542,"step1_similar_name_1km","JUNCTION CTY","JUNCTION CTY"
980,543,"step1_similar_name_1km","DAVIS CREEK","DAVIS CREEK"
981,544,"step1_similar_name_1km","DORRIS","DORRIS"
982,545,"step1_similar_name_1km","ORLEANS","ORLEANS"
983,546,"step1_similar_name_1km","MACDOEL","MACDOEL"
984,547,"step1_similar_name_1km","MCCLOUD","MCCLOUD"
985,548,"step1_similar_name_1km","BRIDGEPORT","BRIDGEPORT"
986,549,"step1_similar_name_1km","TRANQUILLITY","TRANQUILLITY"
987,550,"step1_similar_name_1km","MORAGA","MORAGA"
988,551,"step1_similar_name_1km","LOCKWOOD","LOCKWOOD"
989,552,"step1_similar_name_1km","OFFIELD MTN","OFFIELD MTN"
990,553,"step1_similar_name_1km","MT SHASTA","MT SHASTA"
991,554,"step1_similar_name_1km","CLEAR LK RES","CLEAR LK RES"
992,555,"step1_similar_name_1km","CEDARVILLE","CEDARVILLE"
993,556,"step1_similar_name_1km","ALDERPOINT","ALDERPOINT"
994,557,"step1_similar_name_1km","YOLLA BOLLY","YOLLA BOLLY"
995,558,"step1_similar_name_1km","BUTTE MEADOW","BUTTE MEADOW"
996,559,"step1_similar_name_1km","GENESEE","GENESEE"
997,560,"step1_similar_name_1km","LAYTONVILLE","LAYTONVILLE"
998,561,"step1_similar_name_1km","BARTLETT SPS","BARTLETT SPS"
999,562,"step1_similar_name_1km","HIGGINS CORN","HIGGINS CORN"
1000,563,"step1_similar_name_1km","DOWNIEVILLE","DOWNIEVILLE"
1001,564,"step1_similar_name_1km","MARK WEST","MARK WEST"
1002,565,"step1_similar_name_1km","ZAMORA","ZAMORA"
1003,566,"step1_similar_name_1km","RIVERTON","RIVERTON"
1004,567,"step1_similar_name_1km","COYOTE","COYOTE"
1005,568,"step1_similar_name_1km","COPPEROPOLIS","COPPEROPOLIS"
1006,569,"step1_similar_name_1km","ONEALS","ONEALS"
1007,570,"step1_similar_name_1km","DEEP SPRINGS","DEEP SPRINGS"
1008,571,"step1_similar_name_1km","BODEGA BAY","BODEGA BAY"
1009,572,"step1_similar_name_1km","WATERMAN GAP","WATERMAN GAP"
1010,573,"step1_similar_name_1km","GREENFIELD","GREENFIELD"
1011,574,"step1_similar_name_1km","ORA LOMA","ORA LOMA"
1012,575,"step1_similar_name_1km","TIPTON","TIPTON"
1013,576,"step1_similar_name_1km","YREKA","YREKA"
1014,577,"step1_similar_name_1km","BARTLE","BARTLE"
1015,578,"step1_similar_name_1km","KORBEL","KORBEL"
1016,579,"step1_similar_name_1km","HAT CREEK","HAT CREEK"
1017,580,"step1_similar_name_1km","GLEN ELLEN","GLEN ELLEN"
1018,581,"step1_similar_name_1km","LIVERMORE","LIVERMORE"
1019,582,"step1_similar_name_1km","ATHLONE","ATHLONE"
1020,583,"step1_similar_name_1km","LAKESHORE","LAKESHORE"
1021,489,"step1_similar_name_1km","Lake Hemet 2","LAKE HEMET"
1022,584,"step1_similar_name_1km","UKIAH","UKIAH"
1023,585,"step1_similar_name_1km","TAHOE NF","TAHOE NF"
1024,586,"step1_similar_name_1km","JOFEGAN","JOFEGAN"
1025,587,"step1_similar_name_1km","CLEVELAND NF","CLEVELAND NF"
1026,588,"step1_similar_name_1km","TRES PINOS 2","TRES PINOS 2"
1027,589,"step1_similar_name_1km","ANZA 2","ANZA 2"
1028,512,"step1_similar_name_1km","JOSHUA TREE 2","JOSHUA TREE"
1031,590,"step1_similar_name_1km","BUENA VISTA","BUENA VISTA"
1032,438,"step1_similar_name_1km","Hollister 2","HOLLISTER"
1033,446,"step1_similar_name_1km","LENWOOD 2","LENWOOD"
1034,545,"step1_similar_name_1km","ORLEANS 2","ORLEANS"
1036,591,"step1_similar_name_1km","GLEN ELLEN 2","GLEN ELLEN 2"
1037,592,"step1_similar_name_1km","TRACY","TRACY"
1038,593,"step1_similar_name_1km","CHAOS CRATER","CHAOS CRATER"
1039,594,"step1_similar_name_1km","ANGELUS OAKS","ANGELUS OAKS"
1040,595,"step1_similar_name_1km","PESCADERO","PESCADERO"
1041,596,"step1_similar_name_1km","COLLEGEVILLE 2","COLLEGEVILLE 2"
1043,597,"step1_similar_name_1km","CAL HOT SPGS","CAL HOT SPGS"
1044,431,"step1_similar_name_1km","Harbor Lake 2","HARBOR LAKE"
1045,598,"step1_similar_name_1km","STATEN IS.","STATEN IS."
1046,599,"step1_similar_name_1km","POLOMA","POLOMA"
1047,600,"step1_similar_name_1km","WOODLANDS","WOODLANDS"
1048,601,"step1_similar_name_1km","HIOUCHI","HIOUCHI"
1049,602,"step1_similar_name_1km","LONESOME RDG","LONESOME RDG"
1050,603,"step1_similar_name_1km","WHISKEYTOWN","WHISKEYTOWN"
1051,604,"step1_similar_name_1km","DIRIGIO","DIRIGIO"
1053,606,"step1_similar_name_1km","TIONESTA","TIONESTA"
1054,607,"step1_similar_name_1km","CROWDER FLAT","CROWDER FLAT"
1055,608,"step1_similar_name_1km","MADELINE","MADELINE"
1056,609,"step1_similar_name_1km","BURNT RANCH","BURNT RANCH"
1057,610,"step1_similar_name_1km","FRENCH GULCH","FRENCH GULCH"
1058,611,"step1_similar_name_1km","TOMHEAD","TOMHEAD"
1059,612,"step1_similar_name_1km","FALL RIVER MILLS","FALL RIVER MILLS"
1060,613,"step1_similar_name_1km","CHESTER","CHESTER"
1061,614,"step1_similar_name_1km","GOUMAZ","GOUMAZ"
1062,615,"step1_similar_name_1km","PAXTON","PAXTON"
1063,616,"step1_similar_name_1km","MEADOW VALLEY","MEADOW VALLEY"
1065,618,"step1_similar_name_1km","FOREST HILL","FOREST HILL"
1066,619,"step1_similar_name_1km","POLLOCK PINES","POLLOCK PINES"
1067,620,"step1_similar_name_1km","PLACERVILLE","PLACERVILLE"
1068,621,"step1_similar_name_1km","COULTERVILLE","COULTERVILLE"
1069,622,"step1_similar_name_1km","WAWONA","WAWONA"
1070,623,"step1_similar_name_1km","PINE MOUNTAIN","PINE MOUNTAIN"
1071,624,"step1_similar_name_1km","KERNVILLE","KERNVILLE"
1072,625,"step1_similar_name_1km","SOUTH LAKE","SOUTH LAKE"
1073,626,"step1_similar_name_1km","CRESTVIEW","CRESTVIEW"
1074,627,"step1_similar_name_1km","ALAMAR","ALAMAR"
1075,628,"step1_similar_name_1km","BIG FLAT","BIG FLAT"
1076,629,"step1_similar_name_1km","CECILVILLE","CECILVILLE"
1078,631,"step1_similar_name_1km","HAY FORK","HAY FORK"
1079,632,"step1_similar_name_1km","HOUGH SPRINGS","HOUGH SPRINGS"
1080,633,"step1_similar_name_1km","CHILCOOT","CHILCOOT"
1081,634,"step1_similar_name_1km","STRAWBERRY","STRAWBERRY"
1082,643,"step1_similar_name_1km","FRIDAY RIDGE","FRIDAY RIDGE"
1083,636,"step1_similar_name_1km","LAST CHANCE","LAST CHANCE"
1085,580,"step1_similar_name_1km","Glen Ellen 3","GLEN ELLEN"
1086,637,"step1_similar_name_1km","Tracy 2","TRACY 2"
1087,618,"step1_similar_name_1km","FOREST HILL 2","FOREST HILL"
1088,586,"step1_similar_name_1km","Jofegan 2","JOFEGAN"
1089,638,"step1_similar_name_1km","SQUAW VALLEY","SQUAW VALLEY"
1090,639,"step1_similar_name_1km","IRON GATE","IRON GATE"
1091,640,"step1_similar_name_1km","GAZELLE","GAZELLE"
1092,641,"step1_similar_name_1km","SHIP MTN.","SHIP MTN."
1093,642,"step1_similar_name_1km","PILOT CREEK","PILOT CREEK"
1094,643,"step1_similar_name_1km","FRIDAY RIDGE","FRIDAY RIDGE"
1095,644,"step1_similar_name_1km","CHOLLA GARD.","CHOLLA GARD."
1096,645,"step1_similar_name_1km","REDWOOD N.P.","REDWOOD N.P."
1097,646,"step1_similar_name_1km","SAN BENITO MTN.","SAN BENITO MTN."
1099,647,"step1_similar_name_1km","SOUTH FORK MTN","SOUTH FORK MTN"
1100,648,"step1_similar_name_1km","MAYBELL","MAYBELL"
1101,649,"step1_similar_name_1km","GREAT DIVIDE","GREAT DIVIDE"
1102,650,"step1_similar_name_1km","YAMPA","YAMPA"
1103,651,"step1_similar_name_1km","HARMONY","HARMONY"
1104,652,"step1_similar_name_1km","BRIGGSDALE","BRIGGSDALE"
1105,653,"step1_similar_name_1km","PINNEO","PINNEO"
1106,654,"step1_similar_name_1km","FLEMING","FLEMING"
1107,655,"step1_similar_name_1km","DOUGLAS PASS","DOUGLAS PASS"
1108,656,"step1_similar_name_1km","BUFORD","BUFORD"
1109,657,"step1_similar_name_1km","ASPEN","ASPEN"
1111,659,"step1_similar_name_1km","KIOWA","KIOWA"
1112,660,"step1_similar_name_1km","LAST CHANCE","LAST CHANCE"
1113,661,"step1_similar_name_1km","ABARR","ABARR"
1114,662,"step1_similar_name_1km","DELTA","DELTA"
1115,663,"step1_similar_name_1km","COLONA","COLONA"
1116,664,"step1_similar_name_1km","PARLIN","PARLIN"
1117,665,"step1_similar_name_1km","MOFFAT","MOFFAT"
1118,666,"step1_similar_name_1km","RUSH","RUSH"
1119,667,"step1_similar_name_1km","BOYERO","BOYERO"
1120,668,"step1_similar_name_1km","LAMAR","LAMAR"
1122,670,"step1_similar_name_1km","FALFA","FALFA"
1123,671,"step1_similar_name_1km","PAGOSA SPGS","PAGOSA SPGS"
1124,672,"step1_similar_name_1km","BLANCA","BLANCA"
1125,673,"step1_similar_name_1km","MICA BUTTE","MICA BUTTE"
1126,674,"step1_similar_name_1km","GILPIN","GILPIN"
1127,675,"step1_similar_name_1km","TWO BUTTES","TWO BUTTES"
1128,676,"step1_similar_name_1km","WRAY GULCH","WRAY GULCH"
1129,677,"step1_similar_name_1km","WILSON CREEK","WILSON CREEK"
1130,678,"step1_similar_name_1km","WALDEN","WALDEN"
1131,679,"step1_similar_name_1km","LOST LAKE","LOST LAKE"
1132,680,"step1_similar_name_1km","HUDSON","HUDSON"
1133,681,"step1_similar_name_1km","WILDHORSE L","WILDHORSE L"
1134,682,"step1_similar_name_1km","WAVERLY","WAVERLY"
1135,683,"step1_similar_name_1km","FRUITA","FRUITA"
1136,684,"step1_similar_name_1km","WILLOW PEAK","WILLOW PEAK"
1137,685,"step1_similar_name_1km","RED CLIFF","RED CLIFF"
1138,686,"step1_similar_name_1km","TARRYALL","TARRYALL"
1139,687,"step1_similar_name_1km","ADAMS CO.","ADAMS CO."
1140,688,"step1_similar_name_1km","GORDON CREEK","GORDON CREEK"
1141,689,"step1_similar_name_1km","BETHUNE","BETHUNE"
1142,690,"step1_similar_name_1km","UNCOMPAHGRE","UNCOMPAHGRE"
1143,691,"step1_similar_name_1km","CASTLETON","CASTLETON"
1144,692,"step1_similar_name_1km","DOYLEVILLE","DOYLEVILLE"
1145,693,"step1_similar_name_1km","GUFFEY","GUFFEY"
1146,694,"step1_similar_name_1km","EDISON","EDISON"
1147,695,"step1_similar_name_1km","CROWLEY","CROWLEY"
1148,696,"step1_similar_name_1km","CHEYENNE","CHEYENNE"
1149,697,"step1_similar_name_1km","DOLORES RIV","DOLORES RIV"
1150,698,"step1_similar_name_1km","LAKE CITY","LAKE CITY"
1151,699,"step1_similar_name_1km","PINOS CREEK","PINOS CREEK"
1152,700,"step1_similar_name_1km","ALAMOSA","ALAMOSA"
1153,701,"step1_similar_name_1km","TRINCHERA","TRINCHERA"
1154,702,"step1_similar_name_1km","VILLEGREEN","VILLEGREEN"
1155,703,"step1_similar_name_1km","CAMPO","CAMPO"
1157,659,"step1_similar_name_1km","KIOWA 2","KIOWA"
1158,660,"step1_similar_name_1km","Last Chance 2","LAST CHANCE"
1159,663,"step1_similar_name_1km","COLONA 2","COLONA"
1160,704,"step1_similar_name_1km","CORTEZ","CORTEZ"
1161,705,"step1_similar_name_1km","BLACKHEAD PK","BLACKHEAD PK"
1162,706,"step1_similar_name_1km","SAN LUIS","SAN LUIS"
1163,707,"step1_similar_name_1km","CONE MTN","CONE MTN"
1164,708,"step1_similar_name_1km","Rosevale","ROSEVALE"
1165,709,"step1_similar_name_1km","RIO GRNDS RS","RIO GRNDS RS"
1166,710,"step1_similar_name_1km","SUMMITVILLE","SUMMITVILLE"
1167,711,"step1_similar_name_1km","BROWNS PARK","BROWNS PARK"
1168,712,"step1_similar_name_1km","DUNCKLEY PAS","DUNCKLEY PAS"
1169,713,"step1_similar_name_1km","BUFFALO PARK","BUFFALO PARK"
1170,714,"step1_similar_name_1km","DEADMAN RD.","DEADMAN RD."
1171,715,"step1_similar_name_1km","GROVER","GROVER"
1172,716,"step1_similar_name_1km","STONEHAM","STONEHAM"
1173,717,"step1_similar_name_1km","AMHERST","AMHERST"
1174,718,"step1_similar_name_1km","DE BEQUE","DE BEQUE"
1175,719,"step1_similar_name_1km","FLATTOPS","FLATTOPS"
1176,720,"step1_similar_name_1km","THOMASVILLE","THOMASVILLE"
1177,721,"step1_similar_name_1km","GUANELLA PAS","GUANELLA PAS"
1178,722,"step1_similar_name_1km","PROSPECT VAL","PROSPECT VAL"
1179,723,"step1_similar_name_1km","LIMON","LIMON"
1180,724,"step1_similar_name_1km","KIRK","KIRK"
1181,725,"step1_similar_name_1km","PINON","PINON"
1182,726,"step1_similar_name_1km","PAONIA","PAONIA"
1183,727,"step1_similar_name_1km","TINCUP","TINCUP"
1184,728,"step1_similar_name_1km","WET MTNS.","WET MTNS."
1185,729,"step1_similar_name_1km","DOYLE BRIDGE","DOYLE BRIDGE"
1186,730,"step1_similar_name_1km","HASWELL","HASWELL"
1187,731,"step1_similar_name_1km","NEEGRANDE","NEEGRANDE"
1188,732,"step1_similar_name_1km","GROUNDHOG RS","GROUNDHOG RS"
1189,733,"step1_similar_name_1km","PIEDRA","PIEDRA"
1190,734,"step1_similar_name_1km","FOX CREEK","FOX CREEK"
1191,735,"step1_similar_name_1km","MOSCA","MOSCA"
1192,736,"step1_similar_name_1km","COKEDALE","COKEDALE"
1193,737,"step1_similar_name_1km","NINAVIEW","NINAVIEW"
1194,738,"step1_similar_name_1km","EDLER","EDLER"
1195,739,"step1_similar_name_1km","Lake City 2","LAKE CITY 2"
1196,740,"step1_similar_name_1km","DINOSAUR","DINOSAUR"
1197,741,"step1_similar_name_1km","LAY","LAY"
1198,742,"step1_similar_name_1km","STEAMBOAT L.","STEAMBOAT L."
1200,744,"step1_similar_name_1km","NUNN","NUNN"
1201,745,"step1_similar_name_1km","FORT MORGAN","FORT MORGAN"
1202,746,"step1_similar_name_1km","JULESBURG","JULESBURG"
1203,747,"step1_similar_name_1km","BAXTER PASS","BAXTER PASS"
1204,748,"step1_similar_name_1km","RAGGED MTN.","RAGGED MTN."
1205,749,"step1_similar_name_1km","WESTON PASS","WESTON PASS"
1206,750,"step1_similar_name_1km","COMO","COMO"
1207,751,"step1_similar_name_1km","BENNETT","BENNETT"
1208,752,"step1_similar_name_1km","FLAGLER","FLAGLER"
1209,753,"step1_similar_name_1km","BURLINGTON","BURLINGTON"
1210,754,"step1_similar_name_1km","BASIN","BASIN"
1211,755,"step1_similar_name_1km","POWDERHORN","POWDERHORN"
1212,756,"step1_similar_name_1km","MARSHALL PAS","MARSHALL PAS"
1213,757,"step1_similar_name_1km","GRIBBLES PRK","GRIBBLES PRK"
1214,758,"step1_similar_name_1km","ELLICOTT","ELLICOTT"
1215,759,"step1_similar_name_1km","KARVAL","KARVAL"
1217,761,"step1_similar_name_1km","MCPHEE RES.","MCPHEE RES."
1218,762,"step1_similar_name_1km","ANIMAS","ANIMAS"
1219,763,"step1_similar_name_1km","SOUTH FORK","SOUTH FORK"
1220,764,"step1_similar_name_1km","ANTONITO","ANTONITO"
1221,765,"step1_similar_name_1km","WALSENBURG","WALSENBURG"
1222,766,"step1_similar_name_1km","TIMPAS","TIMPAS"
1223,767,"step1_similar_name_1km","PRITCHETT","PRITCHETT"
1224,768,"step1_similar_name_1km","ANGORA","ANGORA"
1225,769,"step1_similar_name_1km","YELLOWJACKET PASS","YELLOWJACKET PASS"
1227,771,"step1_similar_name_1km","GOLD HILL","GOLD HILL"
1228,772,"step1_similar_name_1km","PICEANCE BASIN","PICEANCE BASIN"
1229,773,"step1_similar_name_1km","RIFLE FALLS","RIFLE FALLS"
1230,774,"step1_similar_name_1km","RADIUM","RADIUM"
1231,775,"step1_similar_name_1km","ROLLINS PASS","ROLLINS PASS"
1232,776,"step1_similar_name_1km","ELBERT","ELBERT"
1233,777,"step1_similar_name_1km","NUCLA","NUCLA"
1234,778,"step1_similar_name_1km","OWL CREEK PASS","OWL CREEK PASS"
1235,779,"step1_similar_name_1km","COCHETOPA PASS","COCHETOPA PASS"
1236,780,"step1_similar_name_1km","WESTCLIFFE","WESTCLIFFE"
1237,781,"step1_similar_name_1km","HAYCAMP MESA","HAYCAMP MESA"
1238,782,"step1_similar_name_1km","LIZARD HEAD PASS","LIZARD HEAD PASS"
1239,783,"step1_similar_name_1km","MOON PASS","MOON PASS"
1240,784,"step1_similar_name_1km","GARDNER","GARDNER"
1241,785,"step1_similar_name_1km","LUDLOW","LUDLOW"
1244,786,"step1_similar_name_1km","WESTON PASS 2","WESTON PASS 2"
1245,787,"step1_similar_name_1km","PROSPECT VALLEY 2","PROSPECT VALLEY 2"
1246,788,"step1_similar_name_1km","DOYLE BRIDGE 2","DOYLE BRIDGE 2"
1247,789,"step1_similar_name_1km","Cortez 2","CORTEZ 2"
1248,790,"step1_similar_name_1km","ANIMAS 2","ANIMAS 2"
1249,791,"step1_similar_name_1km","MESITA","MESITA"
1250,792,"step1_similar_name_1km","Stillwater Pass 2","STILLWATER PASS 2"
1251,771,"step1_similar_name_1km","GOLD HILL 2","GOLD HILL"
1254,793,"step1_similar_name_1km","ARSENAL","ARSENAL"
1255,794,"step1_similar_name_1km","ROCKPORT","ROCKPORT"
1257,796,"step1_similar_name_1km","MESAVERDE NP","MESAVERDE NP"
1258,797,"step1_similar_name_1km","TRAIL RIDGE ROAD","TRAIL RIDGE ROAD"
1259,793,"step1_similar_name_1km","ARSENAL 2","ARSENAL"
1260,798,"step1_similar_name_1km","MYSTIC","MYSTIC"
1261,799,"step1_similar_name_1km","E HARTLAND","E HARTLAND"
1262,800,"step1_similar_name_1km","BUCKINGHAM","BUCKINGHAM"
1263,801,"step1_similar_name_1km","UNCASVILLE","UNCASVILLE"
1264,802,"step1_similar_name_1km","WOODSTOCK","WOODSTOCK"
1265,803,"step1_similar_name_1km","WESTBROOK","WESTBROOK"
1266,804,"step1_similar_name_1km","WILLIMANTIC","WILLIMANTIC"
1267,805,"step1_similar_name_1km","NO WOODBURY","NO WOODBURY"
1268,806,"step1_similar_name_1km","SHERMAN","SHERMAN"
1269,807,"step1_similar_name_1km","GREENWICH","GREENWICH"
1270,808,"step1_similar_name_1km","DANBURY","DANBURY"
1271,809,"step1_similar_name_1km","WARREN","WARREN"
1272,810,"step1_similar_name_1km","LONG HILL","LONG HILL"
1273,811,"step1_similar_name_1km","MID HADDAM","MID HADDAM"
1274,812,"step1_similar_name_1km","SOUTHINGTON","SOUTHINGTON"
1275,813,"step1_similar_name_1km","NEW HARTFORD","NEW HARTFORD"
1276,814,"step1_similar_name_1km","NEW HARTFORD","NEW HARTFORD"
1277,802,"step1_similar_name_1km","WOODSTOCK 2","WOODSTOCK"
1278,809,"step1_similar_name_1km","WARREN 2","WARREN"
1279,815,"step1_similar_name_1km","GRANBY","GRANBY"
1280,816,"step1_similar_name_1km","MT PLEASANT","MT PLEASANT"
1281,817,"step1_similar_name_1km","WILMINGTON","WILMINGTON"
1282,818,"step1_similar_name_1km","HARRINGTON","HARRINGTON"
1283,819,"step1_similar_name_1km","FREDERICA","FREDERICA"
1284,820,"step1_similar_name_1km","DOVER","DOVER"
1285,821,"step1_similar_name_1km","FRANKFORD","FRANKFORD"
1286,822,"step1_similar_name_1km","HOLLEYVILLE","HOLLEYVILLE"
1287,823,"step1_similar_name_1km","LOWES XRDS","LOWES XRDS"
1288,824,"step1_similar_name_1km","BETHANY BCH","BETHANY BCH"
1289,825,"step1_similar_name_1km","MILTON","MILTON"
1290,826,"step1_similar_name_1km","BLACKBIRD","BLACKBIRD"
1292,827,"step1_similar_name_1km","HOLLEYVILLE 2","HOLLEYVILLE 2"
1293,828,"step1_similar_name_1km","PEPPERBOX","PEPPERBOX"
1294,829,"step1_similar_name_1km","GEORGETOWN","GEORGETOWN"
1296,828,"step1_similar_name_1km","PEPPERBOX 2","PEPPERBOX"
1297,830,"step1_similar_name_1km","OAK GROVE","OAK GROVE"
1298,831,"step1_similar_name_1km","FT WALTN BCH","FT WALTN BCH"
1299,832,"step1_similar_name_1km","MOSSY HEAD","MOSSY HEAD"
1300,833,"step1_similar_name_1km","BLOUNTSTOWN","BLOUNTSTOWN"
1301,834,"step1_similar_name_1km","BROAD BRANCH","BROAD BRANCH"
1302,835,"step1_similar_name_1km","MICCOSUKEE","MICCOSUKEE"
1303,836,"step1_similar_name_1km","SEMINOLE HLS","SEMINOLE HLS"
1304,837,"step1_similar_name_1km","TELOGIA","TELOGIA"
1305,838,"step1_similar_name_1km","PORT ST JOE","PORT ST JOE"
1306,839,"step1_similar_name_1km","COVINGTON","COVINGTON"
1307,840,"step1_similar_name_1km","STEINHATCHEE","STEINHATCHEE"
1308,841,"step1_similar_name_1km","BELMONT","BELMONT"
1309,842,"step1_similar_name_1km","MICANOPY","MICANOPY"
1310,843,"step1_similar_name_1km","ROMEO","ROMEO"
1311,844,"step1_similar_name_1km","FT GADSDEN","FT GADSDEN"
1312,845,"step1_similar_name_1km","DALE MABRY","DALE MABRY"
1313,846,"step1_similar_name_1km","MYAKKA HEAD","MYAKKA HEAD"
1314,847,"step1_similar_name_1km","ST AUGUSTINE","ST AUGUSTINE"
1315,848,"step1_similar_name_1km","HILLIARD","HILLIARD"
1316,849,"step1_similar_name_1km","SAN ANTONIO","SAN ANTONIO"
1317,850,"step1_similar_name_1km","BELMORE","BELMORE"
1318,851,"step1_similar_name_1km","POLK CITY","POLK CITY"
1319,852,"step1_similar_name_1km","MABEL","MABEL"
1320,853,"step1_similar_name_1km","CHILDS","CHILDS"
1321,854,"step1_similar_name_1km","SCOTTSMOOR","SCOTTSMOOR"
1323,856,"step1_similar_name_1km","FT LONESOME","FT LONESOME"
1324,857,"step1_similar_name_1km","PINECREST","PINECREST"
1325,858,"step1_similar_name_1km","ALTURAS","ALTURAS"
1326,859,"step1_similar_name_1km","KENANSVILLE","KENANSVILLE"
1327,860,"step1_similar_name_1km","INDIANTOWN","INDIANTOWN"
1328,861,"step1_similar_name_1km","SALVISTA","SALVISTA"
1329,862,"step1_similar_name_1km","BROWARD","BROWARD"
1330,863,"step1_similar_name_1km","TAMIAMI","TAMIAMI"
1331,864,"step1_similar_name_1km","PLANTATION K","PLANTATION K"
1332,865,"step1_similar_name_1km","SANDERSON","SANDERSON"
1333,866,"step1_similar_name_1km","DOCTOR INLET","DOCTOR INLET"
1334,867,"step1_similar_name_1km","BOCA RATON","BOCA RATON"
1335,868,"step1_similar_name_1km","ANDYTOWN","ANDYTOWN"
1336,869,"step1_similar_name_1km","SANTA ROSA","SANTA ROSA"
1337,870,"step1_similar_name_1km","BLACKWATER","BLACKWATER"
1339,872,"step1_similar_name_1km","BETTS","BETTS"
1340,873,"step1_similar_name_1km","MILLER XRDS","MILLER XRDS"
1341,874,"step1_similar_name_1km","HIXTOWN SWMP","HIXTOWN SWMP"
1342,875,"step1_similar_name_1km","BLOXHAM","BLOXHAM"
1343,876,"step1_similar_name_1km","DOWLING PARK","DOWLING PARK"
1344,877,"step1_similar_name_1km","HILDRETH","HILDRETH"
1345,878,"step1_similar_name_1km","CALLAHAN","CALLAHAN"
1346,879,"step1_similar_name_1km","PINETTA","PINETTA"
1347,880,"step1_similar_name_1km","ALLIGATOR PT","ALLIGATOR PT"
1348,881,"step1_similar_name_1km","FT MCCOY","FT MCCOY"
1350,883,"step1_similar_name_1km","FLEMINGTON","FLEMINGTON"
1351,884,"step1_similar_name_1km","NOBLETON","NOBLETON"
1352,885,"step1_similar_name_1km","PENNYWASH CR","PENNYWASH CR"
1353,886,"step1_similar_name_1km","WINTER GARDN","WINTER GARDN"
1354,887,"step1_similar_name_1km","KISSIMMEE","KISSIMMEE"
1355,888,"step1_similar_name_1km","PLEASANT GR","PLEASANT GR"
1356,889,"step1_similar_name_1km","SANDY","SANDY"
1357,890,"step1_similar_name_1km","GARDNER","GARDNER"
1358,891,"step1_similar_name_1km","ARBUCKLE","ARBUCKLE"
1360,893,"step1_similar_name_1km","SEBASTIAN","SEBASTIAN"
1361,894,"step1_similar_name_1km","SHAWANO","SHAWANO"
1362,895,"step1_similar_name_1km","DAVIE","DAVIE"
1363,896,"step1_similar_name_1km","KENDALL","KENDALL"
1364,897,"step1_similar_name_1km","HOMESTEAD","HOMESTEAD"
1365,898,"step1_similar_name_1km","KEY LARGO","KEY LARGO"
1367,900,"step1_similar_name_1km","PALMDALE","PALMDALE"
1368,901,"step1_similar_name_1km","KEY WEST","KEY WEST"
1370,903,"step1_similar_name_1km","ARIPEKA","ARIPEKA"
1371,904,"step1_similar_name_1km","ALVA","ALVA"
1372,905,"step1_similar_name_1km","WEAVER STN","WEAVER STN"
1375,830,"step1_similar_name_1km","Oak Grove 2","OAK GROVE"
1376,906,"step1_similar_name_1km","NIXON","NIXON"
1378,908,"step1_similar_name_1km","BRISTOL","BRISTOL"
1379,838,"step1_similar_name_1km","PORT ST JOE 2","PORT ST JOE"
1380,909,"step1_similar_name_1km","ISLAND GROVE","ISLAND GROVE"
1381,910,"step1_similar_name_1km","CITRUS PARK","CITRUS PARK"
1382,846,"step1_similar_name_1km","Myakka Head 2","MYAKKA HEAD"
1383,852,"step1_similar_name_1km","Mabel 2","MABEL"
1384,911,"step1_similar_name_1km","LAKE BUFFUM","LAKE BUFFUM"
1387,913,"step1_similar_name_1km","FLAMINGO","FLAMINGO"
1388,914,"step1_similar_name_1km","GLEN ST. MARY","GLEN ST. MARY"
1389,915,"step1_similar_name_1km","Doctors Inlet 2","DOCTORS INLET 2"
1390,916,"step1_similar_name_1km","Laurel Hill","LAUREL HILL"
1391,917,"step1_similar_name_1km","Hildreth 2","HILDRETH 2"
1392,918,"step1_similar_name_1km","MT. OLIVE","MT. OLIVE"
1393,919,"step1_similar_name_1km","Pleasant Grove 2","PLEASANT GROVE 2"
1394,889,"step1_similar_name_1km","SANDY 2","SANDY"
1395,920,"step1_similar_name_1km","CREWSVILLE","CREWSVILLE"
1397,922,"step1_similar_name_1km","SHAWANO 2","SHAWANO 2"
1398,923,"step1_similar_name_1km","REDLANDS","REDLANDS"
1399,924,"step1_similar_name_1km","CARD SOUND","CARD SOUND"
1400,926,"step1_similar_name_1km","SUGARLOAF KEY","SUGARLOAF KEY 2"
1402,865,"step1_similar_name_1km","Sanderson 2","SANDERSON"
1403,926,"step1_similar_name_1km","SUGARLOAF KEY 2","SUGARLOAF KEY 2"
1404,927,"step1_similar_name_1km","APALACHICOLA","APALACHICOLA"
1405,928,"step1_similar_name_1km","OSCEOLA","OSCEOLA"
1406,929,"step1_similar_name_1km","OCALA","OCALA"
1407,930,"step1_similar_name_1km","LOVEDALE","LOVEDALE"
1408,931,"step1_similar_name_1km","CROOM","CROOM"
1409,932,"step1_similar_name_1km","GREEN SWAMP","GREEN SWAMP"
1410,933,"step1_similar_name_1km","PINELANDS","PINELANDS"
1411,934,"step1_similar_name_1km","Citrus","CITRUS"
1412,935,"step1_similar_name_1km","Goethe","GOETHE"
1413,936,"step1_similar_name_1km","WEBB","WEBB"
1414,937,"step1_similar_name_1km","CORBETT","CORBETT"
1415,938,"step1_similar_name_1km","HOLEY LAND","HOLEY LAND"
1418,940,"step1_similar_name_1km","RIDGE HARBOR","RIDGE HARBOR"
1419,941,"step1_similar_name_1km","OLUSTEE","OLUSTEE"
1420,942,"step1_similar_name_1km","WILDERNES PK","WILDERNES PK"
1421,943,"step1_similar_name_1km","DUPUIS W.E.A","DUPUIS W.E.A"
1422,944,"step1_similar_name_1km","EGLIN A.F.B.","EGLIN A.F.B."
1424,946,"step1_similar_name_1km","CHASSAHOWITZ","CHASSAHOWITZ"
1426,939,"step1_similar_name_1km","MERRITT ISLAND 2","MERRITT ISL"
1427,947,"step1_similar_name_1km","HARRIETTS BL","HARRIETTS BL"
1428,948,"step1_similar_name_1km","OKEFENOKEE","OKEFENOKEE"
1429,949,"step1_similar_name_1km","DARIEN","DARIEN"
1430,950,"step1_similar_name_1km","STOCKTON","STOCKTON"
1431,951,"step1_similar_name_1km","BAXLEY","BAXLEY"
1432,952,"step1_similar_name_1km","FOWLSTOWN","FOWLSTOWN"
1433,953,"step1_similar_name_1km","FITZGERALD","FITZGERALD"
1434,954,"step1_similar_name_1km","EVERETT CITY","EVERETT CITY"
1435,955,"step1_similar_name_1km","COURTHOUSE","COURTHOUSE"
1436,956,"step1_similar_name_1km","CUTHBERT","CUTHBERT"
1437,957,"step1_similar_name_1km","GUYTON","GUYTON"
1438,958,"step1_similar_name_1km","LYONS","LYONS"
1439,959,"step1_similar_name_1km","WRIGHTSVILLE","WRIGHTSVILLE"
1440,960,"step1_similar_name_1km","HAWKINSVILLE","HAWKINSVILLE"
1441,961,"step1_similar_name_1km","FORSYTH","FORSYTH"
1442,962,"step1_similar_name_1km","CREST","CREST"
1443,963,"step1_similar_name_1km","WAYCROSS","WAYCROSS"
1445,965,"step1_similar_name_1km","LINCOLNTON","LINCOLNTON"
1446,966,"step1_similar_name_1km","MAXEYS","MAXEYS"
1447,967,"step1_similar_name_1km","NEWTON","NEWTON"
1448,968,"step1_similar_name_1km","HOLLONVILLE","HOLLONVILLE"
1449,969,"step1_similar_name_1km","FAIRPLAY","FAIRPLAY"
1450,970,"step1_similar_name_1km","ATHENS","ATHENS"
1451,971,"step1_similar_name_1km","COTTON","COTTON"
1452,972,"step1_similar_name_1km","OAKMAN","OAKMAN"
1453,973,"step1_similar_name_1km","CARTERSVILLE","CARTERSVILLE"
1454,974,"step1_similar_name_1km","HENDERSON","HENDERSON"
1455,975,"step1_similar_name_1km","DOLES","DOLES"
1456,976,"step1_similar_name_1km","BALDWIN","BALDWIN"
1457,977,"step1_similar_name_1km","SILOAM","SILOAM"
1458,978,"step1_similar_name_1km","GROVETOWN","GROVETOWN"
1459,979,"step1_similar_name_1km","LACROSS","LACROSS"
1461,981,"step1_similar_name_1km","MACON","MACON"
1462,982,"step1_similar_name_1km","BOWDON","BOWDON"
1463,983,"step1_similar_name_1km","LINWOOD","LINWOOD"
1464,984,"step1_similar_name_1km","TAZEWELL","TAZEWELL"
1465,985,"step1_similar_name_1km","SHANNON","SHANNON"
1466,986,"step1_similar_name_1km","BAXTER","BAXTER"
1467,987,"step1_similar_name_1km","MOUNTAIN CTY","MOUNTAIN CTY"
1468,988,"step1_similar_name_1km","HOLLY SPRS","HOLLY SPRS"
1469,989,"step1_similar_name_1km","HIRAM","HIRAM"
1470,990,"step1_similar_name_1km","STOCKBRIDGE","STOCKBRIDGE"
1471,991,"step1_similar_name_1km","RUTLEDGE","RUTLEDGE"
1472,992,"step1_similar_name_1km","JULIETTE","JULIETTE"
1473,993,"step1_similar_name_1km","WASHINGTON","WASHINGTON"
1474,994,"step1_similar_name_1km","DEEPSTEP","DEEPSTEP"
1475,995,"step1_similar_name_1km","FINLEYSON","FINLEYSON"
1476,996,"step1_similar_name_1km","RENTZ","RENTZ"
1477,997,"step1_similar_name_1km","WADLEY","WADLEY"
1478,998,"step1_similar_name_1km","PITTS","PITTS"
1479,999,"step1_similar_name_1km","WORKMORE","WORKMORE"
1480,1000,"step1_similar_name_1km","DOVER","DOVER"
1481,1001,"step1_similar_name_1km","DOUGLAS","DOUGLAS"
1482,1002,"step1_similar_name_1km","KELLER","KELLER"
1483,1003,"step1_similar_name_1km","BOSTON","BOSTON"
1484,1004,"step1_similar_name_1km","NEEDMORE","NEEDMORE"
1485,1005,"step1_similar_name_1km","FOLKSTON","FOLKS"
1486,1006,"step1_similar_name_1km","PINEORA","PINEORA"
1487,1007,"step1_similar_name_1km","VIDALIA","VIDALIA"
1488,1008,"step1_similar_name_1km","WARE CO","WARE CO"
1489,1009,"step1_similar_name_1km","METASVILLE","METASVILLE"
1490,1010,"step1_similar_name_1km","HOLLONVILLE 2","HOLLONVILLE 2"
1491,1011,"step1_similar_name_1km","WHITESBURG","WHITESBURG"
1493,1012,"step1_similar_name_1km","COFFEE CO","COFFEE CO"
1494,1013,"step1_similar_name_1km","RICEBORO","RICEBORO"
1496,1006,"step1_similar_name_1km","PINEORA 2","PINEORA"
1497,965,"step1_similar_name_1km","LINCOLNTON 2","LINCOLNTON"
1498,1015,"step1_similar_name_1km","WOODBINE","WOODBINE"
1500,1017,"step1_similar_name_1km","HEADLIGHT","HEADLIGHT"
1501,1018,"step1_similar_name_1km","BIG OAK","BIG OAK"
1502,1019,"step1_similar_name_1km","COLONELS ISLAND","COLONELS ISLAND"
1503,1020,"step1_similar_name_1km","GLENMORE","GLENMORE"
1504,1021,"step1_similar_name_1km","THORNTON ROAD","THORNTON ROAD"
1505,1022,"step1_similar_name_1km","UNION","UNION"
1506,1023,"step1_similar_name_1km","MILLEN","MILLEN"
1507,1024,"step1_similar_name_1km","WHITE HILL","WHITE HILL"
1508,1025,"step1_similar_name_1km","OUSLEY","OUSLEY"
1509,1026,"step1_similar_name_1km","SHILOH","SHILOH"
1510,1027,"step1_similar_name_1km","WEBER","WEBER"
1511,1028,"step1_similar_name_1km","OWENSBORO","OWENSBORO"
1512,1029,"step1_similar_name_1km","MINTER TWEED","MINTER TWEED"
1513,1030,"step1_similar_name_1km","BETHANY","BETHANY"
1514,1031,"step1_similar_name_1km","PHILEMA","PHILEMA"
1515,1032,"step1_similar_name_1km","DICKEY","DICKEY"
1516,1033,"step1_similar_name_1km","BARGES","BARGES"
1518,1035,"step1_similar_name_1km","LAKEVIEW","LAKEVIEW"
1519,1036,"step1_similar_name_1km","ROLAND","ROLAND"
1520,1037,"step1_similar_name_1km","CARRS STATION","CARRS STATION"
1522,1039,"step1_similar_name_1km","CURRY HILL","CURRY HILL"
1523,1040,"step1_similar_name_1km","GOOD HOPE","GOOD HOPE"
1524,1041,"step1_similar_name_1km","SUNNY SIDE","SUNNY SIDE"
1525,1042,"step1_similar_name_1km","KITE LAKE","KITE LAKE"
1526,1043,"step1_similar_name_1km","YATES CROSSROADS","YATES CROSSROADS"
1527,1044,"step1_similar_name_1km","STONEY POINT","STONEY POINT"
1528,1045,"step1_similar_name_1km","CANDLER","CANDLER"
1529,1046,"step1_similar_name_1km","ROCK BRANCH","ROCK BRANCH"
1530,1047,"step1_similar_name_1km","HEBRON","HEBRON"
1531,1048,"step1_similar_name_1km","WOODSTOCK","WOODSTOCK"
1532,1049,"step1_similar_name_1km","PLEASANT HILL","PLEASANT HILL"
1533,1050,"step1_similar_name_1km","AMOS MILL","AMOS MILL"
1534,1051,"step1_similar_name_1km","DAVIS CROSSROADS","DAVIS CROSSROADS"
1535,1038,"step1_similar_name_1km","Sharon 2","SHARON"
1536,1044,"step1_similar_name_1km","STONEY POINT 2","STONEY POINT"
1537,1052,"step1_similar_name_1km","PIEDMONT NWR","PIEDMONT NWR"
1540,1055,"step1_similar_name_1km","AVERY","AVERY"
1541,1056,"step1_similar_name_1km","GIFFORD","GIFFORD"
1542,1057,"step1_similar_name_1km","NEZPERCE","NEZPERCE"
1544,1059,"step1_similar_name_1km","GRANGEVILLE","GRANGEVILLE"
1545,1060,"step1_similar_name_1km","GOLDEN","GOLDEN"
1548,1062,"step1_similar_name_1km","CASCADE","CASCADE"
1549,1063,"step1_similar_name_1km","CAPE HORN","CAPE HORN"
1550,1064,"step1_similar_name_1km","CHALLIS","CHALLIS"
1551,1065,"step1_similar_name_1km","LEADORE","LEADORE"
1554,1068,"step1_similar_name_1km","BLACKS CREEK","BLACKS CREEK"
1555,1069,"step1_similar_name_1km","CENTERVILLE","CENTERVILLE"
1556,1070,"step1_similar_name_1km","ALTURAS","ALTURAS"
1557,1071,"step1_similar_name_1km","CRATERS","CRATERS"
1559,1073,"step1_similar_name_1km","RIRIE","RIRIE"
1560,1074,"step1_similar_name_1km","TRIANGLE","TRIANGLE"
1561,1075,"step1_similar_name_1km","GLENNS FERRY","GLENNS FERRY"
1562,1076,"step1_similar_name_1km","MAGIC MTN","MAGIC MTN"
1563,1077,"step1_similar_name_1km","ACEQUIA","ACEQUIA"
1564,1078,"step1_similar_name_1km","POCATELLO","POCATELLO"
1565,1079,"step1_similar_name_1km","HENRY","HENRY"
1566,1080,"step1_similar_name_1km","COOLIN","COOLIN"
1568,1081,"step1_similar_name_1km","NEZPERCE NF","NEZPERCE NF"
1569,1082,"step1_similar_name_1km","CABARTON","CABARTON"
1571,1083,"step1_similar_name_1km","SAWTOOTH CTY","SAWTOOTH CTY"
1572,1084,"step1_similar_name_1km","PASADENA VAL","PASADENA VAL"
1573,1085,"step1_similar_name_1km","BLACKFT RES","BLACKFT RES"
1574,1086,"step1_similar_name_1km","MARBLE CREEK","MARBLE CREEK"
1575,1087,"step1_similar_name_1km","JOEL","JOEL"
1576,1088,"step1_similar_name_1km","PIERCE","PIERCE"
1577,1089,"step1_similar_name_1km","SALMON RIVER","SALMON RIVER"
1578,1090,"step1_similar_name_1km","BURGDORF","BURGDORF"
1579,1091,"step1_similar_name_1km","COBALT","COBALT"
1580,1092,"step1_similar_name_1km","CRANE CREEK","CRANE CREEK"
1581,1093,"step1_similar_name_1km","YELLOW PINE","YELLOW PINE"
1582,1094,"step1_similar_name_1km","SUNBEAM","SUNBEAM"
1583,1095,"step1_similar_name_1km","IRON SPRINGS","IRON SPRINGS"
1584,1096,"step1_similar_name_1km","SILVER CITY","SILVER CITY"
1585,1097,"step1_similar_name_1km","FEATHERVILLE","FEATHERVILLE"
1586,1098,"step1_similar_name_1km","PICABO","PICABO"
1587,1099,"step1_similar_name_1km","CAREY","CAREY"
1588,1100,"step1_similar_name_1km","MUD LAKE","MUD LAKE"
1589,1101,"step1_similar_name_1km","BATES","BATES"
1590,1102,"step1_similar_name_1km","DOUGAL RES","DOUGAL RES"
1591,1103,"step1_similar_name_1km","HOT SPRING","HOT SPRING"
1592,1104,"step1_similar_name_1km","CEDAR HILL","CEDAR HILL"
1593,1105,"step1_similar_name_1km","ALMO","ALMO"
1595,1107,"step1_similar_name_1km","PRESTON","PRESTON"
1596,1083,"step1_similar_name_1km","SAWTOOTH CITY 2","SAWTOOTH CTY"
1598,1109,"step1_similar_name_1km","LOST RIVER","LOST RIVER"
1599,1110,"step1_similar_name_1km","KYLE CANYON","KYLE CANYON"
1600,1111,"step1_similar_name_1km","CIRCULAR BU","CIRCULAR BU"
1602,1113,"step1_similar_name_1km","N FORK CDA R","N FORK CDA R"
1603,1114,"step1_similar_name_1km","ROCHAT DIVDE","ROCHAT DIVDE"
1604,1115,"step1_similar_name_1km","GUILFORD","GUILFORD"
1605,1116,"step1_similar_name_1km","MILL CREEK","MILL CREEK"
1606,1117,"step1_similar_name_1km","HOLCOMB","HOLCOMB"
1607,1118,"step1_similar_name_1km","CHERRY VAL","CHERRY VAL"
1608,1119,"step1_similar_name_1km","BARRINGTON","BARRINGTON"
1609,1120,"step1_similar_name_1km","ITASCA","ITASCA"
1610,1121,"step1_similar_name_1km","ATKINSON","ATKINSON"
1611,1122,"step1_similar_name_1km","GENESEO","GENESEO"
1612,1123,"step1_similar_name_1km","PUTNAM","PUTNAM"
1613,1124,"step1_similar_name_1km","SHEFFIELD","SHEFFIELD"
1614,1125,"step1_similar_name_1km","BUDA","BUDA"
1615,1126,"step1_similar_name_1km","COMPTON","COMPTON"
1616,1127,"step1_similar_name_1km","STREATOR","STREATOR"
1617,1128,"step1_similar_name_1km","WAYNE","WAYNE"
1618,1129,"step1_similar_name_1km","ESSEX","ESSEX"
1619,1130,"step1_similar_name_1km","NEWARK","NEWARK"
1620,1131,"step1_similar_name_1km","SHERBURNVILL","SHERBURNVILL"
1621,1132,"step1_similar_name_1km","NEW LENOX","NEW LENOX"
1622,1133,"step1_similar_name_1km","GULFPORT","GULFPORT"
1623,1134,"step1_similar_name_1km","STILLWELL","STILLWELL"
1624,1135,"step1_similar_name_1km","CHANDLERVILL","CHANDLERVILL"
1625,1136,"step1_similar_name_1km","TERRE HAUTE","TERRE HAUTE"
1626,1137,"step1_similar_name_1km","WILLIAMSFLD","WILLIAMSFLD"
1627,1138,"step1_similar_name_1km","CAMERON","CAMERON"
1628,1139,"step1_similar_name_1km","BARTONVILLE","BARTONVILLE"
1629,1140,"step1_similar_name_1km","MONICA","MONICA"
1630,1141,"step1_similar_name_1km","DEER CREEK","DEER CREEK"
1631,1142,"step1_similar_name_1km","MACKINAW","MACKINAW"
1632,1143,"step1_similar_name_1km","MINONK","MINONK"
1633,1144,"step1_similar_name_1km","MONTICELLO","MONTICELLO"
1634,1145,"step1_similar_name_1km","FAIRBURY","FAIRBURY"
1635,1146,"step1_similar_name_1km","PONTIAC","PONTIAC"
1636,1147,"step1_similar_name_1km","DAILEY","DAILEY"
1637,1148,"step1_similar_name_1km","MILFORD","MILFORD"
1638,1149,"step1_similar_name_1km","MELROSE","MELROSE"
1639,1150,"step1_similar_name_1km","BLUFF SPGS","BLUFF SPGS"
1640,1151,"step1_similar_name_1km","ATHENSVILLE","ATHENSVILLE"
1641,1152,"step1_similar_name_1km","CONCORD","CONCORD"
1642,1153,"step1_similar_name_1km","BELLEVIEW","BELLEVIEW"
1643,1154,"step1_similar_name_1km","PAWNEE","PAWNEE"
1644,1155,"step1_similar_name_1km","CLARKSDALE","CLARKSDALE"
1645,1156,"step1_similar_name_1km","ROSAMOND","ROSAMOND"
1646,1157,"step1_similar_name_1km","HUMPHREY","HUMPHREY"
1647,1158,"step1_similar_name_1km","FAIRLAND","FAIRLAND"
1648,1159,"step1_similar_name_1km","JANESVILLE","JANESVILLE"
1649,1160,"step1_similar_name_1km","BRADBURY","BRADBURY"
1650,1161,"step1_similar_name_1km","HUMBOLDT","HUMBOLDT"
1651,1162,"step1_similar_name_1km","MARTINSVILLE","MARTINSVILLE"
1652,1163,"step1_similar_name_1km","COLUMBIA","COLUMBIA"
1653,1164,"step1_similar_name_1km","MASCOUTAH LK","MASCOUTAH LK"
1654,1165,"step1_similar_name_1km","JAMESTOWN","JAMESTOWN"
1655,1166,"step1_similar_name_1km","ST MORGAN","ST MORGAN"
1656,1167,"step1_similar_name_1km","BEAUCOUP","BEAUCOUP"
1657,1168,"step1_similar_name_1km","BRNT PRAIRIE","BRNT PRAIRIE"
1658,1169,"step1_similar_name_1km","MT VERNON","MT VERNON"
1659,1170,"step1_similar_name_1km","OLNEY","OLNEY"
1660,1171,"step1_similar_name_1km","FLORA","FLORA"
1661,1172,"step1_similar_name_1km","BIRDS","BIRDS"
1663,1174,"step1_similar_name_1km","BREMEN","BREMEN"
1664,1175,"step1_similar_name_1km","BELKNAP","BELKNAP"
1665,1176,"step1_similar_name_1km","DELWOOD","DELWOOD"
1666,1177,"step1_similar_name_1km","BEAVERDAM LK","BEAVERDAM LK"
1668,1179,"step1_similar_name_1km","SHANNON","SHANNON"
1669,1180,"step1_similar_name_1km","CALEDONIA","CALEDONIA"
1670,1181,"step1_similar_name_1km","SHERRARD","SHERRARD"
1671,1182,"step1_similar_name_1km","TROY GROVE","TROY GROVE"
1672,1183,"step1_similar_name_1km","SENECA","SENECA"
1673,1184,"step1_similar_name_1km","CAMP POINT","CAMP POINT"
1675,1186,"step1_similar_name_1km","GREENVIEW","GREENVIEW"
1676,1187,"step1_similar_name_1km","LE ROY","LE ROY"
1677,1188,"step1_similar_name_1km","ELDRED","ELDRED"
1678,1189,"step1_similar_name_1km","NILWOOD","NILWOOD"
1679,1190,"step1_similar_name_1km","YALE","YALE"
1680,1191,"step1_similar_name_1km","YORK","YORK"
1681,1192,"step1_similar_name_1km","DARMSTADT","DARMSTADT"
1682,1193,"step1_similar_name_1km","BROWNVILLE","BROWNVILLE"
1683,1194,"step1_similar_name_1km","SANDUSKY","SANDUSKY"
1684,1195,"step1_similar_name_1km","CAVE IN ROCK","CAVE IN ROCK"
1686,1196,"step1_similar_name_1km","CHERRY VAL 2","CHERRY VAL 2"
1687,1197,"step1_similar_name_1km","PAYSON","PAYSON"
1688,1198,"step1_similar_name_1km","LAKE GALENA","LAKE GALENA"
1689,1199,"step1_similar_name_1km","LAKE SUMMERSET","LAKE SUMMERSET"
1690,1200,"step1_similar_name_1km","UNION","UNION"
1691,1201,"step1_similar_name_1km","KEITHSBURG","KEITHSBURG"
1692,1202,"step1_similar_name_1km","STERLING","STERLING"
1693,1203,"step1_similar_name_1km","YORKVILLE","YORKVILLE"
1694,1204,"step1_similar_name_1km","CLAYTON","CLAYTON"
1695,1205,"step1_similar_name_1km","WAYNESVILLE","WAYNESVILLE"
1696,1206,"step1_similar_name_1km","GRIDLEY","GRIDLEY"
1697,1207,"step1_similar_name_1km","GRAPE CREEK","GRAPE CREEK"
1698,1208,"step1_similar_name_1km","EUBANKS","EUBANKS"
1699,1209,"step1_similar_name_1km","CONCORD WEST","CONCORD WEST"
1701,1211,"step1_similar_name_1km","ALLERTON PARK","ALLERTON PARK"
1702,1212,"step1_similar_name_1km","MARSHALL","MARSHALL"
1703,1213,"step1_similar_name_1km","DUDLEYVILLE","DUDLEYVILLE"
1704,1214,"step1_similar_name_1km","KELL","KELL"
1705,1215,"step1_similar_name_1km","ROYALTON","ROYALTON"
1706,1216,"step1_similar_name_1km","KARNAK","KARNAK"
1708,1217,"step1_similar_name_1km","ATHENS","ATHENS"
1709,1218,"step1_similar_name_1km","GARY","GARY"
1710,1219,"step1_similar_name_1km","HEBRON","HEBRON"
1711,1220,"step1_similar_name_1km","SOUTH BEND","SOUTH BEND"
1712,1221,"step1_similar_name_1km","KNOX","KNOX"
1713,1222,"step1_similar_name_1km","KEWANNA","KEWANNA"
1714,1223,"step1_similar_name_1km","MIDDLEBURY","MIDDLEBURY"
1715,1224,"step1_similar_name_1km","COLUMBIA CTY","COLUMBIA CTY"
1716,1225,"step1_similar_name_1km","PACKERTOWN","PACKERTOWN"
1717,1226,"step1_similar_name_1km","ELLIS","ELLIS"
1718,1227,"step1_similar_name_1km","FOWLER","FOWLER"
1719,1228,"step1_similar_name_1km","W LAFAYETTE","W LAFAYETTE"
1720,1229,"step1_similar_name_1km","MONTICELLO","MONTICELLO"
1721,1230,"step1_similar_name_1km","GALVESTON","GALVESTON"
1722,1231,"step1_similar_name_1km","THORNTOWN","THORNTOWN"
1723,1232,"step1_similar_name_1km","TIPTON","TIPTON"
1724,1233,"step1_similar_name_1km","MIDDLETOWN","MIDDLETOWN"
1725,1234,"step1_similar_name_1km","MUNCIE","MUNCIE"
1726,1235,"step1_similar_name_1km","SWAYZEE","SWAYZEE"
1727,1236,"step1_similar_name_1km","WABASH","WABASH"
1728,1237,"step1_similar_name_1km","BERNE","BERNE"
1729,1238,"step1_similar_name_1km","PIMENTO","PIMENTO"
1730,1239,"step1_similar_name_1km","BRAZIL","BRAZIL"
1731,1240,"step1_similar_name_1km","BELMONT","BELMONT"
1732,1241,"step1_similar_name_1km","FRIENDSWOOD","FRIENDSWOOD"
1733,1242,"step1_similar_name_1km","JAMESTOWN","JAMESTOWN"
1734,1243,"step1_similar_name_1km","SPENCER","SPENCER"
1735,1244,"step1_similar_name_1km","AZALIA","AZALIA"
1736,1245,"step1_similar_name_1km","SEXTON","SEXTON"
1737,1246,"step1_similar_name_1km","MILROY","MILROY"
1738,1247,"step1_similar_name_1km","SHELBYVILLE","SHELBYVILLE"
1739,1248,"step1_similar_name_1km","BROOKVILLE","BROOKVILLE"
1740,1249,"step1_similar_name_1km","WASHINGTON","WASHINGTON"
1741,1250,"step1_similar_name_1km","CUMBACK","CUMBACK"
1742,1251,"step1_similar_name_1km","MILLERSBURG","MILLERSBURG"
1743,1252,"step1_similar_name_1km","INDIAN SPGS","INDIAN SPGS"
1744,1253,"step1_similar_name_1km","CELESTINE","CELESTINE"
1745,1254,"step1_similar_name_1km","CLEAR SPRING","CLEAR SPRING"
1746,1255,"step1_similar_name_1km","NEW PHILA","NEW PHILA"
1747,1256,"step1_similar_name_1km","CORYDON","CORYDON"
1748,1257,"step1_similar_name_1km","VEVAY","VEVAY"
1749,1258,"step1_similar_name_1km","SCOTTSBURG","SCOTTSBURG"
1750,1259,"step1_similar_name_1km","EVANSVILLE","EVANSVILLE"
1752,1260,"step1_similar_name_1km","PORTAGE","PORTAGE"
1753,1261,"step1_similar_name_1km","LAKEVILLE","LAKEVILLE"
1754,1262,"step1_similar_name_1km","PACKERTOWN 2","PACKERTOWN 2"
1755,1263,"step1_similar_name_1km","KOKOMO","KOKOMO"
1756,1264,"step1_similar_name_1km","ANDERSON","ANDERSON"
1757,1265,"step1_similar_name_1km","PORTAGE 2","PORTAGE 2"
1758,1266,"step1_similar_name_1km","CROWN POINT","CROWN POINT"
1759,1267,"step1_similar_name_1km","LAPORTE","LAPORTE"
1760,1268,"step1_similar_name_1km","LAGRANGE","LAGRANGE"
1761,1269,"step1_similar_name_1km","CUBA","CUBA"
1762,1270,"step1_similar_name_1km","RENSSELAER","RENSSELAER"
1763,1271,"step1_similar_name_1km","FRANKFORT","FRANKFORT"
1764,1272,"step1_similar_name_1km","MONTPELIER","MONTPELIER"
1765,1273,"step1_similar_name_1km","DECATUR","DECATUR"
1766,1274,"step1_similar_name_1km","WALLACE","WALLACE"
1767,1275,"step1_similar_name_1km","PLAINFIELD","PLAINFIELD"
1768,1276,"step1_similar_name_1km","NEW CASTLE","NEW CASTLE"
1769,1277,"step1_similar_name_1km","WITTS STATION","WITTS STATION"
1770,1278,"step1_similar_name_1km","NEWBERRY","NEWBERRY"
1771,1279,"step1_similar_name_1km","GEORGIA","GEORGIA"
1772,1280,"step1_similar_name_1km","CROSS PLAINS","CROSS PLAINS"
1773,1281,"step1_similar_name_1km","CYPRSS","CYPRSS"
1774,1282,"step1_similar_name_1km","MAPLEWOOD","MAPLEWOOD"
1775,1283,"step1_similar_name_1km","HOOSIER","HOOSIER"
1776,1284,"step1_similar_name_1km","INDIANA DUNE","INDIANA DUNE"
1777,1285,"step1_similar_name_1km","KANKAKEE SANDS","KANKAKEE SANDS"
1778,1286,"step1_similar_name_1km","MT HAMILL","MT HAMILL"
1779,1287,"step1_similar_name_1km","EXLINE","EXLINE"
1780,1288,"step1_similar_name_1km","MELROSE","MELROSE"
1781,1289,"step1_similar_name_1km","BEDFORD","BEDFORD"
1782,1290,"step1_similar_name_1km","COLLEGE SPGS","COLLEGE SPGS"
1783,1291,"step1_similar_name_1km","BRYANT","BRYANT"
1784,1292,"step1_similar_name_1km","WEST LIBERTY","WEST LIBERTY"
1785,1293,"step1_similar_name_1km","CEDAR VALLEY","CEDAR VALLEY"
1786,1294,"step1_similar_name_1km","BROOKLYN","BROOKLYN"
1787,1295,"step1_similar_name_1km","WILLIAMSBURG","WILLIAMSBURG"
1788,1296,"step1_similar_name_1km","RED ROCK","RED ROCK"
1789,1297,"step1_similar_name_1km","DESMOINES","DESMOINES"
1790,1298,"step1_similar_name_1km","PANTHER","PANTHER"
1791,1299,"step1_similar_name_1km","WASHINGTON","WASHINGTON"
1792,1300,"step1_similar_name_1km","NEOLA","NEOLA"
1793,1301,"step1_similar_name_1km","WALES","WALES"
1794,1302,"step1_similar_name_1km","MAQUOKETA","MAQUOKETA"
1795,1303,"step1_similar_name_1km","ALICE","ALICE"
1796,1304,"step1_similar_name_1km","PRAIRIEBURG","PRAIRIEBURG"
1797,1305,"step1_similar_name_1km","HUDSON","HUDSON"
1798,1306,"step1_similar_name_1km","DINSDALE","DINSDALE"
1799,1307,"step1_similar_name_1km","KANAWHA","KANAWHA"
1800,1308,"step1_similar_name_1km","ZEARING","ZEARING"
1801,1309,"step1_similar_name_1km","SCRANTON","SCRANTON"
1802,1310,"step1_similar_name_1km","CLARE","CLARE"
1803,1311,"step1_similar_name_1km","PIERSON","PIERSON"
1804,1312,"step1_similar_name_1km","WASHTA","WASHTA"
1805,1313,"step1_similar_name_1km","SIOUX CITY","SIOUX CITY"
1806,1314,"step1_similar_name_1km","FESTINA","FESTINA"
1807,1315,"step1_similar_name_1km","DAVIS CORNER","DAVIS CORNER"
1808,1316,"step1_similar_name_1km","GARNER","GARNER"
1809,1317,"step1_similar_name_1km","TITONKA","TITONKA"
1810,1318,"step1_similar_name_1km","GAZA","GAZA"
1811,1319,"step1_similar_name_1km","ROCK VALLEY","ROCK VALLEY"
1812,1320,"step1_similar_name_1km","COLLEGE SPGS 2","COLLEGE SPGS 2"
1813,1321,"step1_similar_name_1km","TIPTON","TIPTON"
1814,1322,"step1_similar_name_1km","LAFAYETTE","LAFAYETTE"
1815,1323,"step1_similar_name_1km","MCCALLSBURG","MCCALLSBURG"
1816,1324,"step1_similar_name_1km","BURCHINAL","BURCHINAL"
1817,1325,"step1_similar_name_1km","MELROSE","MELROSE"
1818,1326,"step1_similar_name_1km","GALESBURG","GALESBURG"
1819,1327,"step1_similar_name_1km","HUMBOLDT","HUMBOLDT"
1820,1328,"step1_similar_name_1km","LAPLAND","LAPLAND"
1821,1329,"step1_similar_name_1km","THRALL","THRALL"
1822,1330,"step1_similar_name_1km","WELLINGTON","WELLINGTON"
1823,1331,"step1_similar_name_1km","DALTON","DALTON"
1824,1332,"step1_similar_name_1km","ST JOHN","ST JOHN"
1825,1333,"step1_similar_name_1km","COATS","COATS"
1826,1334,"step1_similar_name_1km","COLDWATER","COLDWATER"
1827,1335,"step1_similar_name_1km","ASHLAND","ASHLAND"
1828,1336,"step1_similar_name_1km","LAKIN","LAKIN"
1829,1337,"step1_similar_name_1km","OLATHE","OLATHE"
1830,1338,"step1_similar_name_1km","DOVER","DOVER"
1831,1339,"step1_similar_name_1km","BARCLAY","BARCLAY"
1832,1340,"step1_similar_name_1km","WREFORD","WREFORD"
1833,1341,"step1_similar_name_1km","ELLINOR","ELLINOR"
1834,1342,"step1_similar_name_1km","CHAPMAN","CHAPMAN"
1835,1343,"step1_similar_name_1km","BUCKEYE","BUCKEYE"
1836,1344,"step1_similar_name_1km","ALBERT","ALBERT"
1837,1345,"step1_similar_name_1km","KANOPOLIS","KANOPOLIS"
1838,1346,"step1_similar_name_1km","GRAY","GRAY"
1839,1347,"step1_similar_name_1km","HAYS","HAYS"
1840,1348,"step1_similar_name_1km","WALLACE","WALLACE"
1841,1349,"step1_similar_name_1km","LEOVILLE","LEOVILLE"
1842,1350,"step1_similar_name_1km","GRANTVILLE","GRANTVILLE"
1843,1351,"step1_similar_name_1km","ROCK CREEK","ROCK CREEK"
1844,1352,"step1_similar_name_1km","HANOVER","HANOVER"
1845,1353,"step1_similar_name_1km","SENECA","SENECA"
1846,1354,"step1_similar_name_1km","HOLLENBERG","HOLLENBERG"
1847,1355,"step1_similar_name_1km","MINNEAPOLIS","MINNEAPOLIS"
1848,1356,"step1_similar_name_1km","COVERT","COVERT"
1849,1357,"step1_similar_name_1km","JEWELL","JEWELL"
1850,1358,"step1_similar_name_1km","PHILLIPSBURG","PHILLIPSBURG"
1851,1359,"step1_similar_name_1km","LOGAN","LOGAN"
1852,1360,"step1_similar_name_1km","GOVE","GOVE"
1853,1361,"step1_similar_name_1km","MISSLER","MISSLER"
1854,1362,"step1_similar_name_1km","RULETON","RULETON"
1856,1363,"step1_similar_name_1km","LONGTON","LONGTON"
1857,1364,"step1_similar_name_1km","SOLOMON","SOLOMON"
1858,1351,"step1_similar_name_1km","Rock Creek 2","ROCK CREEK"
1859,1357,"step1_similar_name_1km","JEWELL 2","JEWELL"
1860,1365,"step1_similar_name_1km","PITTSBURG","PITTSBURG"
1861,1366,"step1_similar_name_1km","Morehead","Morehead"
1862,1367,"step1_similar_name_1km","Reece","Reece"
1863,1368,"step1_similar_name_1km","Berwet","Berwet"
1864,1369,"step1_similar_name_1km","Hopewell","Hopewell"
1865,1370,"step1_similar_name_1km","Hodges","Hodges"
1866,1371,"step1_similar_name_1km","Plymell","Plymell"
1867,1372,"step1_similar_name_1km","Ulysses","Ulysses"
1868,1373,"step1_similar_name_1km","Trading Post","Trading Post"
1869,1374,"step1_similar_name_1km","Le Loup","LE LOUP"
1871,1376,"step1_similar_name_1km","Goessel","Goessel"
1872,1377,"step1_similar_name_1km","Susank","Susank"
1874,1379,"step1_similar_name_1km","Grigston","Grigston"
1875,1380,"step1_similar_name_1km","Leoti","Leoti"
1876,1381,"step1_similar_name_1km","Severance","SEVERANCE"
1877,1382,"step1_similar_name_1km","Olsburg","Olsburg"
1878,1383,"step1_similar_name_1km","Jamestown","Jamestown"
1879,1384,"step1_similar_name_1km","Beloit","Beloit"
1880,1385,"step1_similar_name_1km","Damar","Damar"
1881,1386,"step1_similar_name_1km","Rexford","Rexford"
1882,1387,"step1_similar_name_1km","Winona","Winona"
1883,1388,"step1_similar_name_1km","Beloit 2","BELOIT 2"
1884,1389,"step1_similar_name_1km","CUMBERLND GP","CUMBERLND GP"
1885,1390,"step1_similar_name_1km","LOVELACEVILE","LOVELACEVILE"
1886,1391,"step1_similar_name_1km","SHILOH","SHILOH"
1887,1392,"step1_similar_name_1km","CANTON","CANTON"
1888,1393,"step1_similar_name_1km","KEYSBURG","KEYSBURG"
1889,1394,"step1_similar_name_1km","CEDAR GROVE","CEDAR GROVE"
1890,1395,"step1_similar_name_1km","IRON BRIDGE","IRON BRIDGE"
1891,1396,"step1_similar_name_1km","SULPHUR LICK","SULPHUR LICK"
1892,1397,"step1_similar_name_1km","HEGIRA","HEGIRA"
1893,1398,"step1_similar_name_1km","SUNNYBROOK","SUNNYBROOK"
1894,1399,"step1_similar_name_1km","MONTICELLO","MONTICELLO"
1895,1400,"step1_similar_name_1km","BARDWELL","BARDWELL"
1898,1403,"step1_similar_name_1km","PIPPA PASSES","PIPPA PASSES"
1899,1404,"step1_similar_name_1km","MCKEE","MCKEE"
1900,1405,"step1_similar_name_1km","PINE RIDGE","PINE RIDGE"
1901,1406,"step1_similar_name_1km","BEATTYVILLE","BEATTYVILLE"
1902,1407,"step1_similar_name_1km","LEVEE","LEVEE"
1903,1408,"step1_similar_name_1km","MILLION","MILLION"
1904,1409,"step1_similar_name_1km","KINGS MTN","KINGS MTN"
1905,1410,"step1_similar_name_1km","HUSTONVILLE","HUSTONVILLE"
1906,1411,"step1_similar_name_1km","MCBRAYER","MCBRAYER"
1907,1412,"step1_similar_name_1km","HODGENVILLE","HODGENVILLE"
1908,1413,"step1_similar_name_1km","MERRIMAC","MERRIMAC"
1909,1414,"step1_similar_name_1km","JOHNSONVILLE","JOHNSONVILLE"
1910,1415,"step1_similar_name_1km","RADCLIFF","RADCLIFF"
1911,1416,"step1_similar_name_1km","DEMUNBRUNS","DEMUNBRUNS"
1912,1417,"step1_similar_name_1km","GATEWOOD","GATEWOOD"
1913,1418,"step1_similar_name_1km","HUDSON","HUDSON"
1914,1419,"step1_similar_name_1km","EASTVIEW","EASTVIEW"
1915,1420,"step1_similar_name_1km","DRAKESBORO","DRAKESBORO"
1916,1421,"step1_similar_name_1km","BOXVILLE","BOXVILLE"
1917,1422,"step1_similar_name_1km","DANIEL BOONE","DANIEL BOONE"
1918,1423,"step1_similar_name_1km","DIXIE","DIXIE"
1919,1424,"step1_similar_name_1km","JOY","JOY"
1920,1425,"step1_similar_name_1km","SHELBYVILLE","SHELBYVILLE"
1921,1426,"step1_similar_name_1km","GOSHEN","GOSHEN"
1922,1427,"step1_similar_name_1km","GLENCOE","GLENCOE"
1923,1428,"step1_similar_name_1km","BUENA VISTA","BUENA VISTA"
1924,1429,"step1_similar_name_1km","PORTER","PORTER"
1925,1430,"step1_similar_name_1km","SEWELL SHOP","SEWELL SHOP"
1926,1431,"step1_similar_name_1km","PLUM","PLUM"
1927,1432,"step1_similar_name_1km","EAST UNION","EAST UNION"
1928,1433,"step1_similar_name_1km","GESLING","GESLING"
1929,1434,"step1_similar_name_1km","KEHOE","KEHOE"
1931,1435,"step1_similar_name_1km","BAYS FORK","BAYS FORK"
1932,1436,"step1_similar_name_1km","BARDWELL 2","BARDWELL 2"
1933,1401,"step1_similar_name_1km","Phelps","PHELPS"
1934,1437,"step1_similar_name_1km","STAFFORDSVIL","STAFFORDSVIL"
1935,1438,"step1_similar_name_1km","CAMPTON","CAMPTON"
1936,1439,"step1_similar_name_1km","Beattyville 2","BEATTYVILLE 2"
1937,1440,"step1_similar_name_1km","Levee 2","LEVEE 2"
1938,1441,"step1_similar_name_1km","Million 2","MILLION 2"
1939,1442,"step1_similar_name_1km","Hodgenville 2","HODGENVILLE 2"
1940,1443,"step1_similar_name_1km","LEBANON JUNCTION","LEBANON JUNCTION"
1942,1444,"step1_similar_name_1km","Riverqueen","RIVERQUEEN"
1943,1445,"step1_similar_name_1km","DIXON","DIXON"
1944,1446,"step1_similar_name_1km","APEX","APEX"
1945,1447,"step1_similar_name_1km","PLEASUREVILL","PLEASUREVILL"
1946,1448,"step1_similar_name_1km","CARTER","CARTER"
1947,1449,"step1_similar_name_1km","KEHOE 2","KEHOE 2"
1949,1437,"step1_similar_name_1km","PAINTSVILLE","STAFFORDSVIL"
1950,1450,"step1_similar_name_1km","MAMMOTH CAVE","MAMMOTH CAVE"
1951,1451,"step1_similar_name_1km","Mammoth Cave North","MAMMOTH CAVE NORTH"
1952,1452,"step1_similar_name_1km","CARLISLE","CARLISLE"
1953,1453,"step1_similar_name_1km","JUNIOR","JUNIOR"
1954,1454,"step1_similar_name_1km","FREETOWN","FREETOWN"
1955,1455,"step1_similar_name_1km","LAFITTE","LAFITTE"
1956,1456,"step1_similar_name_1km","MORGAN CITY","MORGAN CITY"
1957,1457,"step1_similar_name_1km","GRAN CHENIER","GRAN CHENIER"
1958,1458,"step1_similar_name_1km","CREOLE","CREOLE"
1959,1459,"step1_similar_name_1km","LACOMBE","LACOMBE"
1960,1460,"step1_similar_name_1km","ROSELAND","ROSELAND"
1961,1461,"step1_similar_name_1km","BICKHAM","BICKHAM"
1962,1462,"step1_similar_name_1km","KEYSTONE","KEYSTONE"
1963,1463,"step1_similar_name_1km","PLETTENBERG","PLETTENBERG"
1964,1464,"step1_similar_name_1km","MAMOU","MAMOU"
1965,1465,"step1_similar_name_1km","EASTON","EASTON"
1966,1466,"step1_similar_name_1km","HACKBERRY","HACKBERRY"
1967,1467,"step1_similar_name_1km","DE RIDDER","DE RIDDER"
1968,1468,"step1_similar_name_1km","SHAW","SHAW"
1969,1469,"step1_similar_name_1km","MAYFLOWER","MAYFLOWER"
1970,1470,"step1_similar_name_1km","DERRY","DERRY"
1972,1472,"step1_similar_name_1km","CYPRESS","CYPRESS"
1973,1473,"step1_similar_name_1km","FORT POLK","FORT POLK"
1975,1475,"step1_similar_name_1km","RAYVILLE","RAYVILLE"
1976,1476,"step1_similar_name_1km","CHATHAM","CHATHAM"
1977,1477,"step1_similar_name_1km","CLAY","CLAY"
1978,1478,"step1_similar_name_1km","LONGSTREET","LONGSTREET"
1979,1479,"step1_similar_name_1km","FILLMORE","FILLMORE"
1980,1480,"step1_similar_name_1km","LAROSE","LAROSE"
1981,1481,"step1_similar_name_1km","GLENCOE","GLENCOE"
1982,1482,"step1_similar_name_1km","ESTHER","ESTHER"
1983,1483,"step1_similar_name_1km","GREENSBURG","GREENSBERG"
1984,1484,"step1_similar_name_1km","RAMAH","RAMAH"
1985,1485,"step1_similar_name_1km","MAURICE","MAURICE"
1986,1486,"step1_similar_name_1km","TROUT","TROUT"
1987,1487,"step1_similar_name_1km","MANY","MANY"
1988,1488,"step1_similar_name_1km","FLOYD","FLOYD"
1989,1489,"step1_similar_name_1km","MARION","MARION"
1990,1490,"step1_similar_name_1km","CARTERVILLE","CARTERVILLE"
1991,1491,"step1_similar_name_1km","GIBSON","GIBSON"
1992,1492,"step1_similar_name_1km","BROUSVILLE","BROUSVILLE"
1993,1493,"step1_similar_name_1km","KAPLAN","KAPLAN"
1994,1494,"step1_similar_name_1km","GONZALES","GONZALES"
1995,1495,"step1_similar_name_1km","NORWOOD","NORWOOD"
1996,1496,"step1_similar_name_1km","RICHARD","RICHARD"
1997,1497,"step1_similar_name_1km","DE QUINCY","DE QUINCY"
1999,1499,"step1_similar_name_1km","FLAT CREEK","FLAT CREEK"
2000,1500,"step1_similar_name_1km","ZWOLLE","ZWOLLE"
2002,1502,"step1_similar_name_1km","MOUNT UNION","MOUNT UNION"
2003,1503,"step1_similar_name_1km","WOMACK","WOMACK"
2004,1504,"step1_similar_name_1km","BELAIR","BETAIR"
2005,1505,"step1_similar_name_1km","GRAND ISLE","GRAND ISLE"
2006,1506,"step1_similar_name_1km","KRAEMER","KRAEMER"
2007,1507,"step1_similar_name_1km","BERWICK","BERWICK"
2008,1508,"step1_similar_name_1km","LTL CHENIER","LTL CHENIER"
2009,1509,"step1_similar_name_1km","SABINE NWR","SABINE NWR"
2010,1510,"step1_similar_name_1km","SLIDELL","SLIDELL"
2011,1511,"step1_similar_name_1km","VILLE PLATTE","VILLE PLATTE"
2012,1512,"step1_similar_name_1km","OAKDALE","OAKDALE"
2013,1466,"step1_similar_name_1km","HACKBERRY 2","HACKBERRY"
2014,1513,"step1_similar_name_1km","Derry 2","DERRY 2"
2015,1471,"step1_similar_name_1km","FISHVILLE 2","FISHVILLE"
2016,1527,"step1_similar_name_1km","NATCHITOCHES","NATCHEZ"
2017,1515,"step1_similar_name_1km","BURR FERRY","BURR FERRY"
2018,1516,"step1_similar_name_1km","Delhi","DELHI"
2019,1517,"step1_similar_name_1km","Rayville 2","RAYVILLE 2"
2020,1518,"step1_similar_name_1km","CHENIERE","CHENIERE"
2021,1519,"step1_similar_name_1km","HAUGHTON","HAUGHTON"
2022,1520,"step1_similar_name_1km","FORT JESSUP","FORT JESSUP"
2023,1521,"step1_similar_name_1km","LINVILLE","LINVILLE"
2024,1522,"step1_similar_name_1km","IVAN","IVAN"
2025,1523,"step1_similar_name_1km","LTL Chenier 2","LTL CHENIER 2"
2026,1524,"step1_similar_name_1km","Sabine NWR 2","SABINE NWR 2"
2027,1525,"step1_similar_name_1km","PEARL RIVER","PEARL RIVER"
2028,1526,"step1_similar_name_1km","PINE PRAIRIE","PINE PRAIRIE"
2029,1527,"step1_similar_name_1km","NATCHEZ","NATCHEZ"
2030,1522,"step1_similar_name_1km","IVAN 2","IVAN"
2031,1528,"step1_similar_name_1km","GOODWILL","GOODWILL"
2032,1529,"step1_similar_name_1km","GRAYSON","GRAYSON"
2033,1530,"step1_similar_name_1km","CONCORD","CONCORD"
2034,1531,"step1_similar_name_1km","EVELYN","EVELYN"
2035,1532,"step1_similar_name_1km","HARGIS","HARGIS"
2036,1533,"step1_similar_name_1km","ENTERPRISE","ENTERPRISE"
2037,1534,"step1_similar_name_1km","VINTON","VINTON"
2038,1535,"step1_similar_name_1km","WOODLAWN","WOODLAWN"
2039,1536,"step1_similar_name_1km","PORT ALLEN","PORT ALLEN"
2040,1537,"step1_similar_name_1km","CAMP COVINGTON","CAMP COVINGTON"
2041,1538,"step1_similar_name_1km","FORKED ISLAND","FORKED ISLAND"
2042,1539,"step1_similar_name_1km","Morgan City","Morgan City"
2043,1540,"step1_similar_name_1km","LAUREL GROVE","LAUREL GROVE"
2044,1541,"step1_similar_name_1km","TURKEY CREEK","TURKEY CREEK"
2045,1532,"step1_similar_name_1km","HARGIS 2","HARGIS"
2046,1542,"step1_similar_name_1km","VINTON 2","VINTON 2"
2047,1543,"step1_similar_name_1km","Franklinton","FRANKLINTON"
2048,1544,"step1_similar_name_1km","Forked Island 2","FORKED ISLAND 2"
2049,1545,"step1_similar_name_1km","LAKE COVE","LAKE COVE"
2050,1546,"step1_similar_name_1km","N EVANGELINE","N EVANGELINE"
2051,1547,"step1_similar_name_1km","E EVANGELINE","E EVANGELINE"
2052,1548,"step1_similar_name_1km","RIVER ROAD","RIVER ROAD"
2054,1550,"step1_similar_name_1km","ATCHAFALAYA","ATCHAFALAYA"
2055,1551,"step1_similar_name_1km","BATON ROUGE","BATON ROUGE"
2086,1552,"step1_similar_name_1km","CAPE NEDDICK","CAPE NEDDICK"
2087,1553,"step1_similar_name_1km","WESTBROOK","WESTBROOK"
2088,1554,"step1_similar_name_1km","BIDDEFORD","BIDDEFORD"
2089,1555,"step1_similar_name_1km","KITTERY PT","KITTERY PT"
2090,1556,"step1_similar_name_1km","NEWCASTLE","NEWCASTLE"
2091,1557,"step1_similar_name_1km","WILSON MILLS","WILSON MILLS"
2092,1558,"step1_similar_name_1km","BETHEL","BETHEL"
2093,1559,"step1_similar_name_1km","TURNER","TURNER"
2094,1560,"step1_similar_name_1km","GREENWOOD","GREENWOOD"
2095,1561,"step1_similar_name_1km","REEDS","REEDS"
2096,1562,"step1_similar_name_1km","SOUTH ARM","SOUTH ARM"
2097,1563,"step1_similar_name_1km","OTISFIELD GR","OTISFIELD GR"
2098,1564,"step1_similar_name_1km","HARTFORD","HARTFORD"
2099,1565,"step1_similar_name_1km","BOWDOIN CTR","BOWDOIN CTR"
2100,1566,"step1_similar_name_1km","MANCHESTER","MANCHESTER"
2101,1567,"step1_similar_name_1km","EAST TROY","EAST TROY"
2102,1568,"step1_similar_name_1km","WARREN","WARREN"
2103,1569,"step1_similar_name_1km","FREEDOM","FREEDOM"
2104,1570,"step1_similar_name_1km","HARMONY","HARMONY"
2105,1571,"step1_similar_name_1km","BENTON","BENTON"
2106,1572,"step1_similar_name_1km","BROOKS","BROOKS"
2107,1573,"step1_similar_name_1km","HERMON","HERMON"
2108,1574,"step1_similar_name_1km","EASTBROOK","EASTBROOK"
2109,1575,"step1_similar_name_1km","HANCOCK","HANCOCK"
2111,1577,"step1_similar_name_1km","AURORA","AURORA"
2112,1578,"step1_similar_name_1km","COOPER","COOPER"
2113,1579,"step1_similar_name_1km","DEBLOIS","DEBLOIS"
2114,1580,"step1_similar_name_1km","NORTHFIELD","NORTHFIELD"
2115,1581,"step1_similar_name_1km","MOOSE RIVER","MOOSE RIVER"
2116,1582,"step1_similar_name_1km","CARRYING PL","CARRYING PL"
2117,1583,"step1_similar_name_1km","CARRABASSETT","CARRABASSETT"
2118,1584,"step1_similar_name_1km","CHARLESTON","CHARLESTON"
2119,1585,"step1_similar_name_1km","BAXTER","BAXTER"
2120,1586,"step1_similar_name_1km","SEBOOMOOK LK","SEBOOMOOK LK"
2121,1587,"step1_similar_name_1km","GREENVILLE","GREENVILLE"
2122,1588,"step1_similar_name_1km","CAMBRIDGE","CAMBRIDGE"
2123,1589,"step1_similar_name_1km","WINN","WINN"
2124,1590,"step1_similar_name_1km","WYTOPITLOCK","WYTOPITLOCK"
2125,1591,"step1_similar_name_1km","BENEDICTA","BENEDICTA"
2126,1592,"step1_similar_name_1km","MEDWAY","MEDWAY"
2127,1593,"step1_similar_name_1km","HUDSON","HUDSON"
2128,1594,"step1_similar_name_1km","GRND LK STRM","GRND LK STRM"
2129,1595,"step1_similar_name_1km","WAITE","WAITE"
2130,1596,"step1_similar_name_1km","FOREST STA","FOREST STA"
2131,1597,"step1_similar_name_1km","CLAYTON LAKE","CLAYTON LAKE"
2132,1598,"step1_similar_name_1km","PILLSBURY PD","PILLSBURY PD"
2133,1599,"step1_similar_name_1km","LUDLOW","LUDLOW"
2134,1600,"step1_similar_name_1km","WASHBURN","WASHBURN"
2135,1601,"step1_similar_name_1km","HORSE MTN","HORSE MTN"
2136,1602,"step1_similar_name_1km","ASHLAND","ASHLAND"
2137,1603,"step1_similar_name_1km","BOUNDARY","BOUNDARY"
2138,1604,"step1_similar_name_1km","FT FAIRFIELD","FT FAIRFIELD"
2139,1605,"step1_similar_name_1km","ST DAVID","ST DAVID"
2140,1620,"step1_similar_name_1km","BIG TWENTY","BIG TWENTY II"
2141,1607,"step1_similar_name_1km","WEEKS BROOK","WEEKS BROOK"
2142,1608,"step1_similar_name_1km","TELOS","TELOS"
2143,1609,"step1_similar_name_1km","PRIESTLY BR.","PRIESTLY BR."
2144,1610,"step1_similar_name_1km","BAKER LAKE","BAKER LAKE"
2145,1611,"step1_similar_name_1km","YANKEETULADI","YANKEETULADI"
2146,1612,"step1_similar_name_1km","Turner 2","TURNER 2"
2147,1613,"step1_similar_name_1km","ROME","ROME"
2148,1614,"step1_similar_name_1km","JEFFERSON","JEFFERSON"
2149,1615,"step1_similar_name_1km","CHURCH HILL","CHURCH HILL"
2150,1580,"step1_similar_name_1km","Northfield 2","NORTHFIELD"
2151,1616,"step1_similar_name_1km","NESOWADNEHUN","NESOWADNEHUN"
2152,1617,"step1_similar_name_1km","TOPSFIELD","TOPSFIELD"
2153,1618,"step1_similar_name_1km","Clayton Lake 2","CLAYTON LAKE 2"
2154,1619,"step1_similar_name_1km","HERON LAKE","HERON LAKE"
2155,1620,"step1_similar_name_1km","Big Twenty 2","BIG TWENTY II"
2156,1621,"step1_similar_name_1km","Baker Lake 2","BAKER LAKE 2"
2157,1622,"step1_similar_name_1km","ST. JUSTE CHKPNT","ST. JUSTE CHKPNT"
2158,1623,"step1_similar_name_1km","PORTAGE","PORTAGE"
2159,1624,"step1_similar_name_1km","HOULTON","HOULTON"
2160,1625,"step1_similar_name_1km","LAKE MOXIE","LAKE MOXIE"
2161,1626,"step1_similar_name_1km","STACYVILLE","STACYVILLE"
2162,1627,"step1_similar_name_1km","ANDOVER","ANDOVER"
2163,1628,"step1_similar_name_1km","CORNVILLE","CORNVILLE"
2164,1629,"step1_similar_name_1km","SEARSPORT","SEARSPORT"
2165,1630,"step1_similar_name_1km","STEUBEN","STEUBEN"
2166,1631,"step1_similar_name_1km","BROWNFIELD","BROWNFIELD"
2167,1632,"step1_similar_name_1km","Brownfield 2","BROWNFIELD 2"
2261,1633,"step1_similar_name_1km","FLOYD","FLOYD"
2262,1634,"step1_similar_name_1km","MT NEBO","MT NEBO"
2263,1635,"step1_similar_name_1km","VINDEX","VINDEX"
2264,1636,"step1_similar_name_1km","OLDTOWN","OLDTOWN"
2265,1637,"step1_similar_name_1km","POTOMAC PARK","POTOMAC PARK"
2267,1639,"step1_similar_name_1km","SMITHSBURG","SMITHSBURG"
2268,1640,"step1_similar_name_1km","WOLFSVILLE","WOLFSVILLE"
2269,1641,"step1_similar_name_1km","EMMITSBURG","EMMITSBURG"
2270,1642,"step1_similar_name_1km","SILVER SPG","SILVER SPG"
2271,1643,"step1_similar_name_1km","OLNEY","OLNEY"
2272,1644,"step1_similar_name_1km","NORWOOD","NORWOOD"
2273,1645,"step1_similar_name_1km","WARFIELDSBRG","WARFIELDSBRG"
2274,1646,"step1_similar_name_1km","PLEASANT VAL","PLEASANT VAL"
2275,1647,"step1_similar_name_1km","BACHMAN MILL","BACHMAN MILL"
2276,1648,"step1_similar_name_1km","FOWBLESBURG","FOWBLESBURG"
2277,1649,"step1_similar_name_1km","EKLO","EKLO"
2278,1650,"step1_similar_name_1km","RANDALLSTOWN","RANDALLSTOWN"
2279,1651,"step1_similar_name_1km","UPPER XRDS","UPPER XRDS"
2280,1652,"step1_similar_name_1km","VAN BIBBER","VAN BIBBER"
2281,1653,"step1_similar_name_1km","JONES","JONES"
2282,1654,"step1_similar_name_1km","BELTSVILLE","BELTSVILLE"
2283,1655,"step1_similar_name_1km","LARGO","LARGO"
2284,1656,"step1_similar_name_1km","CHELTENHAM","CHELTENHAM"
2285,1657,"step1_similar_name_1km","BROOMES ISL","BROOMES ISL"
2286,1658,"step1_similar_name_1km","PT REPUBLIC","PT REPUBLIC"
2287,1659,"step1_similar_name_1km","TALL TIMBERS","TALL TIMBERS"
2288,1660,"step1_similar_name_1km","LA PLATA","LA PLATA"
2289,1661,"step1_similar_name_1km","HUGHESVILLE","HUGHESVILLE"
2290,1662,"step1_similar_name_1km","POMONKEY","POMONKEY"
2291,1663,"step1_similar_name_1km","POMFRET","POMFRET"
2292,1664,"step1_similar_name_1km","THEODORE","THEODORE"
2293,1665,"step1_similar_name_1km","NORTHEAST","NORTHEAST"
2294,1666,"step1_similar_name_1km","ELKTON","ELKTON"
2295,1667,"step1_similar_name_1km","MILLINGTON","MILLINGTON"
2296,1668,"step1_similar_name_1km","MELITOTA","MELITOTA"
2297,1669,"step1_similar_name_1km","PINEY NECK","PINEY NECK"
2298,1670,"step1_similar_name_1km","HARMONY","HARMONY"
2299,1671,"step1_similar_name_1km","MATTHEWS","MATTHEWS"
2300,1672,"step1_similar_name_1km","EASTON","EASTON"
2301,1673,"step1_similar_name_1km","GOLDEN HILL","GOLDEN HILL"
2302,1674,"step1_similar_name_1km","HONGA","HONGA"
2303,1675,"step1_similar_name_1km","MADISON","MADISON"
2304,1676,"step1_similar_name_1km","VIENNA","VIENNA"
2305,1677,"step1_similar_name_1km","FRUITLAND","FRUITLAND"
2306,1678,"step1_similar_name_1km","MARDELA","MARDELA"
2307,1679,"step1_similar_name_1km","COKESBURY","COKESBURY"
2308,1680,"step1_similar_name_1km","NEWARK","NEWARK"
2309,1681,"step1_similar_name_1km","SINEPUXENT","SINEPUXENT"
2310,1682,"step1_similar_name_1km","SNOW HILL","SNOW HILL"
2311,1683,"step1_similar_name_1km","JENNINGS","JENNINGS"
2312,1684,"step1_similar_name_1km","STEYER","STEYER"
2313,1685,"step1_similar_name_1km","FINZEL","FINZEL"
2314,1686,"step1_similar_name_1km","GREEN RIDGE","GREEN RIDGE"
2315,1687,"step1_similar_name_1km","PINEY GROVE","PINEY GROVE"
2320,1688,"step1_similar_name_1km","ACCIDENT","ACCIDENT"
2321,1689,"step1_similar_name_1km","WHEATON","WHEATON"
2322,1690,"step1_similar_name_1km","IJAMSVILLE","IJAMSVILLE"
2323,1691,"step1_similar_name_1km","SEVERNA PARK","SEVERNA PARK"
2324,1692,"step1_similar_name_1km","DAVIDSNVILLE","DAVIDSNVILLE"
2325,1693,"step1_similar_name_1km","NOTTINGHAM","NOTTINGHAM"
2326,1694,"step1_similar_name_1km","ISLAND CREEK","ISLAND CREEK"
2327,1695,"step1_similar_name_1km","PR FREDERICK","PR FREDERICK"
2328,1697,"step1_similar_name_1km","WALNUT","WALNUT"
2329,1698,"step1_similar_name_1km","BERLIN","BERLIN"
2330,1699,"step1_similar_name_1km","INDIANTOWN","INDIANTOWN"
2331,1700,"step1_similar_name_1km","MADONNA","MADONNA"
2333,1688,"step1_similar_name_1km","ACCIDENT 2","ACCIDENT"
2334,1701,"step1_similar_name_1km","GROVE NECK","GROVE NECK"
2335,1702,"step1_similar_name_1km","BALD FRIAR","BALD FRIAR"
2336,1703,"step1_similar_name_1km","FAIR HILL","FAIR HILL"
2338,1704,"step1_similar_name_1km","E DENNIS","E DENNIS"
2339,1705,"step1_similar_name_1km","CHILMARK","CHILMARK"
2341,1707,"step1_similar_name_1km","WELLFLEET","WELLFLEET"
2342,1708,"step1_similar_name_1km","PRATTVILLE","PRATTVILLE"
2343,1709,"step1_similar_name_1km","BROCKTON","BROCKTON"
2344,1710,"step1_similar_name_1km","NEWBURYPORT","NEWBURYPORT"
2345,1711,"step1_similar_name_1km","MAYNARD","MAYNARD"
2346,1712,"step1_similar_name_1km","LITTLETON","LITTLETON"
2347,1713,"step1_similar_name_1km","N OXFORD","N OXFORD"
2348,1714,"step1_similar_name_1km","MANSFIELD","MANSFIELD"
2349,1715,"step1_similar_name_1km","PRINCETON","PRINCETON"
2350,1716,"step1_similar_name_1km","E PEPPERELL","E PEPPERELL"
2351,1717,"step1_similar_name_1km","BELCHERTOWN","BELCHERTOWN"
2352,1718,"step1_similar_name_1km","WARREN","WARREN"
2353,1719,"step1_similar_name_1km","S BARRE","S BARRE"
2354,1720,"step1_similar_name_1km","N ORANGE","N ORANGE"
2355,1721,"step1_similar_name_1km","CUMMINGTON","CUMMINGTON"
2356,1722,"step1_similar_name_1km","CHESTERFIELD","CHESTERFIELD"
2357,1723,"step1_similar_name_1km","CHESHIRE","CHESHIRE"
2358,1724,"step1_similar_name_1km","PITTSFIELD","PITTSFIELD"
2361,1726,"step1_similar_name_1km","GAY HEAD","GAY HEAD"
2362,1707,"step1_similar_name_1km","WELLFLEET 2","WELLFLEET"
2364,1728,"step1_similar_name_1km","N. ANDOVER","N. ANDOVER"
2365,1729,"step1_similar_name_1km","Warren 2","WARREN 2"
2366,1721,"step1_similar_name_1km","CUMMINGTON 2","CUMMINGTON"
2367,1730,"step1_similar_name_1km","HANCOCK","HANCOCK"
2368,1731,"step1_similar_name_1km","WARE RIVER","WARE RIVER"
2369,1732,"step1_similar_name_1km","CAPE COD NS","CAPE COD NS"
2370,1733,"step1_similar_name_1km","ONTONAGON","ONTONAGON"
2371,1734,"step1_similar_name_1km","BERGLAND","BERGLAND"
2373,1736,"step1_similar_name_1km","BOOTJACK","BOOTJACK"
2374,1737,"step1_similar_name_1km","NED LAKE","NED LAKE"
2375,1738,"step1_similar_name_1km","HERMAN","HERMAN"
2376,1739,"step1_similar_name_1km","CRYSTAL FLS","CRYSTAL FLS"
2377,1740,"step1_similar_name_1km","GIBBS CITY","GIBBS CITY"
2378,1741,"step1_similar_name_1km","MAPLE GROVE","MAPLE GROVE"
2379,1742,"step1_similar_name_1km","ISHPEMING","ISHPEMING"
2380,1743,"step1_similar_name_1km","BROCKY LAKE","BROCKY LAKE"
2381,1744,"step1_similar_name_1km","WILSON","WILSON"
2382,1745,"step1_similar_name_1km","CUNARD","CUNARD"
2383,1746,"step1_similar_name_1km","SHINGLETON","SHINGLETON"
2384,1747,"step1_similar_name_1km","CREIGHTON","CREIGHTON"
2385,1748,"step1_similar_name_1km","ISABELLA","ISABELLA"
2386,1749,"step1_similar_name_1km","BEAR LAKE","BEAR LAKE"
2387,1750,"step1_similar_name_1km","SCOTTVILLE","SCOTTVILLE"
2388,1751,"step1_similar_name_1km","BIG BLUE LK","BIG BLUE LK"
2389,1752,"step1_similar_name_1km","LAWRENCE","LAWRENCE"
2390,1753,"step1_similar_name_1km","BRAVO","BRAVO"
2391,1754,"step1_similar_name_1km","NEW TROY","NEW TROY"
2392,1755,"step1_similar_name_1km","MUSKALLONGE","MUSKALLONGE"
2393,1756,"step1_similar_name_1km","TAHQUAMENON","TAHQUAMENON"
2394,1757,"step1_similar_name_1km","GILCHRIST","GILCHRIST"
2395,1758,"step1_similar_name_1km","PLEASANT VAL","PLEASANT VAL"
2396,1759,"step1_similar_name_1km","LAKE CITY","LAKE CITY"
2397,1760,"step1_similar_name_1km","IRONS","IRONS"
2398,1761,"step1_similar_name_1km","SKEGEMOG PT","SKEGEMOG PT"
2399,1762,"step1_similar_name_1km","TRAVERSE CTY","TRAVERSE CTY"
2400,1763,"step1_similar_name_1km","BIG RAPIDS","BIG RAPIDS"
2401,1764,"step1_similar_name_1km","NASHVILLE","NASHVILLE"
2402,1765,"step1_similar_name_1km","COOPERSVILLE","COOPERSVILLE"
2403,1766,"step1_similar_name_1km","BELDING","BELDING"
2404,1767,"step1_similar_name_1km","GALESBURG","GALESBURG"
2405,1768,"step1_similar_name_1km","HOWARDSVILLE","HOWARDSVILLE"
2406,1769,"step1_similar_name_1km","MONTEREY","MONTEREY"
2407,1770,"step1_similar_name_1km","REMUS","REMUS"
2408,1771,"step1_similar_name_1km","MOTTVILLE","MOTTVILLE"
2409,1772,"step1_similar_name_1km","RACO","RACO"
2410,1773,"step1_similar_name_1km","PICKFORD","PICKFORD"
2411,1774,"step1_similar_name_1km","RIGGSVILLE","RIGGSVILLE"
2412,1775,"step1_similar_name_1km","WALLOON LAKE","WALLOON LAKE"
2413,1776,"step1_similar_name_1km","BRUSH CREEK","BRUSH CREEK"
2414,1777,"step1_similar_name_1km","SKEELS","SKEELS"
2415,1778,"step1_similar_name_1km","FREDERIC","FREDERIC"
2416,1779,"step1_similar_name_1km","RED OAK","RED OAK"
2417,1780,"step1_similar_name_1km","OBERLIN","OBERLIN"
2418,1781,"step1_similar_name_1km","ST CHARLES","ST CHARLES"
2419,1782,"step1_similar_name_1km","NO BRADLEY","NO BRADLEY"
2420,1783,"step1_similar_name_1km","OLA","OLA"
2421,1784,"step1_similar_name_1km","MAPLE RAPIDS","MAPLE RAPIDS"
2422,1785,"step1_similar_name_1km","BELL OAK","BELL OAK"
2423,1786,"step1_similar_name_1km","HOLT","HOLT"
2424,1787,"step1_similar_name_1km","HOMER","HOMER"
2425,1788,"step1_similar_name_1km","FOWLERVILLE","FOWLERVILLE"
2427,1790,"step1_similar_name_1km","PRATTVILLE","PRATTVILLE"
2428,1791,"step1_similar_name_1km","CATHRO","CATHRO"
2429,1792,"step1_similar_name_1km","BEAVER LAKE","BEAVER LAKE"
2430,1793,"step1_similar_name_1km","SAND LAKE","SAND LAKE"
2431,1794,"step1_similar_name_1km","HUBBARD LAKE","HUBBARD LAKE"
2432,1795,"step1_similar_name_1km","JUNIATA","JUNIATA"
2433,1796,"step1_similar_name_1km","OWENDALE","OWENDALE"
2434,1797,"step1_similar_name_1km","NORTH BRANCH","NORTH BRANCH"
2435,1798,"step1_similar_name_1km","S LYONS","S LYONS"
2436,1799,"step1_similar_name_1km","PETTYSVILLE","PETTYSVILLE"
2437,1800,"step1_similar_name_1km","DRAYTON PLNS","DRAYTON PLNS"
2438,1801,"step1_similar_name_1km","HAMTRAMCK","HAMTRAMCK"
2439,1802,"step1_similar_name_1km","DECKERVILLE","DECKERVILLE"
2440,1803,"step1_similar_name_1km","TYRE","TYRE"
2441,1804,"step1_similar_name_1km","ADAIR","ADAIR"
2442,1805,"step1_similar_name_1km","WALDENBURG","WALDENBURG"
2444,1748,"step1_similar_name_1km","ISABELLA 2","ISABELLA"
2445,1806,"step1_similar_name_1km","PLEASANT VALLEY 2","PLEASANT VALLEY 2"
2446,1807,"step1_similar_name_1km","HARRIETTA","HARRIETTA"
2447,1808,"step1_similar_name_1km","CEDAR RUN","CEDAR RUN"
2448,1809,"step1_similar_name_1km","HUNGERFORD","HUNGERFORD"
2449,1810,"step1_similar_name_1km","BELDING 2","BELDING 2"
2450,1811,"step1_similar_name_1km","WALLOON LAKE 2","WALLOON LAKE 2"
2451,1812,"step1_similar_name_1km","FREDERIC 2","FREDERIC 2"
2452,1785,"step1_similar_name_1km","BELL OAK 2","BELL OAK"
2453,1813,"step1_similar_name_1km","HERRON","HERRON"
2454,1814,"step1_similar_name_1km","LAPEER","LAPEER"
2455,1815,"step1_similar_name_1km","ROCHESTER","ROCHESTER"
2456,1816,"step1_similar_name_1km","HAMBURG","HAMBURG"
2457,1817,"step1_similar_name_1km","HARTLAND","HARTLAND"
2458,1818,"step1_similar_name_1km","RICHMOND","RICHMOND"
2459,1819,"step1_similar_name_1km","MAYFIELD","MAYFIELD"
2460,1820,"step1_similar_name_1km","HAMBURG 2","HAMBURG 2"
2461,1821,"step1_similar_name_1km","CHIPPEWA LK.","CHIPPEWA LK."
2462,1822,"step1_similar_name_1km","IMP LAKE","IMP LAKE"
2463,1823,"step1_similar_name_1km","PINE RIVER","PINE RIVER"
2464,1824,"step1_similar_name_1km","HIAWATHA NF","HIAWATHA NF"
2465,1825,"step1_similar_name_1km","BETCHLER LKS","BETCHLER LKS"
2466,1826,"step1_similar_name_1km","NEW BUFFALO","NEW BUFFALO"
2467,1827,"step1_similar_name_1km","SENEY NWR","SENEY NWR"
2468,1828,"step1_similar_name_1km","ALLEGAN WMA","ALLEGAN WMA"
2469,1829,"step1_similar_name_1km","SIDNAW","SIDNAW"
2470,1830,"step1_similar_name_1km","ALMENA","ALMENA"
2471,1831,"step1_similar_name_1km","BARRY S.G.A.","BARRY S.G.A."
2472,1832,"step1_similar_name_1km","SCOTT'S MARSH","SCOTT'S MARSH"
2473,1833,"step1_similar_name_1km","CLUSTER LAKES","CLUSTER LAKES"
2474,1834,"step1_similar_name_1km","ENSIGN","ENSIGN"
2475,1835,"step1_similar_name_1km","Big Island Lake","BIG ISLAND LAKE"
2476,1836,"step1_similar_name_1km","Gooseneck","GOOSENECK"
2477,1831,"step1_similar_name_1km","BARRY S.G.A. 2","BARRY S.G.A."
2478,1837,"step1_similar_name_1km","MONEY CREEK","MONEY CREEK"
2479,1919,"step1_similar_name_1km","CHATFIELD","CHATFIELD II"
2480,1839,"step1_similar_name_1km","HARTLAND","HARTLAND"
2481,1840,"step1_similar_name_1km","HUNTLEY","HUNTLEY"
2482,1841,"step1_similar_name_1km","CHANDLER","CHANDLER"
2483,1842,"step1_similar_name_1km","ASH CREEK","ASH CREEK"
2484,1843,"step1_similar_name_1km","MILLVILLE","MILLVILLE"
2485,1844,"step1_similar_name_1km","LAKEVILLE","LAKEVILLE"
2486,1845,"step1_similar_name_1km","MINNETONKA","MINNETONKA"
2487,1846,"step1_similar_name_1km","ARLINGTON","ARLINGTON"
2488,1847,"step1_similar_name_1km","COURTLAND","COURTLAND"
2489,1848,"step1_similar_name_1km","REDWOOD FALL","REDWOOD FALL"
2490,1849,"step1_similar_name_1km","MAYNARD","MAYNARD"
2491,1850,"step1_similar_name_1km","DAWSON","DAWSON"
2492,1851,"step1_similar_name_1km","PRINCETON","PRINCETON"
2493,1852,"step1_similar_name_1km","OSSEO","OSSEO"
2494,1853,"step1_similar_name_1km","KNAPP","KNAPP"
2495,1854,"step1_similar_name_1km","ST STEPHEN","ST STEPHEN"
2496,1855,"step1_similar_name_1km","APPLETON","APPLETON"
2497,1856,"step1_similar_name_1km","GLUEK","GLUEK"
2498,1857,"step1_similar_name_1km","CHOKIO","CHOKIO"
2499,1858,"step1_similar_name_1km","CROMWELL","CROMWELL"
2500,1859,"step1_similar_name_1km","WIGWAM BAY","WIGWAM BAY"
2501,1860,"step1_similar_name_1km","MILLE LACS","MILLE LACS"
2502,1861,"step1_similar_name_1km","BACKUS","BACKUS"
2504,1863,"step1_similar_name_1km","EDWARDS","EDWARDS"
2505,1864,"step1_similar_name_1km","EVERGREEN","EVERGREEN"
2506,1865,"step1_similar_name_1km","GLYNDON","GLYNDON"
2507,1866,"step1_similar_name_1km","TENNEY","TENNEY"
2508,1867,"step1_similar_name_1km","HOVLAND","HOVLAND"
2509,1868,"step1_similar_name_1km","LOCKPORT","LOCKPORT"
2510,1869,"step1_similar_name_1km","SAWBILL LNDG","SAWBILL LNDG"
2511,1870,"step1_similar_name_1km","HART LAKE","HART LAKE"
2512,1871,"step1_similar_name_1km","FLOODWOOD","FLOODWOOD"
2513,1872,"step1_similar_name_1km","ISLAND LAKE","ISLAND LAKE"
2514,1873,"step1_similar_name_1km","COHASSET","COHASSET"
2515,1874,"step1_similar_name_1km","SHERRY LAKE","SHERRY LAKE"
2516,1875,"step1_similar_name_1km","BENA","BENA"
2517,1876,"step1_similar_name_1km","BEMIDJI","BEMIDJI"
2518,1877,"step1_similar_name_1km","OKLEE","OKLEE"
2519,1878,"step1_similar_name_1km","DEBS","DEBS"
2520,1879,"step1_similar_name_1km","BELTRAMI","BELTRAMI"
2521,1880,"step1_similar_name_1km","WYLIE","WYLIE"
2522,1881,"step1_similar_name_1km","CRANE LAKE","CRANE LAKE"
2523,1882,"step1_similar_name_1km","LITTLE FORK","LITTLE FORK"
2524,1883,"step1_similar_name_1km","LUDE","LUDE"
2526,1885,"step1_similar_name_1km","ERIE","ERIE"
2527,1886,"step1_similar_name_1km","GRYGLA","GRYGLA"
2528,1887,"step1_similar_name_1km","BADGER","BADGER"
2529,1888,"step1_similar_name_1km","LAKE BRONSON","LAKE BRONSON"
2530,1889,"step1_similar_name_1km","CALEDONIA","CALEDONIA"
2531,1890,"step1_similar_name_1km","LE ROY","LE ROY"
2532,1891,"step1_similar_name_1km","AUSTIN","AUSTIN"
2533,1892,"step1_similar_name_1km","FAIRMONT","FAIRMONT"
2534,1893,"step1_similar_name_1km","WORTHINGTON","WORTHINGTON"
2535,1894,"step1_similar_name_1km","FRONTENAC","FRONTENAC"
2536,1895,"step1_similar_name_1km","LE CENTER","LE CENTER"
2537,1896,"step1_similar_name_1km","FRANKLIN","FRANKLIN"
2538,1897,"step1_similar_name_1km","TRACY","TRACY"
2539,1898,"step1_similar_name_1km","TYLER","TYLER"
2541,1900,"step1_similar_name_1km","NEW LONDON","NEW LONDON"
2542,1901,"step1_similar_name_1km","GLENWOOD","GLENWOOD"
2543,1902,"step1_similar_name_1km","CHOKIO NORTH","CHOKIO"
2544,1903,"step1_similar_name_1km","MAHTOWA","MAHTOWA"
2545,1904,"step1_similar_name_1km","MCGREGOR","MCGREGOR"
2546,1905,"step1_similar_name_1km","BRAINERD","BRAINERD"
2547,1906,"step1_similar_name_1km","ASHBY","ASHBY"
2548,1907,"step1_similar_name_1km","SAWBILL CAMP","SAWBILL CAMP"
2549,1908,"step1_similar_name_1km","JORDAN","JORDAN"
2550,1909,"step1_similar_name_1km","BABBITT","BABBITT"
2551,1910,"step1_similar_name_1km","BIGFORK","BIGFORK"
2552,1911,"step1_similar_name_1km","BLACKDUCK","BLACKDUCK"
2553,1912,"step1_similar_name_1km","BAGLEY","BAGLEY"
2554,1913,"step1_similar_name_1km","LOCKHART","LOCKHART"
2555,1914,"step1_similar_name_1km","GLENDALE","GLENDALE"
2556,1915,"step1_similar_name_1km","KOOCHICHING","KOOCHICHING"
2557,1916,"step1_similar_name_1km","RED LAKE","RED LAKE"
2558,1917,"step1_similar_name_1km","WARROAD","WARROAD"
2559,1918,"step1_similar_name_1km","GREENBUSH","GREENBUSH"
2561,1919,"step1_similar_name_1km","Chatfield 2","CHATFIELD II"
2562,1920,"step1_similar_name_1km","CASS LAKE","CASS LAKE"
2563,1921,"step1_similar_name_1km","NEBISH","NEBISH"
2564,1889,"step1_similar_name_1km","CALEDONIA 2","CALEDONIA"
2565,1922,"step1_similar_name_1km","NETT LAKE","NETT LAKE"
2566,1923,"step1_similar_name_1km","SHERBURNE NR","SHERBURNE NR"
2567,1924,"step1_similar_name_1km","TAMARAC NWR","TAMARAC NWR"
2568,1925,"step1_similar_name_1km","WHITEWATER","WHITEWATER"
2569,1926,"step1_similar_name_1km","BIG STONE","BIG STONE"
2570,1925,"step1_similar_name_1km","WHITEWATER 2","WHITEWATER"
2571,1927,"step1_similar_name_1km","LAKE MARY","LAKE MARY"
2572,1928,"step1_similar_name_1km","BEVERLY","BEVERLY"
2573,1929,"step1_similar_name_1km","DUNDEE","DUNDEE"
2574,1930,"step1_similar_name_1km","COMMERCE","COMMERCE"
2575,1931,"step1_similar_name_1km","TCHULA","TCHULA"
2576,1932,"step1_similar_name_1km","BENTON","BENTON"
2577,1933,"step1_similar_name_1km","ISOLA","ISOLA"
2578,1934,"step1_similar_name_1km","UTICA","UTICA"
2579,1935,"step1_similar_name_1km","LUCIEN","LUCIEN"
2580,1936,"step1_similar_name_1km","FAYETTE","FAYETTE"
2581,1937,"step1_similar_name_1km","OLIVE BRANCH","OLIVE BRANCH"
2582,1938,"step1_similar_name_1km","COCKRUM","COCKRUM"
2583,1939,"step1_similar_name_1km","WALTHALL","WALTHALL"
2584,1940,"step1_similar_name_1km","DUCK HILL","DUCK HILL"
2585,1941,"step1_similar_name_1km","FOREST","FOREST"
2586,1942,"step1_similar_name_1km","LAKE","LAKE"
2587,1943,"step1_similar_name_1km","MT CARMEL","MT CARMEL"
2588,1944,"step1_similar_name_1km","COLUMBIA","COLUMBIA"
2589,1945,"step1_similar_name_1km","POPLARVILLE","POPLARVILLE"
2590,1946,"step1_similar_name_1km","CYBUR","CYBUR"
2591,1947,"step1_similar_name_1km","CORINTH","CORINTH"
2592,1948,"step1_similar_name_1km","TUPELO","TUPELO"
2593,1949,"step1_similar_name_1km","MACON","MACON"
2594,1950,"step1_similar_name_1km","SCOOBA","SCOOBA"
2595,1951,"step1_similar_name_1km","ABERDEEN","ABERDEEN"
2596,1952,"step1_similar_name_1km","DUFFEE","DUFFEE"
2597,1953,"step1_similar_name_1km","NEELY","NEELY"
2598,1954,"step1_similar_name_1km","WAYNESBORO","WAYNESBORO"
2599,1955,"step1_similar_name_1km","FONTAINBLEAU","FONTAINBLEAU"
2600,1956,"step1_similar_name_1km","BENNDALE","BENNDALE"
2601,1957,"step1_similar_name_1km","Leaf River","LEAF RIVER"
2602,1958,"step1_similar_name_1km","Trace Central","TRACE CENTRAL"
2603,1959,"step1_similar_name_1km","Monticello","MONTICELLO"
2604,1960,"step1_similar_name_1km","Winterville","WINTERVILLE"
2605,1961,"step1_similar_name_1km","Trace South","TRACE SOUTH"
2606,1962,"step1_similar_name_1km","Eagle Lake","EAGLE LAKE"
2607,1963,"step1_similar_name_1km","De Soto","DE SOTO"
2608,1964,"step1_similar_name_1km","Weir","WEIR"
2609,1965,"step1_similar_name_1km","Water Valley","WATER VALLEY"
2610,1966,"step1_similar_name_1km","Shelby","SHELBY"
2611,1967,"step1_similar_name_1km","Holly Springs","HOLLY SPRINGS"
2612,1968,"step1_similar_name_1km","Trace North","TRACE NORTH"
2613,1969,"step1_similar_name_1km","Amite River","AMITE RIVER"
2614,1970,"step1_similar_name_1km","FORT ADAMS","FORT ADAMS"
2615,1928,"step1_similar_name_1km","SIBLEY","BEVERLY"
2616,1971,"step1_similar_name_1km","MOON","MOON"
2617,1931,"step1_similar_name_1km","TCHULA 2","TCHULA"
2618,1972,"step1_similar_name_1km","OLIVE BRANCH 2","OLIVE BRANCH 2"
2619,1973,"step1_similar_name_1km","EMBRY","EMBRY"
2620,1974,"step1_similar_name_1km","NECAISE","NECAISE"
2621,1950,"step1_similar_name_1km","SCOOBA 2","SCOOBA"
2622,1975,"step1_similar_name_1km","DIBERVILLE","DIBERVILLE"
2623,1976,"step1_similar_name_1km","TCHULA 3","TCHULA 3"
2624,1977,"step1_similar_name_1km","SCOOBA 3","SCOOBA 3"
2627,1979,"step1_similar_name_1km","SANDY CREEK","SANDY CREEK"
2628,1980,"step1_similar_name_1km","LAKE COMO","LAKE COMO"
2630,1982,"step1_similar_name_1km","DELTA N.F.","DELTA N.F."
2631,1983,"step1_similar_name_1km","TIPPO","TIPPO"
2632,1984,"step1_similar_name_1km","TALLAHATCHIE","TALLAHATCHIE"
2633,1985,"step1_similar_name_1km","GRENADA LAKE","GRENADA LAKE"
2648,1986,"step1_similar_name_1km","DEVENTER","DEVENTER"
2649,1987,"step1_similar_name_1km","PULASKI","PULASKI"
2650,1988,"step1_similar_name_1km","PEACE VALLEY","PEACE VALLEY"
2651,1989,"step1_similar_name_1km","SWEDEN","SWEDEN"
2652,1990,"step1_similar_name_1km","CASSVILLE","CASSVILLE"
2653,1991,"step1_similar_name_1km","PINEVILLE","PINEVILLE"
2654,1992,"step1_similar_name_1km","CP GIRARDEAU","CP GIRARDEAU"
2655,1993,"step1_similar_name_1km","CASCADE","CASCADE"
2656,1994,"step1_similar_name_1km","IRONTON","IRONTON"
2657,1995,"step1_similar_name_1km","AKERS","AKERS"
2658,1996,"step1_similar_name_1km","WESCO","WESCO"
2659,1997,"step1_similar_name_1km","CLEMENTINE","CLEMENTINE"
2660,1998,"step1_similar_name_1km","HANDLEY","HANDLEY"
2661,1999,"step1_similar_name_1km","GRAYDON","GRAYDON"
2662,2000,"step1_similar_name_1km","FILLEY","FILLEY"
2663,2001,"step1_similar_name_1km","REEDS","REEDS"
2664,2002,"step1_similar_name_1km","WASHINGTON","WASHINGTON"
2665,2003,"step1_similar_name_1km","HAYDEN","HAYDEN"
2666,2004,"step1_similar_name_1km","DANVILLE","DANVILLE"
2667,2005,"step1_similar_name_1km","SYRACUSE","SYRACUSE"
2668,2006,"step1_similar_name_1km","CENTERTOWN","CENTERTOWN"
2669,2007,"step1_similar_name_1km","COLE CAMP","COLE CAMP"
2670,2008,"step1_similar_name_1km","OHIO","OHIO"
2671,2009,"step1_similar_name_1km","SNI MILLS","SNI MILLS"
2672,2010,"step1_similar_name_1km","RENSSELAER","RENSSELAER"
2673,2011,"step1_similar_name_1km","WARREN","WARREN"
2674,2012,"step1_similar_name_1km","MADISON","MADISON"
2675,2013,"step1_similar_name_1km","HUNTSVILLE","HUNTSVILLE"
2676,2014,"step1_similar_name_1km","ROCKINGHAM","ROCKINGHAM"
2677,2015,"step1_similar_name_1km","STET","STET"
2678,2016,"step1_similar_name_1km","HAMILTON","HAMILTON"
2679,2017,"step1_similar_name_1km","FRAZIER","FRAZIER"
2680,2018,"step1_similar_name_1km","KAHOKA","KAHOKA"
2681,2019,"step1_similar_name_1km","STICKLERVILL","STICKLERVILL"
2682,2020,"step1_similar_name_1km","TRENTON","TRENTON"
2683,2021,"step1_similar_name_1km","BOLCKOW","BOLCKOW"
2684,2022,"step1_similar_name_1km","TARKIO","TARKIO"
2685,2023,"step1_similar_name_1km","WILLIAMSVILL","WILLIAMSVILL"
2686,2024,"step1_similar_name_1km","BENNETT","BENNETT"
2687,2025,"step1_similar_name_1km","HILDA","HILDA"
2688,2026,"step1_similar_name_1km","CRANE","CRANE"
2689,2027,"step1_similar_name_1km","WHITEWATER","WHITEWATER"
2690,2028,"step1_similar_name_1km","BARKS","BARKS"
2691,2029,"step1_similar_name_1km","CENTERVILLE","CENTERVILLE"
2692,2030,"step1_similar_name_1km","MARSHFIELD","MARSHFIELD"
2693,2031,"step1_similar_name_1km","BLAND","BLAND"
2694,2032,"step1_similar_name_1km","OSAGE BEACH","OSAGE BEACH"
2695,2033,"step1_similar_name_1km","MILLWOOD","MILLWOOD"
2696,2034,"step1_similar_name_1km","LACLEDE","LACLEDE"
2697,2035,"step1_similar_name_1km","KEARNEY","KEARNEY"
2698,2036,"step1_similar_name_1km","KIRKSVILLE","KIRKSVILLE"
2699,2037,"step1_similar_name_1km","MCFALL","MCFALL"
2700,2038,"step1_similar_name_1km","NEW POINT","NEW POINT"
2701,2039,"step1_similar_name_1km","GRANITEVILLE","GRANITEVILLE"
2702,2040,"step1_similar_name_1km","CLEMENTINE 2","CLEMENTINE 2"
2703,2041,"step1_similar_name_1km","GILDEHOUSE","GILDEHOUSE"
2704,2042,"step1_similar_name_1km","SEDALIA","SEDALIA"
2705,2043,"step1_similar_name_1km","KINGSVILLE","KINGSVILLE"
2706,2044,"step1_similar_name_1km","FRANKFORD","FRANKFORD"
2707,2045,"step1_similar_name_1km","NORBORNE","NORBORNE"
2708,2046,"step1_similar_name_1km","CAMERON","CAMERON"
2709,2047,"step1_similar_name_1km","KAHOKA2","KAHOKA2"
2710,2048,"step1_similar_name_1km","BARNARD","BARNARD"
2711,2049,"step1_similar_name_1km","WATSON","WATSON"
2739,2050,"step1_similar_name_1km","Palace","PALACE"
2740,2051,"step1_similar_name_1km","UNION","UNION"
2742,2052,"step1_similar_name_1km","MOSELLE","MOSELLE"
2743,2053,"step1_similar_name_1km","LIBBY DAM","LIBBY DAM"
2744,2054,"step1_similar_name_1km","KALISPELL","KALISPELL"
2745,2055,"step1_similar_name_1km","ST MARY","ST MARY"
2746,2056,"step1_similar_name_1km","HAY LAKE","HAY LAKE"
2748,2058,"step1_similar_name_1km","VIRGELLE","VIRGELLE"
2749,2059,"step1_similar_name_1km","CLEVELAND","CLEVELAND"
2750,2060,"step1_similar_name_1km","HARLEM","HARLEM"
2751,2061,"step1_similar_name_1km","MALTA","MALTA"
2752,2062,"step1_similar_name_1km","GLASGOW","GLASGOW"
2753,2063,"step1_similar_name_1km","OSWEGO","OSWEGO"
2754,2064,"step1_similar_name_1km","REDSTONE","REDSTONE"
2755,2065,"step1_similar_name_1km","ST REGIS","ST REGIS"
2756,2066,"step1_similar_name_1km","POLSON","POLSON"
2757,2067,"step1_similar_name_1km","ARLEE","ARLEE"
2758,2068,"step1_similar_name_1km","AUGUSTA","AUGUSTA"
2759,2069,"step1_similar_name_1km","GREAT FALLS","GREAT FALLS"
2760,2070,"step1_similar_name_1km","HIGHWOOD","HIGHWOOD"
2761,2071,"step1_similar_name_1km","LEROY","LEROY"
2762,2072,"step1_similar_name_1km","ROY","ROY"
2763,2073,"step1_similar_name_1km","BRUSETT","BRUSETT"
2765,2075,"step1_similar_name_1km","CIRCLE","CIRCLE"
2766,2076,"step1_similar_name_1km","SAVAGE","SAVAGE"
2767,2077,"step1_similar_name_1km","WOODMAN","WOODMAN"
2768,2078,"step1_similar_name_1km","CLINTON","CLINTON"
2769,2079,"step1_similar_name_1km","ELLISTON","ELLISTON"
2770,2080,"step1_similar_name_1km","BOULDER","BOULDER"
2771,2081,"step1_similar_name_1km","TWO DOT","TWO DOT"
2772,2082,"step1_similar_name_1km","SHAWMUT","SHAWMUT"
2773,2083,"step1_similar_name_1km","FLATWILLOW","FLATWILLOW"
2774,2084,"step1_similar_name_1km","INGOMAR","INGOMAR"
2775,2085,"step1_similar_name_1km","FORSYTH","FORSYTH"
2776,2086,"step1_similar_name_1km","LOCATE","LOCATE"
2777,2087,"step1_similar_name_1km","WEBSTER","WEBSTER"
2778,2088,"step1_similar_name_1km","SULA","SULA"
2779,2089,"step1_similar_name_1km","TWIN BRIDGES","TWIN BRIDGES"
2780,2090,"step1_similar_name_1km","WILLOW CREEK","WILLOW CREEK"
2781,2091,"step1_similar_name_1km","CHESTNUT","CHESTNUT"
2782,2092,"step1_similar_name_1km","REED POINT","REED POINT"
2783,2093,"step1_similar_name_1km","LAUREL","LAUREL"
2784,2094,"step1_similar_name_1km","ST XAVIER","ST XAVIER"
2785,2095,"step1_similar_name_1km","BRANDENBERG","BRANDENBERG"
2786,2096,"step1_similar_name_1km","POWDERVILLE","POWDERVILLE"
2787,2097,"step1_similar_name_1km","ALBION","ALBION"
2789,2099,"step1_similar_name_1km","RED ROCK","RED ROCK"
2790,2100,"step1_similar_name_1km","THOMPSON RIV","THOMPSON RIV"
2791,2101,"step1_similar_name_1km","NINEMILE","NINEMILE"
2792,2102,"step1_similar_name_1km","PABLO RES.","PABLO RES."
2793,2103,"step1_similar_name_1km","FISH CREEK","FISH CREEK"
2794,2104,"step1_similar_name_1km","SKALKAHO","SKALKAHO"
2795,2105,"step1_similar_name_1km","PAINTED ROCK","PAINTED ROCK"
2796,2106,"step1_similar_name_1km","WISE RIVER","WISE RIVER"
2797,2107,"step1_similar_name_1km","LIMA","LIMA"
2798,2108,"step1_similar_name_1km","NOXON","NOXON"
2799,2109,"step1_similar_name_1km","St. Mary 2","ST. MARY 2"
2800,2110,"step1_similar_name_1km","Whitlash","WHITLASH"
2801,2111,"step1_similar_name_1km","Flatwillow 2","FLATWILLOW 2"
2802,2112,"step1_similar_name_1km","GLEN","GLEN"
2803,2090,"step1_similar_name_1km","WILLOW CREEK 2","WILLOW CREEK"
2804,2094,"step1_similar_name_1km","ST XAVIER 2","ST XAVIER"
2805,2113,"step1_similar_name_1km","SKALKHO-RYE","SKALKHO-RYE"
2852,2114,"step1_similar_name_1km","INSIDE ROAD","INSIDE ROAD"
2853,2115,"step1_similar_name_1km","LOGAN PASS","LOGAN PASS"
2854,2116,"step1_similar_name_1km","VICTOR","VICTOR"
2855,2117,"step1_similar_name_1km","THREEMILE WA","THREEMILE WA"
2856,2118,"step1_similar_name_1km","CRAMER CREEK","CRAMER CREEK"
2857,2119,"step1_similar_name_1km","BRADMAN","BRADMAN"
2858,2120,"step1_similar_name_1km","GREENOUGH","GREENOUGH"
2859,2121,"step1_similar_name_1km","ELEVATION MT","ELEVATION MT"
2861,2123,"step1_similar_name_1km","BULL MTN.","BULL MTN."
2862,2124,"step1_similar_name_1km","GREENOAGH 2","GREENOAGH 2"
2864,2125,"step1_similar_name_1km","JULIAN","JULIAN"
2865,2126,"step1_similar_name_1km","JOHNSON","JOHNSON"
2866,2127,"step1_similar_name_1km","LIBERTY","LIBERTY"
2867,2128,"step1_similar_name_1km","BELVIDERE","BELVIDERE"
2868,2129,"step1_similar_name_1km","SEWARD","SEWARD"
2869,2130,"step1_similar_name_1km","KENESAW","KENESAW"
2870,2131,"step1_similar_name_1km","KEARNEY","KEARNEY"
2871,2132,"step1_similar_name_1km","SUMNER","SUMNER"
2872,2133,"step1_similar_name_1km","HOLBROOK","HOLBROOK"
2873,2134,"step1_similar_name_1km","BARTLEY","BARTLEY"
2874,2135,"step1_similar_name_1km","STRATTON","STRATTON"
2875,2136,"step1_similar_name_1km","GRETNA","GRETNA"
2876,2137,"step1_similar_name_1km","IRVINGTON","IRVINGTON"
2877,2138,"step1_similar_name_1km","SURPRISE","SURPRISE"
2878,2139,"step1_similar_name_1km","RICHLAND","RICHLAND"
2879,2140,"step1_similar_name_1km","BARTLETT","BARTLETT"
2880,2141,"step1_similar_name_1km","PETERSBURG","PETERSBURG"
2881,2142,"step1_similar_name_1km","ALMERIA","ALMERIA"
2882,2143,"step1_similar_name_1km","OCONTO","OCONTO"
2883,2144,"step1_similar_name_1km","PAXTON","PAXTON"
2884,2145,"step1_similar_name_1km","DALTON","DALTON"
2885,2146,"step1_similar_name_1km","THURSTON","THURSTON"
2886,2147,"step1_similar_name_1km","SPARTA","SPARTA"
2887,2148,"step1_similar_name_1km","WINSIDE","WINSIDE"
2888,2149,"step1_similar_name_1km","EAGLE CREEK","EAGLE CREEK"
2889,2150,"step1_similar_name_1km","MIDWAY","MIDWAY"
2890,2151,"step1_similar_name_1km","SWAN LAKE","SWAN LAKE"
2891,2152,"step1_similar_name_1km","JOHNSTOWN","JOHNSTOWN"
2892,2153,"step1_similar_name_1km","PIESTER LAKE","PIESTER LAKE"
2893,2154,"step1_similar_name_1km","AGATE","AGATE"
2894,2155,"step1_similar_name_1km","KENNEDY","KENNEDY"
2895,2156,"step1_similar_name_1km","TABLE","TABLE"
2896,2157,"step1_similar_name_1km","KIMBALL","KIMBALL"
2897,2158,"step1_similar_name_1km","GORDON","GORDON"
2898,2159,"step1_similar_name_1km","BRADY","BRADY"
2899,2160,"step1_similar_name_1km","BENKELMAN","BENKELMAN"
2900,2161,"step1_similar_name_1km","RINGGOLD","RINGGOLD"
2901,2162,"step1_similar_name_1km","ARTHUR","ARTHUR"
2902,2163,"step1_similar_name_1km","CRESCENT LK","CRESCENT LK"
2903,2164,"step1_similar_name_1km","MURRAY LAKE","MURRAY LAKE"
2904,2165,"step1_similar_name_1km","BROWNLEE","BROWNLEE"
2905,2166,"step1_similar_name_1km","MULLEN","MULLEN"
2906,2167,"step1_similar_name_1km","BEREA","BEREA"
2907,2168,"step1_similar_name_1km","CRAWFORD","CRAWFORD"
2908,2169,"step1_similar_name_1km","LIBERTY 2","LIBERTY 2"
2909,2136,"step1_similar_name_1km","GRETNA 2","GRETNA"
2910,2170,"step1_similar_name_1km","WHEELER CO","WHEELER CO"
2911,2171,"step1_similar_name_1km","BERWYN","BERWYN"
2912,2172,"step1_similar_name_1km","WINSIDE 2","WINSIDE 2"
2913,2173,"step1_similar_name_1km","AGATE 2","AGATE 2"
2939,2174,"step1_similar_name_1km","OGLALA NAT. GRASS.","OGLALA NAT. GRASS."
2940,2175,"step1_similar_name_1km","Pine Ridge","Pine Ridge"
2941,2176,"step1_similar_name_1km","VYA","VYA"
2942,2177,"step1_similar_name_1km","PIUTE MDWS","PIUTE MDWS"
2944,2179,"step1_similar_name_1km","MIDAS","MIDAS"
2945,2180,"step1_similar_name_1km","DINNER STA","DINNER STA"
2946,2181,"step1_similar_name_1km","RANCHOGRANDE","RANCHOGRANDE"
2947,2182,"step1_similar_name_1km","SAND PASS","SAND PASS"
2949,2184,"step1_similar_name_1km","FISH CREEK","FISH CREEK"
2950,2185,"step1_similar_name_1km","CORTEZ","CORTEZ"
2951,2186,"step1_similar_name_1km","WALKER CAN","WALKER CAN"
2952,2187,"step1_similar_name_1km","MIZPAH","MIZPAH"
2953,2188,"step1_similar_name_1km","SUTCLIFFE","SUTCLIFFE"
2954,2189,"step1_similar_name_1km","FRENCHMAN","FRENCHMAN"
2955,2190,"step1_similar_name_1km","TOIYABE NF","TOIYABE NF"
2956,2191,"step1_similar_name_1km","EUREKA","EUREKA"
2958,2193,"step1_similar_name_1km","MAJORS PLACE","MAJORS PLACE"
2960,2195,"step1_similar_name_1km","THORNE","THORNE"
2961,2196,"step1_similar_name_1km","BIG SMOKEY V","BIG SMOKEY V"
2962,2197,"step1_similar_name_1km","DOBBIN CREEK","DOBBIN CREEK"
2963,2198,"step1_similar_name_1km","WILLIS","WILLIS"
2965,2200,"step1_similar_name_1km","SILVER PEAK","SILVER PEAK"
2966,2201,"step1_similar_name_1km","HIKO","HIKO"
2967,2202,"step1_similar_name_1km","CALIENTE","CALIENTE"
2968,2203,"step1_similar_name_1km","BEATTY","BEATTY"
2969,2204,"step1_similar_name_1km","ALAMO","ALAMO"
2970,2205,"step1_similar_name_1km","VAL OF FIRE","VAL OF FIRE"
2971,2206,"step1_similar_name_1km","JEAN LAKE","JEAN LAKE"
2972,2207,"step1_similar_name_1km","NELSON","NELSON"
2973,2208,"step1_similar_name_1km","JARBIDGE","JARBRIDGE"
2974,2209,"step1_similar_name_1km","RUBY VALLEY","RUBY VALLEY"
2975,2210,"step1_similar_name_1km","NIXON","NIXON"
2977,2211,"step1_similar_name_1km","BALD MTN.","BALD MTN."
2978,2212,"step1_similar_name_1km","CHIMNEY RES.","CHIMNEY RES."
2979,2183,"step1_similar_name_1km","OREANA","RYE PATCH"
2980,2214,"step1_similar_name_1km","FALLON","FALLON"
2982,2215,"step1_similar_name_1km","HAWTHORNE","HAWTHORNE"
2983,2216,"step1_similar_name_1km","DARROUGHS HOT SPGS","DARROUGHS HOT SPGS"
2984,2200,"step1_similar_name_1km","SILVER PEAK 2","SILVER PEAK"
2986,2206,"step1_similar_name_1km","SANDY VALLEY","JEAN LAKE"
2987,2208,"step1_similar_name_1km","Jarbidge 2","JARBRIDGE"
2988,2218,"step1_similar_name_1km","RUBY VALLEY 2","RUBY VALLEY 2"
2991,2219,"step1_similar_name_1km","COMINS LAKE","COMINS LAKE"
2992,2220,"step1_similar_name_1km","HUMBOLDT NF","HUMBOLDT NF"
2994,2222,"step1_similar_name_1km","CARSON RIVER","CARSON RIVER"
2995,2223,"step1_similar_name_1km","AUSTIN","AUSTIN"
2996,2224,"step1_similar_name_1km","ASH MEADOWS","ASH MEADOWS"
2998,2226,"step1_similar_name_1km","MEADOW VALLY","MEADOW VALLY"
2999,2222,"step1_similar_name_1km","Carson River 2","CARSON RIVER"
3000,2220,"step1_similar_name_1km","HUMBOLDT NF 2","HUMBOLDT NF"
3104,2227,"step1_similar_name_1km","PETERBOROUGH","PETERBOROUGH"
3105,2228,"step1_similar_name_1km","BRENTWOOD","BRENTWOOD"
3106,2229,"step1_similar_name_1km","FITZWILLIAM","FITZWILLIAM"
3107,2230,"step1_similar_name_1km","DOVER","DOVER"
3108,2231,"step1_similar_name_1km","HOPKINTON","HOPKINTON"
3109,2232,"step1_similar_name_1km","EPSOM","EPSOM"
3110,2233,"step1_similar_name_1km","CONCORD","CONCORD"
3111,2234,"step1_similar_name_1km","STRAFFORD","STRAFFORD"
3112,2235,"step1_similar_name_1km","CANTERBURY","CANTERBURY"
3113,2236,"step1_similar_name_1km","GILMANTN I W","GILMANTN I W"
3114,2237,"step1_similar_name_1km","WILMOT","WILMOT"
3115,2238,"step1_similar_name_1km","MT CHOCORUA","MT CHOCORUA"
3116,2239,"step1_similar_name_1km","WALPOLE","WALPOLE"
3117,2240,"step1_similar_name_1km","MARLOW","MARLOW"
3118,2241,"step1_similar_name_1km","LEMPSTER","LEMPSTER"
3119,2242,"step1_similar_name_1km","CRAWFORD NOT","CRAWFORD NOT"
3120,2243,"step1_similar_name_1km","JEFFERSON HL","JEFFERSON HL"
3121,2244,"step1_similar_name_1km","FRANCONIA","FRANCONIA"
3122,2245,"step1_similar_name_1km","MILAN","MILAN"
3123,2246,"step1_similar_name_1km","STRATFORD","STRATFORD"
3124,2247,"step1_similar_name_1km","DIXVIL NOTCH","DIXVIL NOTCH"
3125,2248,"step1_similar_name_1km","CLARKSVILLE","CLARKSVILLE"
3126,2249,"step1_similar_name_1km","GLEN","GLEN"
3127,2250,"step1_similar_name_1km","EAST KINGSTON","EAST KINGSTON"
3128,2251,"step1_similar_name_1km","JEFFERS NTCH","JEFFERS NTCH"
3130,2252,"step1_similar_name_1km","WOODBURY HGT","WOODBURY HGT"
3131,2253,"step1_similar_name_1km","GREENWICH","GREENWICH"
3132,2254,"step1_similar_name_1km","SIX POINTS","SIX POINTS"
3133,2255,"step1_similar_name_1km","DEEPWATER","DEEPWATER"
3134,2256,"step1_similar_name_1km","TOMS RIVER","TOMS RIVER"
3135,2257,"step1_similar_name_1km","ALBION","ALBION"
3136,2258,"step1_similar_name_1km","ANCORA","ANCORA"
3137,2259,"step1_similar_name_1km","MASONVILLE","MASONVILLE"
3138,2260,"step1_similar_name_1km","BENNETT MILL","BENNETT MILL"
3139,2261,"step1_similar_name_1km","SANDBROOK","SANDBROOK"
3140,2288,"step1_similar_name_1km","HOLMANSVILLE","HOLMANSVILLE 2"
3141,2263,"step1_similar_name_1km","CLARKSVILLE","CLARKSVILLE"
3142,2264,"step1_similar_name_1km","NEW BEDFORD","NEW BEDFORD"
3143,2265,"step1_similar_name_1km","CROTON","CROTON"
3144,2266,"step1_similar_name_1km","ROBBINSVILLE","ROBBINSVILLE"
3145,2267,"step1_similar_name_1km","HOPE","HOPE"
3146,2268,"step1_similar_name_1km","PASSAIC","PASSAIC"
3147,2269,"step1_similar_name_1km","MIDVALE","MIDVALE"
3148,2270,"step1_similar_name_1km","KEMAH LAKE","KEMAH LAKE"
3149,2271,"step1_similar_name_1km","BLOOMSBURY","BLOOMSBURY"
3150,2272,"step1_similar_name_1km","HIGH POINT","HIGH POINT"
3151,2273,"step1_similar_name_1km","DOVER","DOVER"
3152,2274,"step1_similar_name_1km","POTTERSVILLE","POTTERSVILLE"
3153,2275,"step1_similar_name_1km","GILLETTE","GILLETTE"
3154,2276,"step1_similar_name_1km","KEYPORT","KEYPORT"
3155,2277,"step1_similar_name_1km","CRANBURY","CRANBURY"
3156,2278,"step1_similar_name_1km","ROOSEVELT","ROOSEVELT"
3157,2279,"step1_similar_name_1km","FRIENDSHIP","FRIENDSHIP"
3158,2280,"step1_similar_name_1km","POMONA","POMONA"
3159,2281,"step1_similar_name_1km","OCEAN CITY","OCEAN CITY"
3160,2282,"step1_similar_name_1km","VILLAS","VILLAS"
3161,2283,"step1_similar_name_1km","SPRAGUETOWN","SPRAGUETOWN"
3162,2284,"step1_similar_name_1km","MT MISERY","MT MISERY"
3164,2285,"step1_similar_name_1km","PEDRICKTOWN","PEDRICKTOWN"
3165,2286,"step1_similar_name_1km","WINSLOW","WINSLOW"
3166,2287,"step1_similar_name_1km","BENNETT MILL 2","BENNETT MILL 2"
3167,2288,"step1_similar_name_1km","Holmansville 2","HOLMANSVILLE 2"
3168,2265,"step1_similar_name_1km","CROTON 2","CROTON"
3169,2290,"step1_similar_name_1km","RAMSEYSBURG","RAMSEYSBURG"
3170,2291,"step1_similar_name_1km","DEL HAVEN","DEL HAVEN"
3171,2292,"step1_similar_name_1km","SPRAGUETOWN 2","SPRAGUETOWN 2"
3172,2285,"step1_similar_name_1km","PEDRICKTOWN 2","PEDRICKTOWN"
3173,2293,"step1_similar_name_1km","CAPE MAY CH","CAPE MAY CH"
3174,2283,"step1_similar_name_1km","SPRAGUETOWN 3","SPRAGUETOWN"
3175,2294,"step1_similar_name_1km","FARMINGTON","FARMINGTON"
3177,2296,"step1_similar_name_1km","CEBOLLA","CEBOLLA"
3178,2297,"step1_similar_name_1km","OJO SARCO","OJO SARCO"
3179,2298,"step1_similar_name_1km","FARLEY","FARLEY"
3180,2299,"step1_similar_name_1km","GRENVILLE","GRENVILLE"
3181,2300,"step1_similar_name_1km","CROWNPOINT","CROWNPOINT"
3182,2301,"step1_similar_name_1km","TORREON","TORREON"
3183,2302,"step1_similar_name_1km","LA CIENEGA","LA CIENEGA"
3184,2303,"step1_similar_name_1km","PECOS","PECOS"
3187,2305,"step1_similar_name_1km","FENCE LAKE","FENCE LAKE"
3189,2307,"step1_similar_name_1km","VALENCIA","VALENCIA"
3190,2308,"step1_similar_name_1km","CLAUNCH","CLAUNCH"
3191,2309,"step1_similar_name_1km","COOLEY LAKE","COOLEY LAKE"
3192,2310,"step1_similar_name_1km","FLOYD","FLOYD"
3193,2311,"step1_similar_name_1km","HORSE SPGS","HORSE SPGS"
3194,2312,"step1_similar_name_1km","HORSE MTN","HORSE MTN"
3195,2313,"step1_similar_name_1km","SAN ANTONIO","SAN ANTONIO"
3196,2314,"step1_similar_name_1km","CARRIZOZO","CARRIZOZO"
3197,2315,"step1_similar_name_1km","ROSWELL","ROSWELL"
3198,2316,"step1_similar_name_1km","CAPROCK","CAPROCK"
3199,2317,"step1_similar_name_1km","GAGE","GAGE"
3200,2318,"step1_similar_name_1km","DEMING","DEMING"
3201,2319,"step1_similar_name_1km","JORNADA","JORNADA"
3202,2320,"step1_similar_name_1km","CLOUDCROFT","CLOUDCROFT"
3203,2321,"step1_similar_name_1km","LAKEWOOD","LAKEWOOD"
3204,2322,"step1_similar_name_1km","MALJAMAR","MALJAMAR"
3205,2323,"step1_similar_name_1km","RODEO","RODEO"
3206,2324,"step1_similar_name_1km","SHIPROCK","SHIPROCK"
3207,2325,"step1_similar_name_1km","COUNSELOR","COUNSELOR"
3208,2326,"step1_similar_name_1km","STINKING LK.","STINKING LK."
3209,2327,"step1_similar_name_1km","ANGEL FIRE","ANGEL FIRE"
3210,2328,"step1_similar_name_1km","RATON","RATON"
3211,2329,"step1_similar_name_1km","SEDAN","SEDAN"
3213,2331,"step1_similar_name_1km","MT. TAYLOR","MT. TAYLOR"
3214,2332,"step1_similar_name_1km","VALLECITOS","VALLECITOS"
3215,2333,"step1_similar_name_1km","GALLINAS","GALLINAS"
3216,2334,"step1_similar_name_1km","VARIADERO","VARIADERO"
3217,2335,"step1_similar_name_1km","ROSEBUD","ROSEBUD"
3218,2336,"step1_similar_name_1km","QUEMADO","QUEMADO"
3219,2337,"step1_similar_name_1km","DATIL","DATIL"
3220,2338,"step1_similar_name_1km","MOUNTAINAIR","MOUNTAINAIR"
3221,2339,"step1_similar_name_1km","CORONA EAST","CORONA EAST"
3222,2340,"step1_similar_name_1km","PASTURA","PASTURA"
3223,2341,"step1_similar_name_1km","CLOVIS","CLOVIS"
3224,2342,"step1_similar_name_1km","RESERVE","RESERVE"
3225,2343,"step1_similar_name_1km","VICKS PEAK","VICKS PEAK"
3226,2344,"step1_similar_name_1km","LABORCITA","LABORCITA"
3227,2345,"step1_similar_name_1km","CAPITAN MTN.","CAPITAN MTN."
3228,2346,"step1_similar_name_1km","BITTER LAKE","BITTER LAKE"
3229,2347,"step1_similar_name_1km","PEP","PEP"
3230,2348,"step1_similar_name_1km","RED ROCK","RED ROCK"
3231,2349,"step1_similar_name_1km","EMORY PASS","EMORY PASS"
3232,2350,"step1_similar_name_1km","MESILLA","MESILLA"
3233,2351,"step1_similar_name_1km","PINON","PINON"
3234,2352,"step1_similar_name_1km","QUEEN","QUEEN"
3235,2353,"step1_similar_name_1km","HOBBS","HOBBS"
3236,2354,"step1_similar_name_1km","HATCHET PEAK","HATCHET PEAK"
3237,2355,"step1_similar_name_1km","COLUMBUS","COLUMBUS"
3240,2356,"step1_similar_name_1km","AZTEC","AZTEC"
3241,2357,"step1_similar_name_1km","BLUEWATER LAKE","BLUEWATER LAKE"
3242,2358,"step1_similar_name_1km","SABINOSO","SABINOSO"
3243,2359,"step1_similar_name_1km","LOGAN","LOGAN"
3244,2360,"step1_similar_name_1km","CERRO VERDE","CERRO VERDE"
3245,2361,"step1_similar_name_1km","ESCONDIDA","ESCONDIDA"
3246,2362,"step1_similar_name_1km","CLAUNCH 2","CLAUNCH 2"
3247,2363,"step1_similar_name_1km","ENGLE","ENGLE"
3248,2364,"step1_similar_name_1km","LAKE VALLEY","LAKE VALLEY"
3249,2365,"step1_similar_name_1km","SAN SIMON","SAN SIMON"
3250,2366,"step1_similar_name_1km","DULCE","DULCE"
3251,2367,"step1_similar_name_1km","Angel Fire 2","ANGEL FIRE 2"
3252,2368,"step1_similar_name_1km","MAXWELL","MAXWELL"
3253,2331,"step1_similar_name_1km","MT. TAYLOR 2","MT. TAYLOR"
3254,2369,"step1_similar_name_1km","SALT LAKE","SALT LAKE"
3255,2370,"step1_similar_name_1km","MAGDALENA","MAGDALENA"
3256,2371,"step1_similar_name_1km","GALLO ARROYO","GALLO ARROYO"
3257,2344,"step1_similar_name_1km","LABORCITA 2","LABORCITA"
3258,2372,"step1_similar_name_1km","LA PLATA","LA PLATA"
3259,2373,"step1_similar_name_1km","SUNSHINE WLL","SUNSHINE WLL"
3260,2374,"step1_similar_name_1km","SALT LAKE 2","SALT LAKE 2"
3261,2372,"step1_similar_name_1km","LA PLATA 2","LA PLATA"
3262,2375,"step1_similar_name_1km","CAPULIN","CAPULIN"
3263,2376,"step1_similar_name_1km","WESTHAMPTON","WESTHAMPTON"
3264,2377,"step1_similar_name_1km","MANORVILLE","MANORVILLE"
3265,2378,"step1_similar_name_1km","HUNTINGTON","HUNTINGTON"
3266,2379,"step1_similar_name_1km","JONES BEACH","JONES BEACH"
3267,2380,"step1_similar_name_1km","HAUPPAUGE","HAUPPAUGE"
3268,2381,"step1_similar_name_1km","BEDFORD","BEDFORD"
3269,2382,"step1_similar_name_1km","SOMERS","SOMERS"
3270,2383,"step1_similar_name_1km","RHINEBECK","RHINEBECK"
3271,2384,"step1_similar_name_1km","HIGHLAND","HIGHLAND"
3272,2385,"step1_similar_name_1km","WARWICK","WARWICK"
3273,2386,"step1_similar_name_1km","MIDDLETOWN","MIDDLETOWN"
3275,2388,"step1_similar_name_1km","WESTBROOKVLE","WESTBROOKVLE"
3276,2389,"step1_similar_name_1km","W SHOKAN","W SHOKAN"
3277,2390,"step1_similar_name_1km","MT HOPE","MT HOPE"
3278,2391,"step1_similar_name_1km","AUSTERLITZ","AUSTERLITZ"
3279,2392,"step1_similar_name_1km","PETERSBURG","PETERSBURG"
3280,2393,"step1_similar_name_1km","CATSKILLS","CATSKILLS"
3281,2394,"step1_similar_name_1km","GHENT","GHENT"
3282,2395,"step1_similar_name_1km","BALLSTON LK","BALLSTON LK"
3283,2396,"step1_similar_name_1km","DURHAM","DURHAM"
3284,2397,"step1_similar_name_1km","MEDUSA","MEDUSA"
3285,2398,"step1_similar_name_1km","COOPERSTOWN","COOPERSTOWN"
3287,2400,"step1_similar_name_1km","COBLESKILL","COBLESKILL"
3288,2401,"step1_similar_name_1km","DUANESBURG","DUANESBURG"
3289,2402,"step1_similar_name_1km","S BERNE","S BERNE"
3290,2403,"step1_similar_name_1km","PLATTE COVE","PLATTE COVE"
3291,2404,"step1_similar_name_1km","LAURENS","LAURENS"
3292,2405,"step1_similar_name_1km","WHITNEY PT","WHITNEY PT"
3293,2406,"step1_similar_name_1km","COVENTRYVILE","COVENTRYVILE"
3294,2407,"step1_similar_name_1km","MCDONOUGH","MCDONOUGH"
3295,2408,"step1_similar_name_1km","CORBETTSVILE","CORBETTSVILE"
3296,2409,"step1_similar_name_1km","ONEONTA","ONEONTA"
3297,2410,"step1_similar_name_1km","ORISKANY FLS","ORISKANY FLS"
3298,2411,"step1_similar_name_1km","OXFORD","OXFORD"
3299,2412,"step1_similar_name_1km","CAYUGA","CAYUGA"
3301,2414,"step1_similar_name_1km","E NEWARK","E NEWARK"
3302,2415,"step1_similar_name_1km","ROMULUS","ROMULUS"
3303,2416,"step1_similar_name_1km","DRYDEN","DRYDEN"
3304,2417,"step1_similar_name_1km","MACDOUGALL","MACDOUGALL"
3305,2418,"step1_similar_name_1km","TRUMANSBURG","TRUMANSBURG"
3306,2419,"step1_similar_name_1km","VESTAL CTR","VESTAL CTR"
3307,2420,"step1_similar_name_1km","PHILLIPS CR","PHILLIPS CR"
3308,2421,"step1_similar_name_1km","SWAIN","SWAIN"
3309,2422,"step1_similar_name_1km","ORLEANS","ORLEANS"
3310,2423,"step1_similar_name_1km","RUSHVILLE","RUSHVILLE"
3311,2424,"step1_similar_name_1km","BRANCHPORT","BRANCHPORT"
3312,2425,"step1_similar_name_1km","CANADICE L","CANADICE L"
3313,2426,"step1_similar_name_1km","MENDON","MENDON"
3314,2427,"step1_similar_name_1km","MT MORRIS","MT MORRIS"
3315,2428,"step1_similar_name_1km","HAMBURG","HAMBURG"
3316,2429,"step1_similar_name_1km","WEST SENECA","WEST SENECA"
3317,2430,"step1_similar_name_1km","GAINESVILLE","GAINESVILLE"
3318,2431,"step1_similar_name_1km","CATTARAUGUS","CATTARAUGUS"
3319,2432,"step1_similar_name_1km","EAST JAVA","EAST JAVA"
3320,2433,"step1_similar_name_1km","CASTILE","CASTILE"
3321,2434,"step1_similar_name_1km","RANDOLPH","RANDOLPH"
3322,2435,"step1_similar_name_1km","CENTERVILLE","CENTERVILLE"
3323,2436,"step1_similar_name_1km","SHERIDAN","SHERIDAN"
3324,2437,"step1_similar_name_1km","CHERRY HILL","CHERRY HILL"
3325,2438,"step1_similar_name_1km","NASHVILLE","NASHVILLE"
3326,2439,"step1_similar_name_1km","ST JOHNSBURG","ST JOHNSBURG"
3327,2440,"step1_similar_name_1km","E YOUNGSTOWN","E YOUNGSTOWN"
3328,2441,"step1_similar_name_1km","BYRON","BYRON"
3329,2442,"step1_similar_name_1km","CHURCHVILLE","CHURCHVILLE"
3330,2443,"step1_similar_name_1km","PENFIELD","PENFIELD"
3331,2444,"step1_similar_name_1km","N VICTORY 2","N VICTORY"
3332,2445,"step1_similar_name_1km","CICERO CTR","CICERO CTR"
3333,2446,"step1_similar_name_1km","WATERTOWN","WATERTOWN"
3334,2447,"step1_similar_name_1km","PULASKI","PULASKI"
3335,2448,"step1_similar_name_1km","MCKEEVER","MCKEEVER"
3336,2449,"step1_similar_name_1km","ALDER CREEK","ALDER CREEK"
3337,2450,"step1_similar_name_1km","KASOAG","KASOAG"
3338,2451,"step1_similar_name_1km","HIGHMARKET","HIGHMARKET"
3339,2452,"step1_similar_name_1km","NUMBER FOUR","NUMBER FOUR"
3340,2453,"step1_similar_name_1km","N WILMURT","N WILMURT"
3341,2454,"step1_similar_name_1km","ONEIDA","ONEIDA"
3342,2455,"step1_similar_name_1km","CLINTON","CLINTON"
3343,2456,"step1_similar_name_1km","BLUE RIDGE N","BLUE RIDGE N"
3344,2457,"step1_similar_name_1km","OLD FORGE","OLD FORGE"
3345,2458,"step1_similar_name_1km","BLUE RIDGE S","BLUE RIDGE S"
3346,2459,"step1_similar_name_1km","NEWCOMB","NEWCOMB"
3347,2460,"step1_similar_name_1km","SPECULATOR","SPECULATOR"
3348,2461,"step1_similar_name_1km","HOPE FALLS","HOPE FALLS"
3349,2462,"step1_similar_name_1km","INLET","INLET"
3350,2463,"step1_similar_name_1km","NORTH RIVER","NORTH RIVER"
3351,2464,"step1_similar_name_1km","SALEM","SALEM"
3352,2465,"step1_similar_name_1km","ARGYLE","ARGYLE"
3353,2466,"step1_similar_name_1km","NORTH EASTON","NORTH EASTON"
3354,2467,"step1_similar_name_1km","S HORICON","S HORICON"
3355,2468,"step1_similar_name_1km","WARRENSBURG","WARRENSBURG"
3356,2469,"step1_similar_name_1km","FOWLER","FOWLER"
3357,2470,"step1_similar_name_1km","WADDINGTON","WADDINGTON"
3358,2471,"step1_similar_name_1km","OGDENSBURG","OGDENSBURG"
3359,2472,"step1_similar_name_1km","DEGRASSE","DEGRASSE"
3360,2473,"step1_similar_name_1km","WANAKENA","WANAKENA"
3361,2474,"step1_similar_name_1km","DEXTER LAKE","DEXTER LAKE"
3362,2475,"step1_similar_name_1km","GABRIELS","GABRIELS"
3363,2476,"step1_similar_name_1km","SABATTIS","SABATTIS"
3364,2477,"step1_similar_name_1km","PARISHVILLE","PARISHVILLE"
3365,2478,"step1_similar_name_1km","HOPKINTON","HOPKINTON"
3366,2479,"step1_similar_name_1km","TUPPER LAKE","TUPPER LAKE"
3367,2480,"step1_similar_name_1km","WEST BANGOR","WEST BANGOR"
3368,2481,"step1_similar_name_1km","UNDERWOOD","UNDERWOOD"
3369,2482,"step1_similar_name_1km","DANNEMORA","DANNEMORA"
3371,2484,"step1_similar_name_1km","WILLSBORO","WILLSBORO"
3372,2485,"step1_similar_name_1km","NAPLES","NAPLES"
3373,2486,"step1_similar_name_1km","S VANDALIA","S VANDALIA"
3374,2487,"step1_similar_name_1km","SCIOTA","SCIOTA"
3375,2488,"step1_similar_name_1km","PHILADELPHIA","PHILADELPHIA"
3376,2489,"step1_similar_name_1km","BALMAT","BALMAT"
3377,2490,"step1_similar_name_1km","CRESCENT","CRESCENT"
3378,2491,"step1_similar_name_1km","DOWNSVILLE","DOWNSVILLE"
3379,2492,"step1_similar_name_1km","MILFORD","MILFORD"
3380,2402,"step1_similar_name_1km","S BERNE 2","S BERNE"
3381,2411,"step1_similar_name_1km","OXFORD 2","OXFORD"
3382,2493,"step1_similar_name_1km","Swain 2","SWAIN 2"
3383,2494,"step1_similar_name_1km","HARRIS HILL","HARRIS HILL"
3384,2444,"step1_similar_name_1km","N Victory","N VICTORY"
3385,2495,"step1_similar_name_1km","OLD FORGE 2","OLD FORGE 2"
3387,2496,"step1_similar_name_1km","ST REGIS FLS","ST REGIS FLS"
3388,2497,"step1_similar_name_1km","UNDERWOOD 2","UNDERWOOD 2"
3389,2498,"step1_similar_name_1km","PURDY","PURDY"
3390,2385,"step1_similar_name_1km","Warwick 2","WARWICK"
3391,2499,"step1_similar_name_1km","ORANGE LAKE","ORANGE LAKE"
3392,2500,"step1_similar_name_1km","HORSESHOE L.","HORSESHOE L."
3400,2501,"step1_similar_name_1km","SHALLOTTE","SHALLOTTE"
3401,2502,"step1_similar_name_1km","MERRIMON","MERRIMON"
3402,2503,"step1_similar_name_1km","MYRTLE GROVE","MYRTLE GROVE"
3403,2504,"step1_similar_name_1km","WARDS CORNER","WARDS CORNER"
3404,2505,"step1_similar_name_1km","HALLSBORO","HALLSBORO"
3405,2506,"step1_similar_name_1km","FAIRMONT","FAIRMONT"
3406,2507,"step1_similar_name_1km","MASHOES","MASHOES"
3407,2508,"step1_similar_name_1km","ARAPAHOE","ARAPAHOE"
3408,2509,"step1_similar_name_1km","BEARGRASS","BEARGRASS"
3409,2510,"step1_similar_name_1km","SPEED","SPEED"
3410,2511,"step1_similar_name_1km","KINSTON","KINSTON"
3411,2512,"step1_similar_name_1km","JORDAN","JORDAN"
3412,2513,"step1_similar_name_1km","ROSE","ROSE"
3413,2514,"step1_similar_name_1km","SAXAPAHAW","SAXAPAHAW"
3414,2515,"step1_similar_name_1km","CLIMAX","CLIMAX"
3415,2516,"step1_similar_name_1km","MOORESVILLE","MOORESVILLE"
3416,2517,"step1_similar_name_1km","OAKBORO","OAKBORO"
3417,2518,"step1_similar_name_1km","CHERRYVILLE","CHERRYVILLE"
3418,2519,"step1_similar_name_1km","JONAS RIDGE","JONAS RIDGE"
3419,2520,"step1_similar_name_1km","BREVARD","BREVARD"
3420,2521,"step1_similar_name_1km","CRAVEN GAP","CRAVEN GAP"
3421,2522,"step1_similar_name_1km","FONTANA","FONTANA"
3422,2523,"step1_similar_name_1km","CALIFORNIA","CALIFORNIA"
3423,2524,"step1_similar_name_1km","ARCOLA","ARCOLA"
3424,2525,"step1_similar_name_1km","YOUNGSVILLE","YOUNGSVILLE"
3425,2526,"step1_similar_name_1km","MADISON","MADISON"
3426,2527,"step1_similar_name_1km","COPELAND","COPELAND"
3427,2528,"step1_similar_name_1km","CALL","CALL"
3428,2529,"step1_similar_name_1km","GRANDY","GRANDY"
3429,2530,"step1_similar_name_1km","CULLOWHEE","CULLOWHEE"
3431,2532,"step1_similar_name_1km","SUPPLY","SUPPLY"
3432,2533,"step1_similar_name_1km","ROWLAND","ROWLAND"
3433,2534,"step1_similar_name_1km","MILLTAIL CR","MILLTAIL CR"
3434,2535,"step1_similar_name_1km","REELSBORO","REELSBORO"
3435,2536,"step1_similar_name_1km","JAMESVILLE","JAMESVILLE"
3436,2537,"step1_similar_name_1km","MOORESVILLE 2","MOORESVILLE 2"
3437,2538,"step1_similar_name_1km","WACO","WACO"
3438,2539,"step1_similar_name_1km","SAWMILL","SAWMILL"
3439,2540,"step1_similar_name_1km","OTEEN","OTEEN"
3440,2523,"step1_similar_name_1km","CALIFORNIA 2","CALIFORNIA"
3441,2541,"step1_similar_name_1km","EDEN","EDEN"
3443,2542,"step1_similar_name_1km","NEWPORT","NEWPORT"
3444,2543,"step1_similar_name_1km","CYPRESS CR","CYPRESS CR"
3445,2544,"step1_similar_name_1km","MAPLE HILL","MAPLE HILL"
3446,2545,"step1_similar_name_1km","MONTAGUE","MONTAGUE"
3447,2546,"step1_similar_name_1km","ROSEBORO","ROSEBORO"
3448,2547,"step1_similar_name_1km","HAMLET","HAMLET"
3449,2548,"step1_similar_name_1km","MATTAMUSKEET","MATTAMUSKEET"
3450,2549,"step1_similar_name_1km","PINETOPS","PINETOPS"
3451,2550,"step1_similar_name_1km","RHEMS","RHEMS"
3452,2551,"step1_similar_name_1km","COKESBURY","COKESBURY"
3453,2552,"step1_similar_name_1km","GENOA","GENOA"
3454,2553,"step1_similar_name_1km","SOUTH. PINES","SOUTH. PINES"
3455,2554,"step1_similar_name_1km","BISCOE","BISCOE"
3456,2555,"step1_similar_name_1km","WILGROVE","WILGROVE"
3457,2556,"step1_similar_name_1km","SHEFFIELD","SHEFFIELD"
3458,2557,"step1_similar_name_1km","HULLS XROADS","HULLS XROADS"
3459,2558,"step1_similar_name_1km","FLAY","FLAY"
3460,2559,"step1_similar_name_1km","MARSHALL","MARSHALL"
3461,2560,"step1_similar_name_1km","HENDERSONVIL","HENDERSONVIL"
3462,2561,"step1_similar_name_1km","MURPHY","MURPHY"
3463,2562,"step1_similar_name_1km","LLOYD XROADS","LLOYD XROADS"
3464,2563,"step1_similar_name_1km","DORTCHES","DORTCHES"
3465,2564,"step1_similar_name_1km","DURHAM","DURHAM"
3466,2565,"step1_similar_name_1km","MONTICELLO","MONTICELLO"
3467,2566,"step1_similar_name_1km","FAIRVIEW","FAIRVIEW"
3468,2567,"step1_similar_name_1km","TODD","TODD"
3469,2568,"step1_similar_name_1km","JARVISBURG","JARVISBURG"
3470,2569,"step1_similar_name_1km","HERTFORD","HERTFORD"
3471,2570,"step1_similar_name_1km","JACKSON","JACKSON"
3472,2571,"step1_similar_name_1km","BULLOCK","BULLOCK"
3473,2572,"step1_similar_name_1km","ASHLAND","ASHLAND"
3474,2573,"step1_similar_name_1km","MOUNT AIRY","MOUNT AIRY"
3475,2574,"step1_similar_name_1km","STURGILLS","STURGILLS"
3476,2575,"step1_similar_name_1km","SILOAM","SILOAM"
3477,2576,"step1_similar_name_1km","OSMOND","OSMOND"
3479,2578,"step1_similar_name_1km","RHEASVILLE","RHEASVILLE"
3480,2579,"step1_similar_name_1km","OLD TRAP","OLD TRAP"
3481,2580,"step1_similar_name_1km","PINELOG","PINELOG"
3482,2581,"step1_similar_name_1km","FRENCH BROAD RIVER","FRENCH BROAD RIVER"
3483,2582,"step1_similar_name_1km","MCGINNIS CROSSROAD","MCGINNIS CROSSROAD"
3484,2583,"step1_similar_name_1km","OSTWALT","OSTWALT"
3485,2584,"step1_similar_name_1km","JONES CORNER","JONES CORNER"
3486,2585,"step1_similar_name_1km","DUDLEY","DUDLEY"
3487,2586,"step1_similar_name_1km","CONGLETON","CONGLETON"
3488,2587,"step1_similar_name_1km","LAKE SURF","LAKE SURF"
3489,2588,"step1_similar_name_1km","BETHEL","BETHEL"
3490,2589,"step1_similar_name_1km","CYPRESS LAKES","CYPRESS LAKES"
3491,2590,"step1_similar_name_1km","BELGRADE","BELGRADE"
3492,2591,"step1_similar_name_1km","GOLDSTON","GOLDSTON"
3493,2592,"step1_similar_name_1km","ERNUL","ERNUL"
3494,2593,"step1_similar_name_1km","JARVISBURG 2","JARVISBURG 2"
3495,2594,"step1_similar_name_1km","Cayton","CAYTON"
3496,2595,"step1_similar_name_1km","RAEFORD","RAEFORD"
3497,2596,"step1_similar_name_1km","SHEEP RIDGE","SHEEP RIDGE"
3498,2597,"step1_similar_name_1km","BROAD CREEK","BROAD CREEK"
3499,2598,"step1_similar_name_1km","UWHARRIE NF","UWHARRIE NF"
3500,2599,"step1_similar_name_1km","DISMAL SWAMP","DISMAL SWAMP"
3501,2600,"step1_similar_name_1km","WATERVILLE","WATERVILLE"
3502,2601,"step1_similar_name_1km","N. MILLS RIV","N. MILLS RIV"
3503,2602,"step1_similar_name_1km","BUSICK","BUSICK"
3504,2603,"step1_similar_name_1km","TABLE ROCK","TABLE ROCK"
3505,2604,"step1_similar_name_1km","HIGHLANDS","HIGHLANDS"
3506,2605,"step1_similar_name_1km","KYLE","KYLE"
3507,2606,"step1_similar_name_1km","ANDREWS","ANDREWS"
3508,2607,"step1_similar_name_1km","WASHINGTON","WASHINGTON"
3509,2608,"step1_similar_name_1km","GREEN SWAMP","GREEN SWAMP"
3510,2609,"step1_similar_name_1km","SPRING HOPE","SPRING HOPE"
3511,2610,"step1_similar_name_1km","CHOWAN RIVER","CHOWAN RIVER"
3512,2611,"step1_similar_name_1km","Cherokee","CHEROKEE"
3513,2612,"step1_similar_name_1km","FORMAN","FORMAN"
3514,2613,"step1_similar_name_1km","WALCOTT","WALCOTT"
3516,2615,"step1_similar_name_1km","EDGELEY","EDGELEY"
3517,2616,"step1_similar_name_1km","LAKE GEORGE","LAKE GEORGE"
3518,2617,"step1_similar_name_1km","DANZIG","DANZIG"
3519,2618,"step1_similar_name_1km","KEMPTON","KEMPTON"
3520,2619,"step1_similar_name_1km","EMERADO","EMERADO"
3521,2620,"step1_similar_name_1km","COOPERSTOWN","COOPERSTOWN"
3522,2621,"step1_similar_name_1km","WIMBLEDON","WIMBLEDON"
3523,2622,"step1_similar_name_1km","HORSEHEAD LK","HORSEHEAD LK"
3524,2623,"step1_similar_name_1km","BUCHANAN","BUCHANAN"
3525,2624,"step1_similar_name_1km","BOWESMONT","BOWESMONT"
3526,2625,"step1_similar_name_1km","NASH","NASH"
3527,2626,"step1_similar_name_1km","LAKOTA","LAKOTA"
3528,2627,"step1_similar_name_1km","WEBSTER","WEBSTER"
3529,2628,"step1_similar_name_1km","ROLLA","ROLLA"
3530,2629,"step1_similar_name_1km","NILES","NILES"
3531,2630,"step1_similar_name_1km","REGAN","REGAN"
3532,2631,"step1_similar_name_1km","FT YATES","FT YATES"
3533,2632,"step1_similar_name_1km","DICKINSON","DICKINSON"
3534,2633,"step1_similar_name_1km","DUNN CENTER","DUNN CENTER"
3535,2634,"step1_similar_name_1km","CARPIO","CARPIO"
3536,2635,"step1_similar_name_1km","LORAINE","LORAINE"
3537,2636,"step1_similar_name_1km","TOBACCO","TOBACCO"
3538,2637,"step1_similar_name_1km","STANLEY","STANLEY"
3539,2638,"step1_similar_name_1km","ABERCROMBIE","ABERCROMBIE"
3540,2639,"step1_similar_name_1km","DENBIGH","DENBIGH"
3542,2641,"step1_similar_name_1km","BOWMAN","BOWMAN"
3543,2642,"step1_similar_name_1km","ZAP","ZAP"
3544,2643,"step1_similar_name_1km","GORHAM","GORHAM"
3545,2644,"step1_similar_name_1km","ROOSEVELT PK","ROOSEVELT PK"
3546,2645,"step1_similar_name_1km","CEDAR CREEK","CEDAR CREEK"
3547,2646,"step1_similar_name_1km","GOLVA","GOLVA"
3548,2647,"step1_similar_name_1km","BENTLEY","BENTLEY"
3549,2648,"step1_similar_name_1km","GLEN ULLIN","GLEN ULLIN"
3550,2649,"step1_similar_name_1km","WILD ROSE","WILD ROSE"
3551,2650,"step1_similar_name_1km","POWERS LAKE","POWERS LAKE"
3552,2651,"step1_similar_name_1km","PARSHALL","PARSHALL"
3553,2652,"step1_similar_name_1km","DOUGLAS CRK","DOUGLAS CRK"
3554,2653,"step1_similar_name_1km","SHEYENNE LK","SHEYENNE LK"
3555,2654,"step1_similar_name_1km","BRADDOCK","BRADDOCK"
3556,2655,"step1_similar_name_1km","TURTLE MTNS","TURTLE MTNS"
3557,2656,"step1_similar_name_1km","MONTPELIER","MONTPELIER"
3558,2617,"step1_similar_name_1km","DANZIG 2","DANZIG"
3560,2657,"step1_similar_name_1km","Lakota 2","LAKOTA 2"
3561,2658,"step1_similar_name_1km","SOLEN","SOLEN"
3563,2659,"step1_similar_name_1km","CARSON","CARSON"
3605,2660,"step1_similar_name_1km","LOCKPORT","LOCKPORT"
3606,2661,"step1_similar_name_1km","NAPOLEON","NAPOLEON"
3607,2662,"step1_similar_name_1km","KUNKLE","KUNKLE"
3608,2663,"step1_similar_name_1km","BLOOMVILLE","BLOOMVILLE"
3609,2664,"step1_similar_name_1km","KINGSWAY","KINGSWAY"
3610,2665,"step1_similar_name_1km","GRAYTOWN","GRAYTOWN"
3611,2666,"step1_similar_name_1km","N BALTIMORE","N BALTIMORE"
3612,2667,"step1_similar_name_1km","PITTSFIELD","PITTSFIELD"
3613,2668,"step1_similar_name_1km","PERU","PERU"
3614,2669,"step1_similar_name_1km","BISMARK","BISMARK"
3615,2670,"step1_similar_name_1km","WAYLAND","WAYLAND"
3616,2671,"step1_similar_name_1km","GARRETTSVILE","GARRETTSVILE"
3617,2672,"step1_similar_name_1km","MIDDLEFIELD","MIDDLEFIELD"
3618,2673,"step1_similar_name_1km","STRONGSVILLE","STRONGSVILLE"
3619,2674,"step1_similar_name_1km","LENOX","LENOX"
3620,2675,"step1_similar_name_1km","HERNER CRNS","HERNER CRNS"
3621,2676,"step1_similar_name_1km","BOTKINS","BOTKINS"
3622,2677,"step1_similar_name_1km","KALIDA","KALIDA"
3623,2678,"step1_similar_name_1km","TROY","TROY"
3624,2679,"step1_similar_name_1km","COSMOS","COSMOS"
3625,2680,"step1_similar_name_1km","KINGS CREEK","KINGS CREEK"
3626,2681,"step1_similar_name_1km","NO KENTON","NO KENTON"
3627,2682,"step1_similar_name_1km","KENTON","KENTON"
3628,2683,"step1_similar_name_1km","MARION","MARION"
3629,2684,"step1_similar_name_1km","NEW DOVER","NEW DOVER"
3630,2685,"step1_similar_name_1km","LUCERNE","LUCERNE"
3631,2686,"step1_similar_name_1km","LATTASBURG","LATTASBURG"
3632,2687,"step1_similar_name_1km","WESTERVILLE","WESTERVILLE"
3633,2688,"step1_similar_name_1km","FULTON","FULTON"
3634,2689,"step1_similar_name_1km","MEADOWBROOK","MEADOWBROOK"
3635,2690,"step1_similar_name_1km","BAXTER RIDGE","BAXTER RIDGE"
3636,2691,"step1_similar_name_1km","MAYSVILLE","MAYSVILLE"
3637,2692,"step1_similar_name_1km","NEWCOMERSTWN","NEWCOMERSTWN"
3638,2693,"step1_similar_name_1km","DRESDEN","DRESDEN"
3639,2694,"step1_similar_name_1km","WINTERSET","WINTERSET"
3640,2695,"step1_similar_name_1km","ADAMSVILLE","ADAMSVILLE"
3641,2696,"step1_similar_name_1km","SMITHFIELD","SMITHFIELD"
3642,2697,"step1_similar_name_1km","NEW SOMERSET","NEW SOMERSET"
3643,2698,"step1_similar_name_1km","WEST ELKTON","WEST ELKTON"
3644,2699,"step1_similar_name_1km","DUNLAP","DUNLAP"
3645,2700,"step1_similar_name_1km","DARRTOWN","DARRTOWN"
3646,2701,"step1_similar_name_1km","HARVEYSBURG","HARVEYSBURG"
3647,2702,"step1_similar_name_1km","CUBA","CUBA"
3648,2703,"step1_similar_name_1km","WILMINGTON","WILMINGTON"
3649,2704,"step1_similar_name_1km","NEWPORT","NEWPORT"
3650,2705,"step1_similar_name_1km","XENIA","XENIA"
3651,2706,"step1_similar_name_1km","TECUMSEH","TECUMSEH"
3652,2707,"step1_similar_name_1km","RAY","RAY"
3653,2708,"step1_similar_name_1km","NEW MARSHFLD","NEW MARSHFLD"
3654,2709,"step1_similar_name_1km","OMEGA","OMEGA"
3655,2710,"step1_similar_name_1km","HEBRON","HEBRON"
3656,2711,"step1_similar_name_1km","BOLINS MILLS","BOLINS MILLS"
3657,2712,"step1_similar_name_1km","DELL","DELL"
3658,2713,"step1_similar_name_1km","COAL RUN","COAL RUN"
3659,2714,"step1_similar_name_1km","POMEROY","POMEROY"
3660,2715,"step1_similar_name_1km","CUMBERLAND","CUMBERLAND"
3661,2716,"step1_similar_name_1km","ASH RIDGE","ASH RIDGE"
3662,2717,"step1_similar_name_1km","ROME","ROME"
3663,2718,"step1_similar_name_1km","SCIOTO FURN","SCIOTO FURN"
3664,2719,"step1_similar_name_1km","GREASY RIDGE","GREASY RIDGE"
3665,2720,"step1_similar_name_1km","LIMESTONE","LIMESTONE"
3666,2721,"step1_similar_name_1km","NORWALK","NORWALK"
3667,2722,"step1_similar_name_1km","VICKERY","VICKERY"
3668,2723,"step1_similar_name_1km","HIRAM","HIRAM"
3669,2724,"step1_similar_name_1km","VALLEY CITY","VALLEY CITY"
3670,2725,"step1_similar_name_1km","CASSTOWN","CASSTOWN"
3671,2683,"step1_similar_name_1km","Marion 2","MARION"
3672,2726,"step1_similar_name_1km","ASHLEY","ASHLEY"
3673,2727,"step1_similar_name_1km","STONECREEK","STONECREEK"
3674,2728,"step1_similar_name_1km","BIRMINGHAM","BIRMINGHAM"
3675,2729,"step1_similar_name_1km","COSHOCTON","COSHOCTON"
3676,2730,"step1_similar_name_1km","PETERSBURG","PETERSBURG"
3677,2731,"step1_similar_name_1km","W CARROLLTON","W CARROLLTON"
3678,2732,"step1_similar_name_1km","HARVEYSBURG 2","HARVEYSBURG 2"
3679,2733,"step1_similar_name_1km","PORT WILLIAM","PORT WILLIAM"
3680,2734,"step1_similar_name_1km","LONDON","LONDON"
3681,2735,"step1_similar_name_1km","ENON","ENON"
3682,2709,"step1_similar_name_1km","Omega 2","OMEGA"
3683,2736,"step1_similar_name_1km","SOUTH OLIVE","SOUTH OLIVE"
3684,2737,"step1_similar_name_1km","WILGUS","WILGUS"
3685,2738,"step1_similar_name_1km","KEENE","KEENE"
3686,2739,"step1_similar_name_1km","WAYNE N.F.","WAYNE N.F."
3687,2740,"step1_similar_name_1km","SHAWNEE S.F.","SHAWNEE S.F."
3688,2741,"step1_similar_name_1km","ZALESKI S.F.","ZALESKI S.F."
3689,2742,"step1_similar_name_1km","TAR HOLLOW","TAR HOLLOW"
3690,2743,"step1_similar_name_1km","SCIOTO TRAIL","SCIOTO TRAIL"
3691,2744,"step1_similar_name_1km","TICK RIDGE","TICK RIDGE"
3693,2746,"step1_similar_name_1km","MOHICAN S.F.","MOHICAN S.F."
3694,2740,"step1_similar_name_1km","SHAWNEE S.F. 2","SHAWNEE S.F."
3695,2748,"step1_similar_name_1km","BIG CEDAR","BIG CEDAR"
3696,2749,"step1_similar_name_1km","BLANCO","BLANCO"
3697,2750,"step1_similar_name_1km","MCALESTER","MCALESTER"
3698,2751,"step1_similar_name_1km","PHILLIPS","PHILLIPS"
3699,2752,"step1_similar_name_1km","MILL CREEK","MILL CREEK"
3700,2753,"step1_similar_name_1km","LOCO","LOCO"
3701,2754,"step1_similar_name_1km","ARDMORE","ARDMORE"
3702,2755,"step1_similar_name_1km","RANDLETT","RANDLETT"
3703,2756,"step1_similar_name_1km","COOKIETOWN","COOKIETOWN"
3704,2757,"step1_similar_name_1km","REED","REED"
3705,2758,"step1_similar_name_1km","BARON","BARON"
3706,2759,"step1_similar_name_1km","CANADIAN","CANADIAN"
3707,2760,"step1_similar_name_1km","INDIANOLA","INDIANOLA"
3708,2761,"step1_similar_name_1km","HOLDENVILLE","HOLDENVILLE"
3709,2762,"step1_similar_name_1km","BEGGS","BEGGS"
3710,2763,"step1_similar_name_1km","CHOCTAW","CHOCTAW"
3711,2764,"step1_similar_name_1km","NOBLE","NOBLE"
3712,2765,"step1_similar_name_1km","VERDEN","VERDEN"
3713,2766,"step1_similar_name_1km","EAGLE CITY","EAGLE CITY"
3714,2767,"step1_similar_name_1km","GRIMES","GRIMES"
3715,2768,"step1_similar_name_1km","ERICK","ERICK"
3716,2769,"step1_similar_name_1km","PEORIA","PEORIA"
3717,2770,"step1_similar_name_1km","WELCH","WELCH"
3718,2771,"step1_similar_name_1km","COLLINSVILLE","COLLINSVILLE"
3719,2772,"step1_similar_name_1km","BARNSDALL","BARNSDALL"
3720,2773,"step1_similar_name_1km","BARTLESVILLE","BARTLESVILLE"
3721,2774,"step1_similar_name_1km","DOUGLAS","DOUGLAS"
3722,2775,"step1_similar_name_1km","WAKITA","WAKITA"
3723,2776,"step1_similar_name_1km","CHESTER","CHESTER"
3724,2777,"step1_similar_name_1km","TEGARDEN","TEGARDEN"
3725,2778,"step1_similar_name_1km","LOOKOUT","LOOKOUT"
3726,2779,"step1_similar_name_1km","ROSSTON","ROSSTON"
3727,2780,"step1_similar_name_1km","HARDESTY","HARDESTY"
3728,2781,"step1_similar_name_1km","FELT","FELT"
3729,2782,"step1_similar_name_1km","BEAVER","BEAVER"
3730,2783,"step1_similar_name_1km","GOODWATER","GOODWATER"
3731,2784,"step1_similar_name_1km","BETHEL","BETHEL"
3733,2786,"step1_similar_name_1km","MATOY","MATOY"
3734,2787,"step1_similar_name_1km","TATUMS","TATUMS"
3735,2788,"step1_similar_name_1km","COOPERTON","COOPERTON"
3736,2789,"step1_similar_name_1km","HOLLIS","HOLLIS"
3737,2790,"step1_similar_name_1km","POCOLA","POCOLA"
3738,2791,"step1_similar_name_1km","WAINWRIGHT","WAINWRIGHT"
3739,2792,"step1_similar_name_1km","HEYBURN","HEYBURN"
3740,2793,"step1_similar_name_1km","CASHION","CASHION"
3741,2794,"step1_similar_name_1km","SICKLES","SICKLES"
3742,2795,"step1_similar_name_1km","ARAPAHO","ARAPAHO"
3743,2796,"step1_similar_name_1km","COLCORD","COLCORD"
3744,2797,"step1_similar_name_1km","KEETONVILLE","KEETONVILLE"
3745,2798,"step1_similar_name_1km","FORAKER","FORAKER"
3746,2799,"step1_similar_name_1km","HUNTER","HUNTER"
3747,2800,"step1_similar_name_1km","JET","JET"
3748,2801,"step1_similar_name_1km","WOODWARD","WOODWARD"
3749,2802,"step1_similar_name_1km","CLEAR LAKE","CLEAR LAKE"
3750,2803,"step1_similar_name_1km","HOOKER","HOOKER"
3751,2804,"step1_similar_name_1km","KEYES","KEYES"
3752,2805,"step1_similar_name_1km","PUSHMATAHA","PUSHMATAHA"
3753,2806,"step1_similar_name_1km","DUNCAN","DUNCAN"
3754,2807,"step1_similar_name_1km","SKIATOOK","SKIATOOK"
3755,2808,"step1_similar_name_1km","PHROSO","PHROSO"
3756,2809,"step1_similar_name_1km","COLONY","COLONY"
3757,2810,"step1_similar_name_1km","OUACHITA NF","OUACHITA NF"
3758,2811,"step1_similar_name_1km","WICHITA MTNS EAST","WICHITA MTNS"
3759,2812,"step1_similar_name_1km","ELGIN","ELGIN"
3760,2813,"step1_similar_name_1km","FT SILL WEST","FT SILL WEST"
3761,2814,"step1_similar_name_1km","FT SILL EAST","FT SILL EAST"
3762,2815,"step1_similar_name_1km","MT. HERMAN","MT. HERMAN"
3763,2816,"step1_similar_name_1km","HEE MOUNTAIN","HEE MOUNTAIN"
3764,2817,"step1_similar_name_1km","WICHITA MTS WEST","WICHITA MTS WEST"
3765,2811,"step1_similar_name_1km","Wichita Mtns","WICHITA MTNS"
4030,2818,"step1_similar_name_1km","TIMBER","TIMBER"
4031,2819,"step1_similar_name_1km","TUALATIN","TUALATIN"
4032,2820,"step1_similar_name_1km","SHELLROCK","SHELLROCK"
4033,2821,"step1_similar_name_1km","LONE ROCK","LONE ROCK"
4034,2822,"step1_similar_name_1km","ORDNANCE","ORDNANCE"
4035,2823,"step1_similar_name_1km","ALBEE","ALBEE"
4036,2824,"step1_similar_name_1km","FLORA","FLORA"
4037,2825,"step1_similar_name_1km","IMNAHA","IMNAHA"
4038,2826,"step1_similar_name_1km","SALADO","SALADO"
4039,2827,"step1_similar_name_1km","COOL CAMP","COOL CAMP"
4040,2828,"step1_similar_name_1km","DESCHUTES","DESCHUTES"
4041,2829,"step1_similar_name_1km","OCHOCO","OCHOCO"
4042,2830,"step1_similar_name_1km","LOGDELL","LOGDELL"
4043,2831,"step1_similar_name_1km","WICKIUP","WICKIUP"
4044,2832,"step1_similar_name_1km","BRIDGEPORT","BRIDGEPORT"
4045,2833,"step1_similar_name_1km","HAUSER","HAUSER"
4046,2834,"step1_similar_name_1km","UMPQUA","UMPQUA"
4047,2835,"step1_similar_name_1km","WINBERRY","WINBERRY"
4048,2836,"step1_similar_name_1km","DELL SPRING","DELL SPRING"
4049,2837,"step1_similar_name_1km","FANDANGO CAN","FANDANGO CAN"
4050,2838,"step1_similar_name_1km","WAGONTIRE","WAGONTIRE"
4051,2839,"step1_similar_name_1km","BUCHANAN","BUCHANAN"
4052,2840,"step1_similar_name_1km","CROWLEY","CROWLEY"
4053,2841,"step1_similar_name_1km","WEDDERBURN","WEDDERBURN"
4054,2842,"step1_similar_name_1km","DAYS CREEK","DAYS CREEK"
4055,2843,"step1_similar_name_1km","DERBY","DERBY"
4056,2844,"step1_similar_name_1km","MODOC POINT","MODOC POINT"
4057,2845,"step1_similar_name_1km","PAISLEY","PAISLEY"
4058,2846,"step1_similar_name_1km","BLITZEN","BLITZEN"
4059,2847,"step1_similar_name_1km","ALVORD LAKE","ALVORD LAKE"
4060,2848,"step1_similar_name_1km","WILLOW SPG","WILLOW SPG"
4061,2849,"step1_similar_name_1km","ADAIR","ADAIR"
4062,2850,"step1_similar_name_1km","SCIO","SCIO"
4063,2851,"step1_similar_name_1km","JOSEPH","JOSEPH"
4064,2852,"step1_similar_name_1km","EAGLE ROCK","EAGLE ROCK"
4065,2853,"step1_similar_name_1km","SPARTA","SPARTA"
4066,2854,"step1_similar_name_1km","BARNES VAL","BARNES VAL"
4067,2855,"step1_similar_name_1km","DAYTON","DAYTON"
4068,2856,"step1_similar_name_1km","GARFIELD","GARFIELD"
4069,2857,"step1_similar_name_1km","SVENSEN","SVENSEN"
4070,2858,"step1_similar_name_1km","MT HOOD","MT HOOD"
4071,2859,"step1_similar_name_1km","MONTAGUE","MONTAGUE"
4072,2860,"step1_similar_name_1km","EIGHTMILE","EIGHTMILE"
4073,2861,"step1_similar_name_1km","PENDLETON","PENDLETON"
4074,2862,"step1_similar_name_1km","CAMP SHERMAN","CAMP SHERMAN"
4075,2863,"step1_similar_name_1km","MOUNT VERNON","MOUNT VERNON"
4076,2864,"step1_similar_name_1km","GRANITE","GRANITE"
4077,2865,"step1_similar_name_1km","ELKTON","ELKTON"
4078,2866,"step1_similar_name_1km","CLEARWATER","CLEARWATER"
4079,2867,"step1_similar_name_1km","ELK LAKE","ELK LAKE"
4080,2868,"step1_similar_name_1km","CLOVER CREEK","CLOVER CREEK"
4081,2869,"step1_similar_name_1km","SILVER CREEK","SILVER CREEK"
4082,2870,"step1_similar_name_1km","PRINCETON","PRINCETON"
4083,2871,"step1_similar_name_1km","ADRIAN","ADRIAN"
4084,2872,"step1_similar_name_1km","HAZEL CAMP","HAZEL CAMP"
4085,2873,"step1_similar_name_1km","SECRET VAL","SECRET VAL"
4086,2874,"step1_similar_name_1km","EMIGRANT LK","EMIGRANT LK"
4087,2875,"step1_similar_name_1km","BLY","BLY"
4088,2876,"step1_similar_name_1km","BLIZZARD GAP","BLIZZARD GAP"
4089,2877,"step1_similar_name_1km","FISH LAKE","FISH LAKE"
4090,2878,"step1_similar_name_1km","BATTLE MTN","BATTLE MTN"
4091,2879,"step1_similar_name_1km","LOOKOUT LAKE","LOOKOUT LAKE"
4097,2880,"step1_similar_name_1km","UMATILLA","UMATILLA"
4098,2881,"step1_similar_name_1km","HASH ROCK","HASH ROCK"
4099,2882,"step1_similar_name_1km","GLASGOW","GLASGOW"
4100,2883,"step1_similar_name_1km","DAVIS LAKE","DAVIS LAKE"
4101,2884,"step1_similar_name_1km","SAMS VALLEY","SAMS VALLEY"
4103,2885,"step1_similar_name_1km","BLITZEN 2","BLITZEN 2"
4104,2886,"step1_similar_name_1km","SUMMIT PR","SUMMIT PR"
4105,2887,"step1_similar_name_1km","LAPHAM RES.","LAPHAM RES."
4106,2888,"step1_similar_name_1km","NICOLAI MTN.","NICOLAI MTN."
4107,2889,"step1_similar_name_1km","WIZARD FALLS","WIZARD FALLS"
4108,2890,"step1_similar_name_1km","MALHEUR NWR","MALHEUR NWR"
4109,2891,"step1_similar_name_1km","EMIGRANT LAKE 2","EMIGRANT LAKE 2"
4110,2892,"step1_similar_name_1km","Bly  2","BLY  II"
4111,2893,"step1_similar_name_1km","ROME","ROME"
4112,2894,"step1_similar_name_1km","TRASK SUMMIT","TRASK SUMMIT"
4114,2896,"step1_similar_name_1km","BADGER CREEK","BADGER CREEK"
4116,2898,"step1_similar_name_1km","CECIL","CECIL"
4117,2899,"step1_similar_name_1km","HOWARD MDWS.","HOWARD MDWS."
4118,2900,"step1_similar_name_1km","TROY","TROY"
4119,2901,"step1_similar_name_1km","HELLS CANYON","HELLS CANYON"
4120,2902,"step1_similar_name_1km","WALDPORT","WALDPORT"
4121,2903,"step1_similar_name_1km","BLUE RIVER","BLUE RIVER"
4122,2904,"step1_similar_name_1km","MADRAS","MADRAS"
4124,2906,"step1_similar_name_1km","BARNHOUSE","BARNHOUSE"
4125,2907,"step1_similar_name_1km","UNITY","UNITY"
4126,2908,"step1_similar_name_1km","NEWBRIDGE","NEWBRIDGE"
4127,2909,"step1_similar_name_1km","COQUILLE","COQUILLE"
4128,2910,"step1_similar_name_1km","GREEN","GREEN"
4129,2911,"step1_similar_name_1km","WARNER MTN.","WARNER MTN."
4130,2912,"step1_similar_name_1km","BALD MTN.","BALD MTN."
4131,2913,"step1_similar_name_1km","GREEN MTN.","GREEN MTN."
4132,2914,"step1_similar_name_1km","HARNEY LAKE","HARNEY LAKE"
4133,2915,"step1_similar_name_1km","CRANE","CRANE"
4134,2916,"step1_similar_name_1km","QUARTZ MTN.","QUARTZ MTN."
4135,2917,"step1_similar_name_1km","MYRTLE GROVE","MYRTLE GROVE"
4136,2918,"step1_similar_name_1km","RUCH","RUCH"
4137,2919,"step1_similar_name_1km","WHISKEY SPG.","WHISKEY SPG."
4138,2920,"step1_similar_name_1km","MERRILL","MERRILL"
4139,2921,"step1_similar_name_1km","PICTURE FLAT","PICTURE FLAT"
4140,2922,"step1_similar_name_1km","WARNER VALLY","WARNER VALLY"
4141,2923,"step1_similar_name_1km","CATLOW RIM","CATLOW RIM"
4142,2924,"step1_similar_name_1km","BOWDEN HILLS","BOWDEN HILLS"
4143,2925,"step1_similar_name_1km","MCMINNVILLE","MCMINNVILLE"
4144,2926,"step1_similar_name_1km","BLACK MTN.","BLACK MTN."
4145,2927,"step1_similar_name_1km","EAGLE CREEK","EAGLE CREEK"
4146,2928,"step1_similar_name_1km","KLICKITAT MT","KLICKITAT MT"
4147,2929,"step1_similar_name_1km","SALEM","SALEM"
4148,2930,"step1_similar_name_1km","SISTERS","SISTERS"
4150,2932,"step1_similar_name_1km","MONUMENT","MONUMENT"
4152,2934,"step1_similar_name_1km","MALHEUR RES.","MALHEUR RES."
4153,2935,"step1_similar_name_1km","LORANE","LORANE"
4156,2938,"step1_similar_name_1km","CROOKED RIV.","CROOKED RIV."
4157,2939,"step1_similar_name_1km","DONNELLY","DONNELLY"
4158,2940,"step1_similar_name_1km","SILVIES","SILVIES"
4161,2943,"step1_similar_name_1km","PROSPECT","PROSPECT"
4162,2944,"step1_similar_name_1km","CHINCHALO","CHINCHALO"
4163,2945,"step1_similar_name_1km","LAKEVIEW","LAKEVIEW"
4164,2946,"step1_similar_name_1km","FLOOK LAKE","FLOOK LAKE"
4165,2947,"step1_similar_name_1km","TROUT CREEK","TROUT CREEK"
4166,2948,"step1_similar_name_1km","THREE FORKS","THREE FORKS"
4167,2949,"step1_similar_name_1km","Harlan","HARLAN"
4168,2950,"step1_similar_name_1km","KAMELA","KAMELA"
4169,2951,"step1_similar_name_1km","FISHER","FISHER"
4170,2952,"step1_similar_name_1km","Twickenham","TWICKENHAM"
4172,2953,"step1_similar_name_1km","Harlan 2","HARLAN 2"
4173,2954,"step1_similar_name_1km","Fisher 2","FISHER 2"
4174,2955,"step1_similar_name_1km","SANDY RIVER","SANDY RIVER"
4175,2956,"step1_similar_name_1km","MOLALLA","MOLALLA"
4176,2957,"step1_similar_name_1km","RILEY PEAK","RILEY PEAK"
4177,2958,"step1_similar_name_1km","SANTIAM","SANTIAM"
4178,2959,"step1_similar_name_1km","SCAPPOOSE","SCAPPOOSE"
4179,2960,"step1_similar_name_1km","ZUMWALT","ZUMWALT"
4180,2961,"step1_similar_name_1km","Bull Run","BULL RUN"
4181,2962,"step1_similar_name_1km","SLIPPERY RK","SLIPPERY RK"
4182,2963,"step1_similar_name_1km","ESPYVILLE","ESPYVILLE"
4183,2964,"step1_similar_name_1km","CLOVER","CLOVER"
4184,2965,"step1_similar_name_1km","HARMONSBURG","HARMONSBURG"
4185,2966,"step1_similar_name_1km","FERRIS CRNRS","FERRIS CRNRS"
4186,2967,"step1_similar_name_1km","WHIG HILL","WHIG HILL"
4187,2968,"step1_similar_name_1km","AKELEY","AKELEY"
4188,2969,"step1_similar_name_1km","TEEPLEVILLE","TEEPLEVILLE"
4189,2970,"step1_similar_name_1km","SIGEL","SIGEL"
4190,2971,"step1_similar_name_1km","LYNCH","LYNCH"
4191,2972,"step1_similar_name_1km","N WASHINGTON","N WASHINGTON"
4192,2973,"step1_similar_name_1km","N PINE GROVE","N PINE GROVE"
4193,2974,"step1_similar_name_1km","POTTERSDALE","POTTERSDALE"
4194,2975,"step1_similar_name_1km","ODIN","ODIN"
4195,2976,"step1_similar_name_1km","BETULA","BETULA"
4196,2977,"step1_similar_name_1km","RUSSELL CITY","RUSSELL CITY"
4197,2978,"step1_similar_name_1km","RIDGWAY","RIDGWAY"
4198,2979,"step1_similar_name_1km","ELDRED","ELDRED"
4199,2980,"step1_similar_name_1km","RASSELAS","RASSELAS"
4200,2981,"step1_similar_name_1km","ROULETTE","ROULETTE"
4201,2982,"step1_similar_name_1km","RAMSEY","RAMSEY"
4202,2983,"step1_similar_name_1km","ARNOT","ARNOT"
4203,2984,"step1_similar_name_1km","LOGUE","LOGUE"
4204,2985,"step1_similar_name_1km","LITTLE MARSH","LITTLE MARSH"
4206,2987,"step1_similar_name_1km","ENGLISH CTR","ENGLISH CTR"
4207,2988,"step1_similar_name_1km","RAVENSBURG","RAVENSBURG"
4208,2989,"step1_similar_name_1km","CHERRY SPRS","CHERRY SPRS"
4209,2990,"step1_similar_name_1km","MAWR GLEN","MAWR GLEN"
4210,2991,"step1_similar_name_1km","AUSTINVILLE","AUSTINVILLE"
4211,2992,"step1_similar_name_1km","RUSH","RUSH"
4212,2993,"step1_similar_name_1km","RALSTON","RALSTON"
4213,2994,"step1_similar_name_1km","BOW BRIDGE","BOW BRIDGE"
4214,2995,"step1_similar_name_1km","MARSH HILL","MARSH HILL"
4215,2996,"step1_similar_name_1km","WALLER","WALLER"
4216,2997,"step1_similar_name_1km","MILLVILLE","MILLVILLE"
4217,2998,"step1_similar_name_1km","POCONO SUMMIT","POCONO SUMIT"
4218,2999,"step1_similar_name_1km","HOP BOTTOM","HOP BOTTOM"
4219,3000,"step1_similar_name_1km","HONESDALE","HONESDALE"
4220,3001,"step1_similar_name_1km","STARLIGHT","STARLIGHT"
4221,3002,"step1_similar_name_1km","GREENTOWN","GREENTOWN"
4222,3003,"step1_similar_name_1km","CANADENSIS","CANADENSIS"
4223,3004,"step1_similar_name_1km","SUSQUEHANNA","SUSQUEHANNA"
4224,3005,"step1_similar_name_1km","POYNTELLE","POYNTELLE"
4225,3006,"step1_similar_name_1km","PORTERSVILLE","PORTERSVILLE"
4226,3007,"step1_similar_name_1km","BEAVER","BEAVER"
4227,3008,"step1_similar_name_1km","DUVALL","DUVALL"
4228,3009,"step1_similar_name_1km","PLESANT GROV","PLESANT GROV"
4229,3010,"step1_similar_name_1km","PARKWOOD","PARKWOOD"
4230,3011,"step1_similar_name_1km","KITTANNING","KITTANNING"
4231,3012,"step1_similar_name_1km","SARDIS","SARDIS"
4232,3013,"step1_similar_name_1km","WAKENA","WAKENA"
4233,3014,"step1_similar_name_1km","KAYLOR","KAYLOR"
4234,3015,"step1_similar_name_1km","SHELOCTA","SHELOCTA"
4235,3016,"step1_similar_name_1km","RECTOR","RECTOR"
4236,3017,"step1_similar_name_1km","MARGARET","MARGARET"
4237,3018,"step1_similar_name_1km","VIRGINIA","VIRGINIA"
4238,3019,"step1_similar_name_1km","PATTON","PATTON"
4239,3020,"step1_similar_name_1km","MARTINSBURG","MARTINSBURG"
4240,3021,"step1_similar_name_1km","MUNSON","MUNSON"
4241,3022,"step1_similar_name_1km","WILLIAMSBURG","WILLIAMSBURG"
4242,3023,"step1_similar_name_1km","GEESEYTOWN","GEESEYTOWN"
4243,3024,"step1_similar_name_1km","BALD EAGLE","BALD EAGLE"
4244,3025,"step1_similar_name_1km","WATERSTREET","WATERSTREET"
4245,3026,"step1_similar_name_1km","DOUBLING GAP","DOUBLING GAP"
4246,3027,"step1_similar_name_1km","RYDE","RYDE"
4247,3028,"step1_similar_name_1km","ST COLLEGE","ST COLLEGE"
4248,3029,"step1_similar_name_1km","PERU MILLS","PERU MILLS"
4249,3030,"step1_similar_name_1km","NAGINEY","NAGINEY"
4250,3031,"step1_similar_name_1km","CLEAR SPRING","CLEAR SPRING"
4251,3032,"step1_similar_name_1km","PINE GR MILL","PINE GR MILL"
4252,3033,"step1_similar_name_1km","MIFFLINTOWN","MIFFLINTOWN"
4253,3034,"step1_similar_name_1km","PETERS MT","PETERS MT"
4254,3035,"step1_similar_name_1km","SPORTING HIL","SPORTING HIL"
4255,3036,"step1_similar_name_1km","EPHRATA","EPHRATA"
4256,3037,"step1_similar_name_1km","MIDDLETOWN","MIDDLETOWN"
4257,3038,"step1_similar_name_1km","MT GRETNA","MT GRETNA"
4258,3039,"step1_similar_name_1km","BRUNNERVILLE","BRUNNERVILLE"
4259,3040,"step1_similar_name_1km","CARSONVILLE","CARSONVILLE"
4260,3041,"step1_similar_name_1km","SCHEAFFERSTN","SCHEAFFERSTN"
4261,3042,"step1_similar_name_1km","QUAKERTOWN","QUAKERTOWN"
4262,3043,"step1_similar_name_1km","POTTSTOWN","POTTSTOWN"
4263,3044,"step1_similar_name_1km","HOMETOWN","HOMETOWN"
4264,3045,"step1_similar_name_1km","COLLEGEVILLE","COLLEGEVILLE"
4265,3046,"step1_similar_name_1km","NEW RINGGOLD","NEW RINGGOLD"
4266,3047,"step1_similar_name_1km","CLEARFIELD","CLEARFIELD"
4267,3048,"step1_similar_name_1km","DREHERSVILLE","DREHERSVILLE"
4268,3049,"step1_similar_name_1km","JEFFERSON","JEFFERSON"
4269,3050,"step1_similar_name_1km","NORMALVILLE","NORMALVILLE"
4270,3051,"step1_similar_name_1km","GARRETT","GARRETT"
4271,3052,"step1_similar_name_1km","WARRENS MILL","WARRENS MILL"
4272,3053,"step1_similar_name_1km","NEEDMORE","NEEDMORE"
4273,3054,"step1_similar_name_1km","ASPERS","ASPERS"
4275,3056,"step1_similar_name_1km","GATCHELVILLE","GATCHELVILLE"
4276,3057,"step1_similar_name_1km","LABOTT","LABOTT"
4277,3058,"step1_similar_name_1km","DOE RUN","DOE RUN"
4278,3059,"step1_similar_name_1km","WEST GROVE","WEST GROVE"
4279,3060,"step1_similar_name_1km","HARRISVILLE","HARRISVILLE"
4280,3061,"step1_similar_name_1km","SUGAR GROVE","SUGAR GROVE"
4281,2981,"step1_similar_name_1km","Roulette 2","ROULETTE"
4282,3062,"step1_similar_name_1km","LTL PINE CR","LTL PINE CR"
4283,3063,"step1_similar_name_1km","DUBOISTOWN","DUBOISTOWN"
4284,3064,"step1_similar_name_1km","ELLENTON","ELLENTON"
4285,3065,"step1_similar_name_1km","POCONO SUMMIT 2","POCONO SUMMIT 2"
4286,3001,"step1_similar_name_1km","STARLIGHT 2","STARLIGHT"
4287,3067,"step1_similar_name_1km","MARS","MARS"
4288,3068,"step1_similar_name_1km","JEANNETTE","JEANNETTE"
4289,3069,"step1_similar_name_1km","LAUREL HILL","LAUREL HILL"
4290,3070,"step1_similar_name_1km","LANDISBURG","LANDISBURG"
4291,3071,"step1_similar_name_1km","Doylesburg","DOYLESBURG"
4292,3072,"step1_similar_name_1km","ELIZABETHVIL","ELIZABETHVIL"
4293,3073,"step1_similar_name_1km","MOUNT JOY","MOUNT JOY"
4294,3074,"step1_similar_name_1km","AKRON","AKRON"
4295,3075,"step1_similar_name_1km","MT GRETNA 2","MT GRETNA 2"
4296,3076,"step1_similar_name_1km","Brunnerville 2","BRUNNERVILLE 2"
4297,3077,"step1_similar_name_1km","SCHAEFFERSTOWN 2","SCHAEFFERSTOWN 2"
4298,3078,"step1_similar_name_1km","BRICK TAVERN","BRICK TAVERN"
4299,3079,"step1_similar_name_1km","SCHWENKSVILL","SCHWENKSVILL"
4300,3080,"step1_similar_name_1km","DREHERSVILLE 2","DREHERSVILLE 2"
4301,3081,"step1_similar_name_1km","MILL RUN","MILL RUN"
4302,3082,"step1_similar_name_1km","STONEYBREAK","STONEYBREAK"
4303,3083,"step1_similar_name_1km","BENDERSVILLE","BENDERSVILLE"
4304,3084,"step1_similar_name_1km","SOUTH MTN","SOUTH MTN"
4305,3085,"step1_similar_name_1km","SHREWSBURY","SHREWSBURY"
4306,3086,"step1_similar_name_1km","JACOBUS","JACOBUS"
4307,3087,"step1_similar_name_1km","CHATHAM","CHATHAM"
4308,3088,"step1_similar_name_1km","LEOLA","LEOLA"
4309,3089,"step1_similar_name_1km","WYALUSING","WYALUSING"
4310,3090,"step1_similar_name_1km","BERWICK","BERWICK"
4311,3091,"step1_similar_name_1km","WILD CREEK","WILD CREEK"
4312,3092,"step1_similar_name_1km","ROTHROCK SF","ROTHROCK SF"
4313,3093,"step1_similar_name_1km","TUSSEY MTN.","TUSSEY MTN."
4314,3094,"step1_similar_name_1km","BROAD MTN.","BROAD MTN."
4315,3095,"step1_similar_name_1km","LOVELTON","LOVELTON"
4317,3096,"step1_similar_name_1km","ANSONIA","ANSONIA"
4318,3097,"step1_similar_name_1km","SPROUL SF-A","SPROUL SF-A"
4319,3098,"step1_similar_name_1km","SPROUL SF-B","SPROUL SF-B"
4563,3099,"step1_similar_name_1km","QUONSET PT","QUONSET PT"
4564,3100,"step1_similar_name_1km","SACHUEST PT","SACHUEST PT"
4565,3101,"step1_similar_name_1km","SHANNOCK","SHANNOCK"
4566,3102,"step1_similar_name_1km","WALLUM LAKE","WALLUM LAKE"
4567,3103,"step1_similar_name_1km","PULASKI","PULASKI"
4568,3104,"step1_similar_name_1km","CASIMIR PULASKI SF","CASIMIR PULASKI SF"
4569,3105,"step1_similar_name_1km","BLOCK ISLAND","BLOCK ISLAND"
4712,3106,"step1_similar_name_1km","JOHNS ISLE","JOHNS ISLE"
4713,3107,"step1_similar_name_1km","JAMESTOWN","JAMESTOWN"
4714,3108,"step1_similar_name_1km","HARDEEVILLE","HARDEEVILLE"
4715,3109,"step1_similar_name_1km","ROME","ROME"
4716,3110,"step1_similar_name_1km","HOLLY HILL","HOLLY HILL"
4717,3111,"step1_similar_name_1km","COWARD","COWARD"
4718,3112,"step1_similar_name_1km","FORESTON","FORESTON"
4719,3113,"step1_similar_name_1km","NEW HOLLAND","NEW HOLLAND"
4720,3114,"step1_similar_name_1km","WAGENER","WAGENER"
4721,3115,"step1_similar_name_1km","DILLON","DILLON"
4722,3116,"step1_similar_name_1km","BISHOPVILLE","BISHOPVILLE"
4723,3117,"step1_similar_name_1km","BOYKIN ML PD","BOYKIN ML PD"
4724,3118,"step1_similar_name_1km","WALTERBORO","WALTERBORO"
4725,3119,"step1_similar_name_1km","LITTLE MTN","LITTLE MTN"
4726,3120,"step1_similar_name_1km","SALEM XRD","SALEM XRD"
4727,3121,"step1_similar_name_1km","PENDLETON","PENDLETON"
4728,3122,"step1_similar_name_1km","OWINGS","OWINGS"
4729,3123,"step1_similar_name_1km","BARTON CREEK","BARTON CREEK"
4730,3124,"step1_similar_name_1km","BOILING SPGS","BOILING SPGS"
4731,3125,"step1_similar_name_1km","LANDRUM","LANDRUM"
4732,3126,"step1_similar_name_1km","PLUM BRANCH","PLUM BRANCH"
4733,3127,"step1_similar_name_1km","NIXONVILLE","NIXONVILLE"
4734,3128,"step1_similar_name_1km","New Ellenton","NEW ELLENTON"
4735,3129,"step1_similar_name_1km","Ward","WARD"
4736,3130,"step1_similar_name_1km","Campobello","CAMPOBELLO"
4737,3131,"step1_similar_name_1km","Whitmire","WHITMIRE"
4738,3132,"step1_similar_name_1km","Green Sea","GREEN SEA"
4739,3133,"step1_similar_name_1km","Kingstree","KINGSTREE"
4740,3134,"step1_similar_name_1km","Lowrys","LOWRYS"
4741,3135,"step1_similar_name_1km","Ridgeway","RIDGEWAY"
4742,3136,"step1_similar_name_1km","Salem","SALEM"
4743,3137,"step1_similar_name_1km","BLACKSBURG","BLACKSBURG"
4744,3138,"step1_similar_name_1km","GREENWOOD","GREENWOOD"
4745,3139,"step1_similar_name_1km","JOANNA","JOANNA"
4746,3140,"step1_similar_name_1km","MOUNT PISGAH","MOUNT PISGAH"
4747,3141,"step1_similar_name_1km","BENNETTSVILLE","BENNETTSVILLE"
4748,3142,"step1_similar_name_1km","OLAR","OLAR"
4749,3143,"step1_similar_name_1km","PINEWOOD","PINEWOOD"
4750,3144,"step1_similar_name_1km","CARVERS BAY","CARVERS BAY"
4751,3145,"step1_similar_name_1km","NIXVILLE","NIXVILLE"
4752,3146,"step1_similar_name_1km","DALE","DALE"
4753,3147,"step1_similar_name_1km","ADAMS RUN","ADAMS RUN"
4754,3148,"step1_similar_name_1km","CAUTHENS XRD","CAUTHENS XRD"
4755,3149,"step1_similar_name_1km","PROSPERITY","PROSPERITY"
4757,3151,"step1_similar_name_1km","OWINGS 2","OWINGS 2"
4758,3152,"step1_similar_name_1km","CHESNEE","CHESNEE"
4759,3153,"step1_similar_name_1km","OSBORN MTN.","OSBORN MTN."
4760,3154,"step1_similar_name_1km","RED BLUFF","RED BLUFF"
4761,3155,"step1_similar_name_1km","BATTLECREEK","BATTLECREEK"
4762,3156,"step1_similar_name_1km","SANDHILLS","SANDHILLS"
4763,3157,"step1_similar_name_1km","KIAWAH ISLAND","KIAWAH ISLAND"
4764,3158,"step1_similar_name_1km","LENNOX","LENNOX"
4765,3159,"step1_similar_name_1km","TRIPP","TRIPP"
4766,3160,"step1_similar_name_1km","HOWARD","HOWARD"
4767,3161,"step1_similar_name_1km","WHITE LAKE","WHITE LAKE"
4769,3163,"step1_similar_name_1km","CHAMBERLAIN","CHAMBERLAIN"
4770,3164,"step1_similar_name_1km","WINNER","WINNER"
4771,3165,"step1_similar_name_1km","ROSEBUD","ROSEBUD"
4772,3166,"step1_similar_name_1km","ROCKYFORD","ROCKYFORD"
4773,3167,"step1_similar_name_1km","VOLGA","VOLGA"
4774,3168,"step1_similar_name_1km","RAYMOND","RAYMOND"
4775,3169,"step1_similar_name_1km","ROSWELL","ROSWELL"
4776,3170,"step1_similar_name_1km","BROADLAND","BROADLAND"
4777,3171,"step1_similar_name_1km","LANE","LANE"
4778,3172,"step1_similar_name_1km","CROW CREEK","CROW CREEK"
4779,3173,"step1_similar_name_1km","FT THOMPSON","FT THOMPSON"
4780,3174,"step1_similar_name_1km","WILMOT","WILMOT"
4781,3175,"step1_similar_name_1km","VEBLEN","VEBLEN"
4782,3176,"step1_similar_name_1km","BRITTON","BRITTON"
4783,3177,"step1_similar_name_1km","FORBES","FORBES"
4784,3178,"step1_similar_name_1km","CONDE","CONDE"
4785,3179,"step1_similar_name_1km","GETTYSBURG","GETTYSBURG"
4786,3180,"step1_similar_name_1km","LONG LAKE","LONG LAKE"
4787,3181,"step1_similar_name_1km","LAPLANT","LAPLANT"
4788,3182,"step1_similar_name_1km","PROMISE","PROMISE"
4789,3183,"step1_similar_name_1km","OWANKA","OWANKA"
4790,3184,"step1_similar_name_1km","ROUBAIX LK","ROUBAIX LK"
4791,3185,"step1_similar_name_1km","VOLUNTEER","VOLUNTEER"
4792,3186,"step1_similar_name_1km","CUSTER","CUSTER"
4793,3187,"step1_similar_name_1km","OTTUMWA","OTTUMWA"
4794,3188,"step1_similar_name_1km","HARDING","HARDING"
4796,3190,"step1_similar_name_1km","FORT PIERRE","FORT PIERRE"
4797,3191,"step1_similar_name_1km","GORMAN","GORMAN"
4798,3192,"step1_similar_name_1km","MAURINE","MAURINE"
4799,3193,"step1_similar_name_1km","REVA","REVA"
4800,3194,"step1_similar_name_1km","LODGEPOLE","LODGEPOLE"
4801,3195,"step1_similar_name_1km","EAGLE BUTTE","EAGLE BUTTE"
4802,3196,"step1_similar_name_1km","ISABEL","ISABEL"
4803,3197,"step1_similar_name_1km","MARCUS","MARCUS"
4804,3198,"step1_similar_name_1km","HAYES","HAYES"
4805,3199,"step1_similar_name_1km","ARDMORE","ARDMORE"
4806,3200,"step1_similar_name_1km","BADLANDS","BADLANDS"
4807,3201,"step1_similar_name_1km","LACREEK","LACREEK"
4809,3203,"step1_similar_name_1km","PLEASANT VAL","PLEASANT VAL"
4812,3206,"step1_similar_name_1km","ENGLEWOOD","ENGLEWOOD"
4813,3207,"step1_similar_name_1km","LONG DRAW","LONG DRAW"
4814,3171,"step1_similar_name_1km","LANE 2","LANE"
4815,3209,"step1_similar_name_1km","TURTON","TURTON"
4816,3210,"step1_similar_name_1km","SILVER CITY","SILVER CITY"
4817,3211,"step1_similar_name_1km","NORBECK","NORBECK"
4818,3212,"step1_similar_name_1km","ELK MOUNTAIN","ELK MOUNTAIN"
4819,3213,"step1_similar_name_1km","ROCHFORD","ROCHFORD"
4820,3214,"step1_similar_name_1km","HAZELRODT","HAZELRODT"
4821,3215,"step1_similar_name_1km","LIGHTNING CR","LIGHTNING CR"
4823,3217,"step1_similar_name_1km","COTTONWOOD","COTTONWOOD"
4824,3218,"step1_similar_name_1km","S. PIONEER","S. PIONEER"
4825,3219,"step1_similar_name_1km","INDIAN","INDIAN"
4826,3220,"step1_similar_name_1km","RAILROAD BUTTE","RAILROAD BUT"
4828,3222,"step1_similar_name_1km","WIND CAVE NP","WIND CAVE NP"
4829,3223,"step1_similar_name_1km","TIPTONVILLE","TIPTONVILLE"
4830,3224,"step1_similar_name_1km","PAWPAW","PAWPAW"
4831,3225,"step1_similar_name_1km","MOSCOW","MOSCOW"
4832,3226,"step1_similar_name_1km","BROWNSVILLE","BROWNSVILLE"
4833,3227,"step1_similar_name_1km","TIBBS","TIBBS"
4834,3228,"step1_similar_name_1km","WHITEVILLE","WHITEVILLE"
4835,3229,"step1_similar_name_1km","BIG SANDY","BIG SANDY"
4836,3230,"step1_similar_name_1km","MANSFIELD","MANSFIELD"
4837,3231,"step1_similar_name_1km","SWEETLIPS","SWEETLIPS"
4838,3232,"step1_similar_name_1km","SILERTON","SILERTON"
4839,3233,"step1_similar_name_1km","TRENTON","TRENTON"
4840,3234,"step1_similar_name_1km","HUMBOLDT","HUMBOLDT"
4841,3235,"step1_similar_name_1km","POND CREEK","POND CREEK"
4842,3236,"step1_similar_name_1km","INDIAN MOUND","INDIAN MOUND"
4843,3237,"step1_similar_name_1km","COLLINWOOD","COLLINWOOD"
4844,3238,"step1_similar_name_1km","WRIGLEY","WRIGLEY"
4845,3239,"step1_similar_name_1km","CAMPBELLSVILLE","CMPBELSVILE"
4846,3240,"step1_similar_name_1km","LEWIS FOREST","LEWIS FOREST"
4847,3241,"step1_similar_name_1km","BELOTES BEND","BELOTES BEND"
4848,3242,"step1_similar_name_1km","WHITE HOUSE","WHITE HOUSE"
4849,3243,"step1_similar_name_1km","PETERSBURG","PETERSBURG"
4850,3244,"step1_similar_name_1km","PEYTONSVILLE","PEYTONSVILLE"
4851,3245,"step1_similar_name_1km","BRADYVILLE","BRADYVILLE"
4852,3246,"step1_similar_name_1km","TULLAHOMA","TULLAHOMA"
4853,3247,"step1_similar_name_1km","SILVER PT","SILVER PT"
4854,3248,"step1_similar_name_1km","UNION HILL","UNION HILL"
4855,3249,"step1_similar_name_1km","GLEN","GLEN"
4856,3250,"step1_similar_name_1km","RED BANK","RED BANK"
4857,3251,"step1_similar_name_1km","JASPER","JASPER"
4858,3252,"step1_similar_name_1km","SODDY","SODDY"
4859,3253,"step1_similar_name_1km","ELK VALLEY","ELK VALLEY"
4860,3254,"step1_similar_name_1km","SMOKEY JCT","SMOKEY JCT"
4861,3255,"step1_similar_name_1km","LOVELL","LOVELL"
4862,3256,"step1_similar_name_1km","OLIVER SPGS","OLIVER SPGS"
4863,3257,"step1_similar_name_1km","MCFARLAND","MCFARLAND"
4864,3258,"step1_similar_name_1km","CLIMER","CLIMER"
4865,3259,"step1_similar_name_1km","CORRYTON RD","CORRYTON RD"
4866,3260,"step1_similar_name_1km","JEFFERSON CTY","JEFFERSN CTY"
4867,3261,"step1_similar_name_1km","WALLAND","WALLAND"
4868,3262,"step1_similar_name_1km","MT OLIVE","MT OLIVE"
4869,3263,"step1_similar_name_1km","ALLENS BRDGE","ALLENS BRDGE"
4870,3264,"step1_similar_name_1km","FISH SPRINGS","FISH SPRINGS"
4871,3265,"step1_similar_name_1km","INDIAN MOUND 2","INDIAN MOUND 2"
4872,3266,"step1_similar_name_1km","SIGNAL MTN","SIGNAL MTN"
4873,3267,"step1_similar_name_1km","JONES GAP","JONES GAP"
4874,3268,"step1_similar_name_1km","HARBUCK","HARBUCK"
4875,3260,"step1_similar_name_1km","Jefferson City 2","JEFFERSN CTY"
4876,3269,"step1_similar_name_1km","CORNPONE","CORNPONE"
4877,3224,"step1_similar_name_1km","PAWPAW 2","PAWPAW"
4878,3270,"step1_similar_name_1km","WILLIS SPRNG","WILLIS SPRNG"
4879,3271,"step1_similar_name_1km","MECCA","MECCA"
4880,3272,"step1_similar_name_1km","TELLICO","TELLICO"
4881,3273,"step1_similar_name_1km","NEWFOUND GAP","NEWFOUND GAP"
4882,3274,"step1_similar_name_1km","CADES COVE","CADES COVE"
4885,3275,"step1_similar_name_1km","LAG ATASCOSA","LAG ATASCOSA"
4886,3276,"step1_similar_name_1km","RACHAL","RACHAL"
4887,3277,"step1_similar_name_1km","AGUA NUEVA","AGUA NUEVA"
4888,3278,"step1_similar_name_1km","ZAPATA","ZAPATA"
4890,3280,"step1_similar_name_1km","PETRONILA","PETRONILA"
4892,3282,"step1_similar_name_1km","MIRANDO CITY","MIRANDO CITY"
4893,3283,"step1_similar_name_1km","ENCINAL","ENCINAL"
4894,3284,"step1_similar_name_1km","SAN YGNACIO","SAN YGNACIO"
4895,3285,"step1_similar_name_1km","HINKLES FER","HINKLES FER"
4896,3286,"step1_similar_name_1km","VANDERBILT","VANDERBILT"
4897,3287,"step1_similar_name_1km","INDIANOLA","INDIANOLA"
4898,3288,"step1_similar_name_1km","SCHROEDER","SCHROEDER"
4899,3289,"step1_similar_name_1km","HOBSON","HOBSON"
4900,3290,"step1_similar_name_1km","GEORGE WEST","GEORGE WEST"
4901,3291,"step1_similar_name_1km","CAMPBELLTON","CAMPBELLTON"
4902,3292,"step1_similar_name_1km","CATARINA","CATARINA"
4903,3293,"step1_similar_name_1km","LA PRYOR","LA PRYOR"
4904,3294,"step1_similar_name_1km","WINNIE","WINNIE"
4906,3296,"step1_similar_name_1km","DANBURY","DANBURY"
4907,3297,"step1_similar_name_1km","KATY","KATY"
4908,3298,"step1_similar_name_1km","ARENOSA CRK","ARENOSA CRK"
4909,3299,"step1_similar_name_1km","ROCK ISLAND","ROCK ISLAND"
4910,3300,"step1_similar_name_1km","MULDOON","MULDOON"
4911,3301,"step1_similar_name_1km","LOCKHART","LOCKHART"
4912,3302,"step1_similar_name_1km","BOERNE","BOERNE"
4914,3304,"step1_similar_name_1km","HONDO","HONDO"
4916,3306,"step1_similar_name_1km","TOWN BLUFF","TOWN BLUFF"
4917,3307,"step1_similar_name_1km","LIVINGSTON","LIVINGSTON"
4918,3308,"step1_similar_name_1km","NEW WAVERLY","NEW WAVERLY"
4919,3309,"step1_similar_name_1km","OAK GROVE","OAK GROVE"
4920,3310,"step1_similar_name_1km","GAUSE","GAUSE"
4921,3311,"step1_similar_name_1km","PEACH CREEK","PEACH CREEK"
4922,3312,"step1_similar_name_1km","GEORGETOWN","GEORGETOWN"
4923,3313,"step1_similar_name_1km","E GEORGETOWN","E GEORGETOWN"
4924,3314,"step1_similar_name_1km","FITZHUGH","FITZHUGH"
4926,3316,"step1_similar_name_1km","HARPER","HARPER"
4927,3317,"step1_similar_name_1km","SAN SABA","SAN SABA"
4928,3318,"step1_similar_name_1km","DIBOLL","DIBOLL"
4929,3319,"step1_similar_name_1km","CALEDONIA","CALEDONIA"
4930,3320,"step1_similar_name_1km","MASSEY LAKE","MASSEY LAKE"
4931,3321,"step1_similar_name_1km","OAKWOOD","OAKWOOD"
4932,3322,"step1_similar_name_1km","KOSSE","KOSSE"
4933,3323,"step1_similar_name_1km","THORNTON","THORNTON"
4934,3324,"step1_similar_name_1km","OSAGE","OSAGE"
4935,3325,"step1_similar_name_1km","PIDCOKE","PIDCOKE"
4936,3326,"step1_similar_name_1km","KEMPNER","KEMPNER"
4937,3327,"step1_similar_name_1km","ADAMSVILLE","ADAMSVILLE"
4938,3328,"step1_similar_name_1km","PEAR VALLEY","PEAR VALLEY"
4939,3329,"step1_similar_name_1km","WINCHELL","WINCHELL"
4940,3330,"step1_similar_name_1km","MORTON","MORTON"
4941,3331,"step1_similar_name_1km","CROSSROADS","CROSSROADS"
4942,3332,"step1_similar_name_1km","ATHENS","ATHENS"
4943,3333,"step1_similar_name_1km","CHANDLER","CHANDLER"
4944,3334,"step1_similar_name_1km","OLA","OLA"
4945,3335,"step1_similar_name_1km","DALLAS","DALLAS"
4946,3336,"step1_similar_name_1km","GLEN ROSE","GLEN ROSE"
4947,3337,"step1_similar_name_1km","WEATHERFORD","WEATHERFORD"
4948,3338,"step1_similar_name_1km","SELDEN","SELDEN"
4950,3340,"step1_similar_name_1km","COTTONWOOD","COTTONWOOD"
4951,3341,"step1_similar_name_1km","ALBANY","ALBANY"
4952,3342,"step1_similar_name_1km","LYDIA","LYDIA"
4953,3343,"step1_similar_name_1km","LIBERTY HILL","LIBERTY HILL"
4954,3344,"step1_similar_name_1km","MILLER GROVE","MILLER GROVE"
4955,3345,"step1_similar_name_1km","DIKE","DIKE"
4956,3346,"step1_similar_name_1km","SADLER","SADLER"
4957,3347,"step1_similar_name_1km","WOLFE CITY","WOLFE CITY"
4958,3348,"step1_similar_name_1km","RHOME","RHOME"
4960,3350,"step1_similar_name_1km","OLNEY","OLNEY"
4961,3351,"step1_similar_name_1km","HENRIETTA","HENRIETTA"
4962,3352,"step1_similar_name_1km","GRAYBACK","GRAYBACK"
4964,3354,"step1_similar_name_1km","EL INDIO","EL INDIO"
4965,3355,"step1_similar_name_1km","COMSTOCK","COMSTOCK"
4966,3356,"step1_similar_name_1km","HOT SPRINGS","HOT SPRINGS"
4967,3357,"step1_similar_name_1km","BLACK GAP","BLACK GAP"
4968,3358,"step1_similar_name_1km","SHAFTER","SHAFTER"
4969,3359,"step1_similar_name_1km","MERTZON","MERTZON"
4971,3361,"step1_similar_name_1km","LONGFELLOW","LONGFELLOW"
4972,3362,"step1_similar_name_1km","ALTUDA","ALTUDA"
4973,3363,"step1_similar_name_1km","VALENTINE","VALENTINE"
4975,3365,"step1_similar_name_1km","CORNUDAS","CORNUDAS"
4976,3366,"step1_similar_name_1km","POST","POST"
4977,3367,"step1_similar_name_1km","LAMESA","LAMESA"
4978,3368,"step1_similar_name_1km","PLAINS","PLAINS"
4979,3369,"step1_similar_name_1km","CLARENDON","CLARENDON"
4980,3370,"step1_similar_name_1km","CHILDRESS","CHILDRESS"
4981,3371,"step1_similar_name_1km","CIRCLE","CIRCLE"
4982,3372,"step1_similar_name_1km","RAYMONDVILLE","RAYMONDVILLE"
4983,3373,"step1_similar_name_1km","SLAUGHTER","SLAUGHTER"
4985,3375,"step1_similar_name_1km","PANTEX","PANTEX"
4987,3377,"step1_similar_name_1km","WAKA","WAKA"
4989,3379,"step1_similar_name_1km","MIAMI","MIAMI"
4990,3380,"step1_similar_name_1km","FLOYDADA","FLOYDADA"
4991,3381,"step1_similar_name_1km","HACKBERRY","HACKBERRY"
4992,3382,"step1_similar_name_1km","FRANKEL CITY","FRANKEL CITY"
4993,3383,"step1_similar_name_1km","ROTAN","ROTAN"
4994,3384,"step1_similar_name_1km","WINK","WINK"
4995,3385,"step1_similar_name_1km","GIRVIN","GIRVIN"
4996,3386,"step1_similar_name_1km","OZONA","OZONA"
4997,3387,"step1_similar_name_1km","ELDORADO","ELDORADO"
4998,3388,"step1_similar_name_1km","INDIAN MTN","INDIAN MTN"
4999,3389,"step1_similar_name_1km","EL SAUZ","EL SAUZ"
5000,3292,"step1_similar_name_1km","CATARINA 2","CATARINA"
5002,3390,"step1_similar_name_1km","OAK GROVE 2","OAK GROVE 2"
5003,3391,"step1_similar_name_1km","HEARNE","HEARNE"
5004,3392,"step1_similar_name_1km","COLLEGE STN","COLLEGE STN"
5005,3393,"step1_similar_name_1km","WALBURG","WALBURG"
5006,3394,"step1_similar_name_1km","DRIPPING SPG","DRIPPING SPG"
5008,3395,"step1_similar_name_1km","CAYUGA","CAYUGA"
5009,3323,"step1_similar_name_1km","THORNTON 2","THORNTON"
5011,3396,"step1_similar_name_1km","CHANDLER 2","CHANDLER 2"
5012,3397,"step1_similar_name_1km","HASKELL","HASKELL"
5013,3398,"step1_similar_name_1km","CASA PIEDRA","CASA PIEDRA"
5015,3399,"step1_similar_name_1km","BEAR MTN","BEAR MTN"
5016,3400,"step1_similar_name_1km","GUERRA","GUERRA"
5017,3283,"step1_similar_name_1km","ENCINAL 2","ENCINAL"
5018,3401,"step1_similar_name_1km","KERMIT","KERMIT"
5019,3386,"step1_similar_name_1km","OZONA 2","OZONA"
5020,3402,"step1_similar_name_1km","FANNIN","FANNIN"
5021,3292,"step1_similar_name_1km","CATARINA 3","CATARINA"
5022,3403,"step1_similar_name_1km","CARLOS","CARLOS"
5023,3404,"step1_similar_name_1km","LEANDER","LEANDER"
5025,3323,"step1_similar_name_1km","THORNTON 3","THORNTON"
5026,3405,"step1_similar_name_1km","BLUE RIDGE","BLUE RIDGE"
5027,3406,"step1_similar_name_1km","PROGRESO","PROGRESO"
5028,3407,"step1_similar_name_1km","LOYOLA BEACH","LOYOLA BEACH"
5029,3408,"step1_similar_name_1km","SEJITA","SEJITA"
5030,3409,"step1_similar_name_1km","LAREDO","LAREDO"
5031,3410,"step1_similar_name_1km","CHINQUAPIN","CHINQUAPIN"
5032,3411,"step1_similar_name_1km","OYSTER LAKE","OYSTER LAKE"
5033,3412,"step1_similar_name_1km","BAYSIDE","BAYSIDE"
5034,3413,"step1_similar_name_1km","THREE RIVERS","THREE RIVERS"
5035,3414,"step1_similar_name_1km","MILLETT","MILLETT"
5036,3415,"step1_similar_name_1km","PEDRO CREEK","PEDRO CREEK"
5037,3416,"step1_similar_name_1km","PORT ACRES","PORT ACRES"
5039,3418,"step1_similar_name_1km","MOUNT ZION","MOUNT ZION"
5040,3419,"step1_similar_name_1km","YOAKUM","YOAKUM"
5041,3420,"step1_similar_name_1km","BRITE","BRITE"
5042,3421,"step1_similar_name_1km","LEAKEY","LEAKEY"
5043,3422,"step1_similar_name_1km","MONTELL","MONTELL"
5044,3423,"step1_similar_name_1km","LANGTRY","LANGTRY"
5046,3425,"step1_similar_name_1km","PRESIDIO","PRESIDIO"
5047,3426,"step1_similar_name_1km","FRED","FRED"
5048,3427,"step1_similar_name_1km","UNION HILL","UNION HILL"
5049,3428,"step1_similar_name_1km","BURTON","BURTON"
5050,3429,"step1_similar_name_1km","CREEDMORE","CREEDMORE"
5051,3430,"step1_similar_name_1km","PRAIRIE MTN.","PRAIRIE MTN."
5052,3431,"step1_similar_name_1km","ALLEN CREEK","ALLEN CREEK"
5053,3432,"step1_similar_name_1km","ROCKSPRING","ROCKSPRING"
5054,3433,"step1_similar_name_1km","DEVILS R CYN","DEVILS R CYN"
5055,3434,"step1_similar_name_1km","FT. STOCKTON","FT. STOCKTON"
5056,3435,"step1_similar_name_1km","COYANDA DRAW","COYANDA DRAW"
5057,3436,"step1_similar_name_1km","TOYAHVALE","TOYAHVILLE"
5058,3437,"step1_similar_name_1km","QUITMAN CYN.","QUITMAN CYN."
5059,3438,"step1_similar_name_1km","ALEXANDER ST","ALEXANDER ST"
5060,3439,"step1_similar_name_1km","POWELL PARK","POWELL PARK"
5061,3440,"step1_similar_name_1km","WECHES","WECHES"
5062,3441,"step1_similar_name_1km","BONNER","BONNER"
5063,3442,"step1_similar_name_1km","BRUCEVILLE","BRUCEVILLE"
5064,3443,"step1_similar_name_1km","DURAN","DURAN"
5065,3444,"step1_similar_name_1km","SHIELDS","SHIELD"
5066,3445,"step1_similar_name_1km","WALL","WALL"
5067,3446,"step1_similar_name_1km","STILES","STILES"
5068,3447,"step1_similar_name_1km","CRANE","CRANE"
5069,3448,"step1_similar_name_1km","MENTONE","MENTONE"
5070,3449,"step1_similar_name_1km","SALT FLAT","SALT FLAT"
5071,3450,"step1_similar_name_1km","SIERRA BLANC","SIERRA BLANC"
5072,3451,"step1_similar_name_1km","CANUTILLO","CANUTILLO"
5073,3452,"step1_similar_name_1km","BON WIER","BON WIER"
5075,3454,"step1_similar_name_1km","MT. SELMAN","MT. SELMAN"
5076,3455,"step1_similar_name_1km","WILLS POINT","WILLS POINT"
5077,3456,"step1_similar_name_1km","CLEBURNE","CLEBURNE"
5078,3457,"step1_similar_name_1km","WHIT MTN.","WHIT MTN."
5079,3458,"step1_similar_name_1km","HAWLEY","HAWLEY"
5080,3459,"step1_similar_name_1km","SILVER","SILVER"
5081,3460,"step1_similar_name_1km","TENMILE","TENMILE"
5082,3461,"step1_similar_name_1km","MIDLAND","MIDLAND"
5084,3463,"step1_similar_name_1km","GAMBILL REF.","GAMBILL REF."
5085,3464,"step1_similar_name_1km","GREENVILLE","GREENVILLE"
5086,3465,"step1_similar_name_1km","DECATUR","DECATUR"
5087,3466,"step1_similar_name_1km","MEGARGEL","MEGARGEL"
5088,3467,"step1_similar_name_1km","BEAVER CREEK","BEAVER CREEK"
5089,3468,"step1_similar_name_1km","GIRARD","GIRARD"
5090,3469,"step1_similar_name_1km","DOUGHERTY","DOUGHERTY"
5091,3470,"step1_similar_name_1km","PLAINS","PLAINS"
5092,3471,"step1_similar_name_1km","CHARLIE","CHARLIE"
5093,3472,"step1_similar_name_1km","WILLIAMS","WILLIAMS"
5094,3473,"step1_similar_name_1km","LAKEVIEW","LAKEVIEW"
5095,3474,"step1_similar_name_1km","CLAYTONVILLE","CLAYTONVILLE"
5096,3475,"step1_similar_name_1km","FRIONA","FRIONA"
5097,3476,"step1_similar_name_1km","PANHANDLE","PANHANDLE"
5098,3477,"step1_similar_name_1km","SKELLYTOWN","SKELLYTOWN"
5099,3478,"step1_similar_name_1km","DALHART","DALHART"
5100,3479,"step1_similar_name_1km","TWICHELL","TWICHELL"
5101,3480,"step1_similar_name_1km","GRUVER","GRUVER"
5102,3481,"step1_similar_name_1km","CACTUS","CACTUS"
5103,3482,"step1_similar_name_1km","DOVE MTN.","DOVE MTN."
5104,3483,"step1_similar_name_1km","SAN PEDRO","SAN PEDRO"
5106,3484,"step1_similar_name_1km","MARATHON","MARATHON"
5107,3485,"step1_similar_name_1km","MARFA","MARFA"
5108,3486,"step1_similar_name_1km","FT. DAVIS","FT. DAVIS"
5113,3487,"step1_similar_name_1km","Loyola Beach 2","LOYOLA BEACH 2"
5114,3412,"step1_similar_name_1km","Bayside 2","BAYSIDE"
5116,3489,"step1_similar_name_1km","CAVASARA CR.","CAVASARA CR."
5118,3490,"step1_similar_name_1km","PUMPVILLE","PUMPVILLE"
5119,3437,"step1_similar_name_1km","QUITMAN CANYON 2","QUITMAN CYN."
5120,3439,"step1_similar_name_1km","Powell Park 2","POWELL PARK"
5121,3491,"step1_similar_name_1km","COMANCHE","COMANCHE"
5122,3492,"step1_similar_name_1km","SHIELDS 2","SHIELDS 2"
5125,3488,"step1_similar_name_1km","Bayside 3","BAYSIDE 2"
5127,3493,"step1_similar_name_1km","CHISOS BASIN","CHISOS BASIN"
5128,3494,"step1_similar_name_1km","L. ATASCOSA NWR","L. ATASCOSA NWR"
5129,3495,"step1_similar_name_1km","GOLIAD PRAIRIE","GOLIAD PRAIRIE"
5130,3496,"step1_similar_name_1km","McFaddin","MCFADDIN"
5135,3497,"step1_similar_name_1km","WENDOVER","WENDOVER"
5136,3498,"step1_similar_name_1km","PROMONTORY","PROMONTORY"
5137,3499,"step1_similar_name_1km","HYRUM","HYRUM"
5139,3501,"step1_similar_name_1km","TIMPIE SPG","TIMPIE SPG"
5141,3503,"step1_similar_name_1km","ALTONAH","ALTONAH"
5142,3504,"step1_similar_name_1km","GRIZZLY RDGE","GRIZZLY RDGE"
5143,3505,"step1_similar_name_1km","NOTCH PEAK","NOTCH PEAK"
5144,3506,"step1_similar_name_1km","OAK CITY","OAK CITY"
5145,3507,"step1_similar_name_1km","GOSHEN","GOSHEN"
5146,3508,"step1_similar_name_1km","DRAGERTON","DRAGERTON"
5147,3509,"step1_similar_name_1km","WILLOW CREEK","WILLOW CREEK"
5148,3510,"step1_similar_name_1km","STOCK RES","STOCK RES"
5149,3511,"step1_similar_name_1km","BEAVER","BEAVER"
5150,3512,"step1_similar_name_1km","DESERT VIEW","DESERT VIEW"
5151,3513,"step1_similar_name_1km","HANKSVILLE","HANKSVILLE"
5153,3514,"step1_similar_name_1km","IRON SPRINGS","IRON SPRINGS"
5155,3516,"step1_similar_name_1km","BOULDER","BOULDER"
5156,3517,"step1_similar_name_1km","HITE","HITE"
5157,3518,"step1_similar_name_1km","ANETH","ANETH"
5158,3519,"step1_similar_name_1km","LYNN","LYNN"
5159,3520,"step1_similar_name_1km","GROUSE CREEK","GROUSE CREEK"
5161,3497,"step1_similar_name_1km","WENDOVER 2","WENDOVER"
5162,3522,"step1_similar_name_1km","JOHNSON CAN","JOHNSON CAN"
5163,3523,"step1_similar_name_1km","ANT FLAT-OGDEN CAN","ANT FLAT-OGDEN CAN"
5164,3524,"step1_similar_name_1km","GOLD HILL","GOLD HILL"
5165,3525,"step1_similar_name_1km","FAIRFIELD","FAIRFIELD"
5166,3526,"step1_similar_name_1km","UINTAH NF","UINTAH NF"
5167,3527,"step1_similar_name_1km","WASATCH NF","WASATCH NF"
5168,3528,"step1_similar_name_1km","JENSEN","JENSEN"
5169,3529,"step1_similar_name_1km","FISH SPRINGS","FISH SPRINGS"
5170,3530,"step1_similar_name_1km","DELTA","DELTA"
5171,3531,"step1_similar_name_1km","CLEVELAND","CLEVELAND"
5172,3532,"step1_similar_name_1km","BONANZA","BONANZA"
5173,3533,"step1_similar_name_1km","WAH WAH","WAH WAH"
5174,3534,"step1_similar_name_1km","FISH LAKE NF","FISH LAKE NF"
5175,3535,"step1_similar_name_1km","NOTOM","NOTOM"
5176,3536,"step1_similar_name_1km","GLEN CANYON","GLEN CANYON"
5177,3537,"step1_similar_name_1km","CANYONLANDS","CANYONLANDS"
5178,3538,"step1_similar_name_1km","BERYL","BERYL"
5179,3539,"step1_similar_name_1km","MOQUITH MTN","MOQUITH MTN"
5180,3540,"step1_similar_name_1km","MAIN CANYON","MAIN CANYON"
5181,3541,"step1_similar_name_1km","CANE SPR DES","CANE SPR DES"
5182,3542,"step1_similar_name_1km","BLANDING","BLANDING"
5183,3543,"step1_similar_name_1km","KELTON","KELTON"
5184,3544,"step1_similar_name_1km","BEAR RIVER","BEAR RIVER"
5185,3545,"step1_similar_name_1km","RANDOLPH","RANDOLPH"
5186,3546,"step1_similar_name_1km","VERNON","VERNON"
5187,3547,"step1_similar_name_1km","SOAPSTONE","SOAPSTONE"
5188,3548,"step1_similar_name_1km","MOON LAKE","MOON LAKE"
5189,3549,"step1_similar_name_1km","M WARNER RES","M WARNER RES"
5190,3550,"step1_similar_name_1km","CALLAO","CALLAO"
5191,3551,"step1_similar_name_1km","LEAMINGTON","LEAMINGTON"
5192,3552,"step1_similar_name_1km","FAYETTE","FAYETTE"
5193,3553,"step1_similar_name_1km","CASTLE DALE","CASTLE DALE"
5194,3554,"step1_similar_name_1km","HILL CREEK","HILL CREEK"
5195,3555,"step1_similar_name_1km","INDIAN PEAK","INDIAN PEAK"
5196,3556,"step1_similar_name_1km","RICHFIELD","RICHFIELD"
5197,3557,"step1_similar_name_1km","GOOSEBERRY","GOOSEBERRY"
5198,3558,"step1_similar_name_1km","GILSON BUTTE","GILSON BUTTE"
5199,3559,"step1_similar_name_1km","LA SAL","LA SAL"
5200,3560,"step1_similar_name_1km","SHIVWITZ","SHIVWITZ"
5201,3561,"step1_similar_name_1km","DIXIE NF","DIXIE NF"
5202,3562,"step1_similar_name_1km","GLEN CANYON","GLEN CANYON"
5203,3563,"step1_similar_name_1km","LAKE POWELL","LAKE POWELL"
5204,3564,"step1_similar_name_1km","HATCH","HATCH"
5205,3565,"step1_similar_name_1km","Beck 2","BECK 2"
5206,3566,"step1_similar_name_1km","HARDWARE RANCH","HARDWARE RANCH"
5207,3567,"step1_similar_name_1km","HEBER MTN.","HEBER MTN."
5208,3568,"step1_similar_name_1km","MOAB","MOAB"
5209,3514,"step1_similar_name_1km","Iron Springs 2","IRON SPRINGS"
5211,3570,"step1_similar_name_1km","MOON LAKE 2","MOON LAKE 2"
5212,3571,"step1_similar_name_1km","BOOK RIDGE","BOOK RIDGE"
5213,3572,"step1_similar_name_1km","GILSON BUTTE 2","GILSON BUTTE 2"
5214,3559,"step1_similar_name_1km","La Sal 2","LA SAL"
5215,3574,"step1_similar_name_1km","GOOSE CREEK MTN.","GOOSE CREEK MTN."
5216,3575,"step1_similar_name_1km","SNOWVILLE","SNOWVILLE"
5217,3576,"step1_similar_name_1km","BROWNS HOLE","BROWNS HOLE"
5218,3577,"step1_similar_name_1km","CLIVE","CLIVE"
5219,3578,"step1_similar_name_1km","GRANTSVILLE","GRANTSVILLE"
5220,3579,"step1_similar_name_1km","KAMAS","KAMAS"
5221,3580,"step1_similar_name_1km","HANNA","HANNA"
5223,3582,"step1_similar_name_1km","GANDY","GANDY"
5224,3583,"step1_similar_name_1km","JERICHO JUNCTION","JERICHO JUNCTION"
5225,3584,"step1_similar_name_1km","FERRON","FERRON"
5227,3586,"step1_similar_name_1km","WESTWATER","WESTWATER"
5228,3587,"step1_similar_name_1km","TULE VALLEY","TULE VALLEY"
5229,3588,"step1_similar_name_1km","PINE CREEK","PINE CREEK"
5230,3589,"step1_similar_name_1km","BICKNELL","BICKNELL"
5231,3590,"step1_similar_name_1km","GREEN RIVER","GREEN RIVER"
5234,3593,"step1_similar_name_1km","ALTON","ALTON"
5235,3594,"step1_similar_name_1km","ESCALANTE","ESCALANTE"
5236,3595,"step1_similar_name_1km","BULLFROG BAY","BULLFROG BAY"
5237,3596,"step1_similar_name_1km","MONTICELLO","MONTICELLO"
5238,3559,"step1_similar_name_1km","La Sal 3","LA SAL"
5240,3593,"step1_similar_name_1km","ALTON 2","ALTON"
5241,3585,"step1_similar_name_1km","Wellington 3","WELLINGTON"
5242,3598,"step1_similar_name_1km","NEPONSET RES","NEPONSET RES"
5243,3599,"step1_similar_name_1km","LOST CR. RES","LOST CR. RES"
5244,3600,"step1_similar_name_1km","SALERATUS CR","SALERATUS CR"
5245,3601,"step1_similar_name_1km","E. BEAR LAKE","E. BEAR LAKE"
5246,3602,"step1_similar_name_1km","ARCHES NP","ARCHES NP"
5247,3603,"step1_similar_name_1km","LOGAN CANYON","LOGAN CANYON"
5248,3604,"step1_similar_name_1km","RED SPUR MTN.","RED SPUR MTN."
5249,3605,"step1_similar_name_1km","BRYCE CANYON","BRYCE CANYON"
5250,3606,"step1_similar_name_1km","WOODRUFF","WOODRUFF"
5251,3607,"step1_similar_name_1km","CRAWFORD MTS","CRAWFORD MTS"
5252,3608,"step1_similar_name_1km","CANYONLANDS","CANYONLANDS"
5253,3609,"step1_similar_name_1km","MARLBORO","MARLBORO"
5254,3610,"step1_similar_name_1km","NORTH POWNAL","NORTH POWNAL"
5255,3611,"step1_similar_name_1km","STRATTON","STRATTON"
5256,3612,"step1_similar_name_1km","LANDGROVE","LANDGROVE"
5257,3613,"step1_similar_name_1km","S READING","S READING"
5258,3614,"step1_similar_name_1km","GAYSVILLE","GAYSVILLE"
5259,3615,"step1_similar_name_1km","POST MILLS","POST MILLS"
5260,3616,"step1_similar_name_1km","SHAFTSBURY","SHAFTSBURY"
5261,3617,"step1_similar_name_1km","S WALLINGFRD","S WALLINGFRD"
5262,3618,"step1_similar_name_1km","W RUTLAND","W RUTLAND"
5263,3619,"step1_similar_name_1km","ST JOHNSBURY","ST JOHNSBURY"
5264,3620,"step1_similar_name_1km","EAST HAVEN","EAST HAVEN"
5265,3621,"step1_similar_name_1km","NORTHFLD FLS","NORTHFLD FLS"
5267,3623,"step1_similar_name_1km","EAST CALAIS","EAST CALAIS"
5268,3624,"step1_similar_name_1km","NEWBURY","NEWBURY"
5269,3625,"step1_similar_name_1km","HARDWICK","HARDWICK"
5270,3626,"step1_similar_name_1km","GREENSBORO","GREENSBORO"
5271,3627,"step1_similar_name_1km","FLETCHER","FLETCHER"
5272,3628,"step1_similar_name_1km","WATERVILLE","WATERVILLE"
5274,3630,"step1_similar_name_1km","COLCHESTER","COLCHESTER"
5275,3631,"step1_similar_name_1km","GRAND ISLE","GRAND ISLE"
5276,3632,"step1_similar_name_1km","NEWBURY 2","NEWBURY 2"
5277,3633,"step1_similar_name_1km","STOWE","STOWE"
5278,3634,"step1_similar_name_1km","BRISTOL","BRISTOL"
5279,3635,"step1_similar_name_1km","STAR TANNERY","STAR TANNERY"
5280,3636,"step1_similar_name_1km","TAYLORSTOWN","TAYLORSTOWN"
5281,3637,"step1_similar_name_1km","W AUGUSTA","W AUGUSTA"
5282,3638,"step1_similar_name_1km","CHURCHVILLE","CHURCHVILLE"
5283,3639,"step1_similar_name_1km","STANLEY","STANLEY"
5284,3640,"step1_similar_name_1km","TRYME","TRYME"
5285,3641,"step1_similar_name_1km","EDINBURG","EDINBURG"
5286,3642,"step1_similar_name_1km","JEROME","JEROME"
5287,3643,"step1_similar_name_1km","GREAT FALLS","GREAT FALLS"
5288,3644,"step1_similar_name_1km","PORT ROYAL","PORT ROYAL"
5289,3645,"step1_similar_name_1km","PARTLOW","PARTLOW"
5290,3646,"step1_similar_name_1km","DAVID","DAVID"
5291,3647,"step1_similar_name_1km","ISOM","ISOM"
5292,3648,"step1_similar_name_1km","PUTNAM","PUTNAM"
5293,3649,"step1_similar_name_1km","COVINGTON","COVINGTON"
5294,3650,"step1_similar_name_1km","NEWBERN","NEWBERN"
5295,3651,"step1_similar_name_1km","FINCASTLE","FINCASTLE"
5296,3652,"step1_similar_name_1km","NATURAL BRID","NATURAL BRID"
5297,3653,"step1_similar_name_1km","AMHERST","AMHERST"
5299,3655,"step1_similar_name_1km","COVESVILLE","COVESVILLE"
5300,3656,"step1_similar_name_1km","CARTERS BRDG","CARTERS BRDG"
5301,3657,"step1_similar_name_1km","SHIPMAN","SHIPMAN"
5302,3658,"step1_similar_name_1km","CONCORD","CONCORD"
5303,3659,"step1_similar_name_1km","MANNBORO","MANNBORO"
5304,3660,"step1_similar_name_1km","HALL","HALL"
5305,3661,"step1_similar_name_1km","WAVERLY","WAVERLY"
5306,3662,"step1_similar_name_1km","CHURCH ROAD","CHURCH ROAD"
5307,3663,"step1_similar_name_1km","WHITE STONE","WHITE STONE"
5308,3664,"step1_similar_name_1km","SHARPS","SHARPS"
5309,3665,"step1_similar_name_1km","SURRY","SURRY"
5310,3666,"step1_similar_name_1km","QUINBY","QUINBY"
5311,3667,"step1_similar_name_1km","STICKLEYVILL","STICKLEYVILL"
5312,3668,"step1_similar_name_1km","CLINCHPORT","CLINCHPORT"
5313,3669,"step1_similar_name_1km","MARION","MARION"
5314,3670,"step1_similar_name_1km","SALTVILLE","SALTVILLE"
5315,3671,"step1_similar_name_1km","ELAMSVILLE","ELAMSVILLE"
5316,3672,"step1_similar_name_1km","IVANHOE","IVANHOE"
5317,3673,"step1_similar_name_1km","IRISBURG","IRISBURG"
5318,3674,"step1_similar_name_1km","RINGGOLD","RINGGOLD"
5319,3675,"step1_similar_name_1km","WYLLIESBURG","WYLLIESBURG"
5320,3676,"step1_similar_name_1km","BRODNAX","BRODNAX"
5321,3677,"step1_similar_name_1km","NEWSOMS","NEWSOMS"
5322,3678,"step1_similar_name_1km","BRANCHVILLE","BRANCHVILLE"
5323,3679,"step1_similar_name_1km","BACKBAY","BACKBAY"
5324,3680,"step1_similar_name_1km","CORNLAND","CORNLAND"
5325,3681,"step1_similar_name_1km","HEBRON","HEBRON"
5326,3682,"step1_similar_name_1km","PUNGO","PUNGO"
5328,3684,"step1_similar_name_1km","FINCHLEY","FINCHLEY"
5329,3685,"step1_similar_name_1km","GLADYS","GLADYS"
5330,3686,"step1_similar_name_1km","APPOMATTOX","APPOMATTOX"
5333,3636,"step1_similar_name_1km","TAYLORSTOWN 2","TAYLORSTOWN"
5334,3687,"step1_similar_name_1km","BLACKSBURG","BLACKSBURG"
5335,3656,"step1_similar_name_1km","CARTERS BRDG 2","CARTERS BRDG"
5336,3688,"step1_similar_name_1km","NEWVILLE","NEWVILLE"
5337,3689,"step1_similar_name_1km","DRYDEN","DRYDEN"
5338,3690,"step1_similar_name_1km","NAT TUNNEL","NAT TUNNEL"
5339,3691,"step1_similar_name_1km","RURAL RETRT","RURAL RETRT"
5340,3681,"step1_similar_name_1km","Hebron 2","HEBRON"
5341,3692,"step1_similar_name_1km","BALD KNOB","BALD KNOB"
5342,3693,"step1_similar_name_1km","GR NORTH MTN","GR NORTH MTN"
5343,3694,"step1_similar_name_1km","GLENWOOD","GLENWOOD"
5344,3695,"step1_similar_name_1km","NEW MARKET","NEW MARKET"
5345,3696,"step1_similar_name_1km","DOUTHAT","DOUTHAT"
5346,3697,"step1_similar_name_1km","POTTS MTN.","POTTS MTN."
5347,3698,"step1_similar_name_1km","MOUNTAIN LK.","MOUNTAIN LK."
5348,3699,"step1_similar_name_1km","SHENANDOA NP","SHENANDOA NP"
5349,3700,"step1_similar_name_1km","FT PICKETT N","FT PICKETT N"
5350,3701,"step1_similar_name_1km","FT PICKETT S","FT PICKETT S"
5351,3702,"step1_similar_name_1km","GLOUCESTER","GLOUCESTER"
5352,3703,"step1_similar_name_1km","WALKERS","WALKERS"
5353,3704,"step1_similar_name_1km","PW FOREST PK","PW FOREST PK"
5354,3705,"step1_similar_name_1km","COLONIAL PKY","COLONIAL PKY"
5355,3706,"step1_similar_name_1km","TRUHART","TRUHART"
5356,3707,"step1_similar_name_1km","BRANDON","BRANDON"
5357,3708,"step1_similar_name_1km","CHINCOTEAG W","CHINCOTEAG W"
5358,3709,"step1_similar_name_1km","CAPE CHARLES","CAPE CHARLES"
5359,3710,"step1_similar_name_1km","DISMAL SWAMP","DISMAL SWAMP"
5360,3711,"step1_similar_name_1km","QUANTICO","QUANTICO"
5361,3712,"step1_similar_name_1km","IRON MTN.","IRON MTN."
5362,3713,"step1_similar_name_1km","BIG MEADOWS","BIG MEADOWS"
5363,3714,"step1_similar_name_1km","LOFT MTN","LOFT MTN"
5364,3715,"step1_similar_name_1km","FRONT ROYAL","FRONT ROYAL"
5365,3716,"step1_similar_name_1km","PINE MTN.","PINE MTN."
5366,3712,"step1_similar_name_1km","IRON MOUNTAIN 2","IRON MTN."
5367,3712,"step1_similar_name_1km","IRON MOUNTAIN 3","IRON MTN."
5368,3710,"step1_similar_name_1km","Dismal Swamp 2","DISMAL SWAMP"
5369,3717,"step1_similar_name_1km","OZETTE","OZETTE"
5370,3718,"step1_similar_name_1km","PORT ANGELES","PORT ANGELES"
5371,3719,"step1_similar_name_1km","WARM BEACH","WARM BEACH"
5372,3720,"step1_similar_name_1km","NEWHALEM","NEWHALEM"
5373,3721,"step1_similar_name_1km","TWISP","TWISP"
5374,3722,"step1_similar_name_1km","BREWSTER","BREWSTER"
5375,3723,"step1_similar_name_1km","KELLER","KELLER"
5376,3724,"step1_similar_name_1km","CHEWELAH","CHEWELAH"
5377,3725,"step1_similar_name_1km","TAHOLAH","TAHOLAH"
5378,3726,"step1_similar_name_1km","KAMILCHE","KAMILCHE"
5379,3727,"step1_similar_name_1km","ISSAQUAH","ISSAQUAH"
5380,3728,"step1_similar_name_1km","INDEX","INDEX"
5381,3729,"step1_similar_name_1km","ARDENVOIR","ARDENVOIR"
5382,3730,"step1_similar_name_1km","MOSES LAKE","MOSES LAKE"
5383,3731,"step1_similar_name_1km","HARRINGTON","HARRINGTON"
5384,3732,"step1_similar_name_1km","REARDAN","REARDAN"
5385,3733,"step1_similar_name_1km","BUNKER HILL","BUNKER HILL"
5386,3734,"step1_similar_name_1km","COUGAR","COUGAR"
5387,3735,"step1_similar_name_1km","RIMROCK","RIMROCK"
5388,3736,"step1_similar_name_1km","WAPATO","WAPATO"
5389,3737,"step1_similar_name_1km","MERCER","MERCER"
5390,3738,"step1_similar_name_1km","CONNELL","CONNELL"
5391,3739,"step1_similar_name_1km","ASOTIN","ASOTIN"
5392,3740,"step1_similar_name_1km","CAMAS","CAMAS"
5393,3741,"step1_similar_name_1km","SNOWDEN","SNOWDEN"
5394,3742,"step1_similar_name_1km","BICKLETON","BICKLETON"
5395,3743,"step1_similar_name_1km","KENDALL","KENDALL"
5396,3744,"step1_similar_name_1km","GLACIER","GLACIER"
5397,3745,"step1_similar_name_1km","WINTHROP","WINTHROP"
5398,3746,"step1_similar_name_1km","TONASKET","TONASKET"
5399,3747,"step1_similar_name_1km","TWIN LAKES","TWIN LAKES"
5400,3748,"step1_similar_name_1km","CUSICK","CUSICK"
5401,3749,"step1_similar_name_1km","NEILTON","NEILTON"
5402,3750,"step1_similar_name_1km","EVERETT","EVERETT"
5403,3751,"step1_similar_name_1km","RONALD","RONALD"
5404,3752,"step1_similar_name_1km","LEAVENWORTH","LEAVENWORTH"
5405,3753,"step1_similar_name_1km","QUINCY","QUINCY"
5406,3754,"step1_similar_name_1km","WILBUR","WILBUR"
5407,3755,"step1_similar_name_1km","EWAN","EWAN"
5408,3756,"step1_similar_name_1km","ILWACO","ILWACO"
5409,3757,"step1_similar_name_1km","SOUTH ELMA","SOUTH ELMA"
5410,3758,"step1_similar_name_1km","MENDOTA","MENDOTA"
5411,3759,"step1_similar_name_1km","PACKWOOD","PACKWOOD"
5412,3760,"step1_similar_name_1km","ELLENSBURG","ELLENSBURG"
5413,3761,"step1_similar_name_1km","OTHELLO","OTHELLO"
5414,3762,"step1_similar_name_1km","PRESCOTT","PRESCOTT"
5415,3763,"step1_similar_name_1km","SPRING LAKE","SPRING LAKE"
5416,3764,"step1_similar_name_1km","WHITE CHUCK","WHITE CHUCK"
5417,3765,"step1_similar_name_1km","CARLTON","CARLTON"
5418,3766,"step1_similar_name_1km","NIGHTHAWK","NIGHTHAWK"
5419,3767,"step1_similar_name_1km","CURLEW","CURLEW"
5420,3768,"step1_similar_name_1km","SULLIVAN LK","SULLIVAN LK"
5421,3769,"step1_similar_name_1km","HURRICANE RG","HURRICANE RG"
5422,3770,"step1_similar_name_1km","CEDAR FALLS","CEDAR FALLS"
5423,3771,"step1_similar_name_1km","BLEWETT PASS","BLEWETT PASS"
5424,3772,"step1_similar_name_1km","HARTLINE","HARTLINE"
5425,3773,"step1_similar_name_1km","KEYSTONE","KEYSTONE"
5426,3774,"step1_similar_name_1km","MALDEN","MALDEN"
5427,3775,"step1_similar_name_1km","RAYMOND","RAYMOND"
5428,3776,"step1_similar_name_1km","MT ST HELENS","MT ST HELENS"
5429,3777,"step1_similar_name_1km","MT RAINIER","MT RAINIER"
5430,3778,"step1_similar_name_1km","HARWOOD","HARWOOD"
5431,3779,"step1_similar_name_1km","POTHOLES","POTHOLES"
5432,3780,"step1_similar_name_1km","HATTON","HATTON"
5433,3781,"step1_similar_name_1km","POMEROY","POMEROY"
5434,3782,"step1_similar_name_1km","BAY VIEW","BAY VIEW"
5435,3783,"step1_similar_name_1km","SUIATTLE RIV","SUIATTLE RIV"
5436,3784,"step1_similar_name_1km","MAZAMA","MAZAMA"
5437,3785,"step1_similar_name_1km","OMAK CREEK","OMAK CREEK"
5438,3786,"step1_similar_name_1km","LAURIER","LAURIER"
5439,3787,"step1_similar_name_1km","NORTHPORT","NORTHPORT"
5440,3788,"step1_similar_name_1km","MUKILTEO","MUKILTEO"
5441,3789,"step1_similar_name_1km","INDEX","INDEX"
5442,3790,"step1_similar_name_1km","L. WENATCHEE","L. WENATCHEE"
5443,3791,"step1_similar_name_1km","MOSES COULEE","MOSES COULEE"
5444,3792,"step1_similar_name_1km","ODESSA","ODESSA"
5445,3793,"step1_similar_name_1km","DEER PARK","DEER PARK"
5446,3794,"step1_similar_name_1km","PE ELL","PE ELL"
5448,3796,"step1_similar_name_1km","MT. ADAMS","MT. ADAMS"
5450,3798,"step1_similar_name_1km","MESA","MESA"
5451,3799,"step1_similar_name_1km","WALLA WALLA","WALLA WALLA"
5452,3800,"step1_similar_name_1km","CLOVERLAND","CLOVERLAND"
5455,3719,"step1_similar_name_1km","WARM BEACH 2","WARM BEACH"
5456,3801,"step1_similar_name_1km","CARNATION","CARNATION"
5457,3802,"step1_similar_name_1km","LAKE CHELAN","LAKE CHELAN"
5458,3803,"step1_similar_name_1km","MONTESAND","MONTESAND"
5459,3755,"step1_similar_name_1km","Ewan 2","EWAN"
5460,3804,"step1_similar_name_1km","MENDOTA 2","MENDOTA 2"
5461,3805,"step1_similar_name_1km","COLUMBIA NWR","COLUMBIA NWR"
5462,3806,"step1_similar_name_1km","ECKLER MTN.","ECKLER MTN."
5463,3807,"step1_similar_name_1km","SULLIVAN LAKE 2","SULLIVAN LAKE 2"
5465,3808,"step1_similar_name_1km","POMONA","POMONA"
5466,3809,"step1_similar_name_1km","SULPHUR","SULPHUR"
5468,3810,"step1_similar_name_1km","Scootney Reservoir","SCOOTNEY RESERVOIR"
5469,3811,"step1_similar_name_1km","WAITSBURG","WAITSBURG"
5470,3804,"step1_similar_name_1km","MENDOTA 3","MENDOTA 2"
5471,3812,"step1_similar_name_1km","SELAH","SELAH"
5472,3813,"step1_similar_name_1km","HANFORD SITE","HANFORD SITE"
5473,3814,"step1_similar_name_1km","ARID LAND ER","ARID LAND ER"
5475,3816,"step1_similar_name_1km","NO CASCADES","NO CASCADES"
5476,3817,"step1_similar_name_1km","VERLOT","VERLOT"
5477,3818,"step1_similar_name_1km","DECEPTION","DECEPTION"
5478,3819,"step1_similar_name_1km","TURNBULL NWR","TURNBULL NWR"
5479,3820,"step1_similar_name_1km","VASHON IS.","VASHON IS."
5480,3821,"step1_similar_name_1km","L PEND O NWR","L PEND O NWR"
5481,3822,"step1_similar_name_1km","E. MT. ADAMS","E. MT. ADAMS"
5482,3823,"step1_similar_name_1km","MCCHORD","MCCHORD"
5483,3824,"step1_similar_name_1km","RICHLAND","RICHLAND"
5484,3825,"step1_similar_name_1km","HORN RAPIDS","HORN RAPIDS"
5485,3826,"step1_similar_name_1km","HIX","HIX"
5486,3827,"step1_similar_name_1km","SMOOT","SMOOT"
5487,3828,"step1_similar_name_1km","PEDRO","PEDRO"
5488,3829,"step1_similar_name_1km","STOLLINGS","STOLLINGS"
5489,3830,"step1_similar_name_1km","BRAMWELL","BRAMWELL"
5490,3831,"step1_similar_name_1km","GHENT","GHENT"
5491,3832,"step1_similar_name_1km","HANOVER","HANOVER"
5492,3833,"step1_similar_name_1km","CLEAR CREEK","CLEAR CREEK"
5493,3834,"step1_similar_name_1km","WELCH","WELCH"
5494,3835,"step1_similar_name_1km","BREEDEN","BREEDEN"
5495,3836,"step1_similar_name_1km","PT PLEASANT","PT PLEASANT"
5496,3837,"step1_similar_name_1km","ARLEE","ARLEE"
5497,3838,"step1_similar_name_1km","HUBBARDSTOWN","HUBBARDSTOWN"
5498,3839,"step1_similar_name_1km","SPENCER","SPENCER"
5499,3840,"step1_similar_name_1km","CLENDENIN","CLENDENIN"
5500,3841,"step1_similar_name_1km","NICUT","NICUT"
5501,3842,"step1_similar_name_1km","FAYETTEVILLE","FAYETTEVILLE"
5502,3843,"step1_similar_name_1km","PARADISE","PARADISE"
5503,3844,"step1_similar_name_1km","YAWKEY","YAWKEY"
5505,3846,"step1_similar_name_1km","CANAAN","CANAAN"
5506,3847,"step1_similar_name_1km","VALLEY HEAD","VALLEY HEAD"
5507,3848,"step1_similar_name_1km","THREE FORKS","THREE FORKS"
5508,3849,"step1_similar_name_1km","SUTTON","SUTTON"
5509,3850,"step1_similar_name_1km","CEDARVILLE","CEDARVILLE"
5510,3851,"step1_similar_name_1km","DENMAR","DENMAR"
5511,3852,"step1_similar_name_1km","STRANGE CRK","STRANGE CRK"
5512,3853,"step1_similar_name_1km","RICHWOOD","RICHWOOD"
5513,3854,"step1_similar_name_1km","GREEN BANK","GREEN BANK"
5514,3855,"step1_similar_name_1km","SUGAR GROVE","SUGAR GROVE"
5515,3856,"step1_similar_name_1km","DAILEY","DAILEY"
5516,3857,"step1_similar_name_1km","MO OF SENECA","MO OF SENECA"
5517,3858,"step1_similar_name_1km","SLATE","SLATE"
5518,3859,"step1_similar_name_1km","ROCKPORT","ROCKPORT"
5519,3860,"step1_similar_name_1km","WASHBURN","WASHBURN"
5520,3861,"step1_similar_name_1km","MOUNDSVILLE","MOUNDSVILLE"
5521,3862,"step1_similar_name_1km","MONONGAH","MONONGAH"
5522,3863,"step1_similar_name_1km","MCDONALD","MCDONALD"
5523,3864,"step1_similar_name_1km","BERRYBURG","BERRYBURG"
5524,3865,"step1_similar_name_1km","BEBEE","BEBEE"
5525,3866,"step1_similar_name_1km","JOSEPHS MILL","JOSEPHS MILL"
5526,3867,"step1_similar_name_1km","SMITHFIELD","SMITHFIELD"
5527,3868,"step1_similar_name_1km","GREER","GREER"
5528,3869,"step1_similar_name_1km","ALBRIGHT","ALBRIGHT"
5529,3870,"step1_similar_name_1km","MEADOWVILLE","MEADOWVILLE"
5530,3871,"step1_similar_name_1km","MT STORM","MT STORM"
5531,3872,"step1_similar_name_1km","YELLOW SPG","YELLOW SPG"
5532,3873,"step1_similar_name_1km","RIO","RIO"
5533,3874,"step1_similar_name_1km","SLEEPY CREEK","SLEEPY CREEK"
5534,3875,"step1_similar_name_1km","MARTINSBURG","MARTINSBURG"
5535,3876,"step1_similar_name_1km","CLINTON","CLINTON"
5536,3877,"step1_similar_name_1km","RUTHBELLE","RUTHBELLE"
5538,3878,"step1_similar_name_1km","HENDERSON","HENDERSON"
5539,3879,"step1_similar_name_1km","BEVERLY","BEVERLY"
5540,3880,"step1_similar_name_1km","MEADLAND","MEADLAND"
5541,3881,"step1_similar_name_1km","BISMARK","BISMARK"
5542,3882,"step1_similar_name_1km","LOST RIVER","LOST RIVER"
5543,3883,"step1_similar_name_1km","SHANGHAI","SHANGHAI"
5544,3884,"step1_similar_name_1km","GLADE RUN","GLADE RUN"
5545,3885,"step1_similar_name_1km","BOWDEN","BOWDEN"
5546,3886,"step1_similar_name_1km","WYMER","WYMER"
5547,3887,"step1_similar_name_1km","GLADY","GLADY"
5548,3888,"step1_similar_name_1km","BEMIS","BEMIS"
5550,3890,"step1_similar_name_1km","CHAFFEY","CHAFFEY"
5551,3891,"step1_similar_name_1km","IRON RIVER","IRON RIVER"
5552,3892,"step1_similar_name_1km","MINONG","MINONG"
5553,3893,"step1_similar_name_1km","GRAND VIEW","GRAND VIEW"
5554,3894,"step1_similar_name_1km","BAYFIELD","BAYFIELD"
5555,3895,"step1_similar_name_1km","SHANAGOLDEN","SHANAGOLDEN"
5556,3896,"step1_similar_name_1km","MONTREAL","MONTREAL"
5557,3897,"step1_similar_name_1km","LAND O LAKES","LAND O LAKES"
5558,3898,"step1_similar_name_1km","HUDSON","HUDSON"
5559,3899,"step1_similar_name_1km","DRESSER","DRESSER"
5560,3900,"step1_similar_name_1km","UNION TWP","UNION TWP"
5561,3901,"step1_similar_name_1km","LORAINE","LORAINE"
5562,3902,"step1_similar_name_1km","CUMBERLAND","CUMBERLAND"
5563,3903,"step1_similar_name_1km","WEYERHAUSER","WEYERHAUSER"
5564,3904,"step1_similar_name_1km","COUDERAY","COUDERAY"
5565,3905,"step1_similar_name_1km","EXELAND","EXELAND"
5566,3906,"step1_similar_name_1km","GILMAN","GILMAN"
5567,3907,"step1_similar_name_1km","HOLWAY","HOLWAY"
5568,3908,"step1_similar_name_1km","PHILLIPS","PHILLIPS"
5569,3909,"step1_similar_name_1km","RIB LAKE","RIB LAKE"
5570,3910,"step1_similar_name_1km","MERRILL","MERRILL"
5571,3911,"step1_similar_name_1km","IRMA","IRMA"
5572,3912,"step1_similar_name_1km","MCNAUGHTON","MCNAUGHTON"
5573,3913,"step1_similar_name_1km","EAGLE RIVER","EAGLE RIVER"
5574,3914,"step1_similar_name_1km","POPPLE RIVER","POPPLE RIVER"
5575,3915,"step1_similar_name_1km","CRANDON","CRANDON"
5576,3916,"step1_similar_name_1km","HOLLISTER","HOLLISTER"
5577,3917,"step1_similar_name_1km","AMBERG","AMBERG"
5578,3918,"step1_similar_name_1km","WAUSAUKEE","WAUSAUKEE"
5579,3919,"step1_similar_name_1km","WASHINGTON I","WASHINGTON I"
5580,3920,"step1_similar_name_1km","ESDAILE","ESDAILE"
5581,3921,"step1_similar_name_1km","COCHRANE","COCHRANE"
5582,3922,"step1_similar_name_1km","GILMANTON","GILMANTON"
5583,3923,"step1_similar_name_1km","TREMPEALEAU","TREMPEALEAU"
5584,3924,"step1_similar_name_1km","CADOTT","CADOTT"
5585,3925,"step1_similar_name_1km","UNITY","UNITY"
5586,3926,"step1_similar_name_1km","HATFIELD","HATFIELD"
5587,3927,"step1_similar_name_1km","MATHER","MATHER"
5588,3928,"step1_similar_name_1km","STRATFORD","STRATFORD"
5589,3929,"step1_similar_name_1km","WIS RAPIDS","WIS RAPIDS"
5590,3930,"step1_similar_name_1km","STEVENS PT","STEVENS PT"
5591,3931,"step1_similar_name_1km","ELDERON","ELDERON"
5592,3932,"step1_similar_name_1km","SAXEVILLE","SAXEVILLE"
5593,3933,"step1_similar_name_1km","MANAWA","MANAWA"
5594,3934,"step1_similar_name_1km","OCONTO FALLS","OCONTO FALLS"
5595,3935,"step1_similar_name_1km","OMRO","OMRO"
5597,3937,"step1_similar_name_1km","MANITOWOC","MANITOWOC"
5598,3938,"step1_similar_name_1km","CASCO","CASCO"
5599,3939,"step1_similar_name_1km","NEWBURG CRNS","NEWBURG CRNS"
5600,3940,"step1_similar_name_1km","VIROQUA","VIROQUA"
5601,3941,"step1_similar_name_1km","ROLLING GRND","ROLLING GRND"
5602,3942,"step1_similar_name_1km","NEW LISBON","NEW LISBON"
5603,3943,"step1_similar_name_1km","KENDALL","KENDALL"
5604,3944,"step1_similar_name_1km","N FREEDOM","N FREEDOM"
5605,3945,"step1_similar_name_1km","PARDEEVILLE","PARDEEVILLE"
5606,3946,"step1_similar_name_1km","PRINCETON","PRINCETON"
5607,3947,"step1_similar_name_1km","FALL RIVER","FALL RIVER"
5608,3948,"step1_similar_name_1km","BROWNSVILLE","BROWNSVILLE"
5609,3949,"step1_similar_name_1km","ROLLING PR","ROLLING PR"
5610,3950,"step1_similar_name_1km","BEAVER DAM","BEAVER DAM"
5611,3951,"step1_similar_name_1km","EDEN","EDEN"
5612,3952,"step1_similar_name_1km","PT WASHINGTN","PT WASHINGTN"
5613,3953,"step1_similar_name_1km","N ANDOVER","N ANDOVER"
5614,3954,"step1_similar_name_1km","HAZEL GREEN","HAZEL GREEN"
5615,3955,"step1_similar_name_1km","WIOTA","WIOTA"
5616,3956,"step1_similar_name_1km","MOUNT HOREB","MOUNT HOREB"
5617,3957,"step1_similar_name_1km","HEBRON","HEBRON"
5618,3958,"step1_similar_name_1km","PARIS","PARIS"
5619,3959,"step1_similar_name_1km","RAYMOND","RAYMOND"
5620,3897,"step1_similar_name_1km","Land O' Lakes 2","LAND O LAKES"
5621,3960,"step1_similar_name_1km","STETSONVILLE","STETSONVILLE"
5622,3961,"step1_similar_name_1km","PIGEON CREEK","PIGEON CREEK"
5623,3962,"step1_similar_name_1km","Omro 2","OMRO 2"
5624,3963,"step1_similar_name_1km","VERONA","VERONA"
5625,3964,"step1_similar_name_1km","AMNICON FALLS","AMNICON FALLS"
5626,3965,"step1_similar_name_1km","MELLEN","MELLEN"
5627,3966,"step1_similar_name_1km","CONOVER","CONOVER"
5628,3967,"step1_similar_name_1km","BASHAW","BASHAW"
5629,3968,"step1_similar_name_1km","WEIRGOR SPRINGS","WEIRGOR SPRINGS"
5630,3969,"step1_similar_name_1km","FLAMBEAU","FLAMBEAU"
5631,3970,"step1_similar_name_1km","RHINELANDER","RHINELANDER"
5632,3971,"step1_similar_name_1km","CAVOUR","CAVOUR"
5633,3972,"step1_similar_name_1km","RIVER FALLS","RIVER FALLS"
5634,3973,"step1_similar_name_1km","MERIDEAN","MERIDEAN"
5635,3974,"step1_similar_name_1km","COLBY","COLBY"
5636,3975,"step1_similar_name_1km","BUENA VISTA","BUENA VISTA"
5637,3976,"step1_similar_name_1km","GRESHAM","GRESHAM"
5638,3977,"step1_similar_name_1km","GRIMMS","GRIMMS"
5639,3978,"step1_similar_name_1km","PRAIRIE DU CHIEN","PRAIRIE DU CHIEN"
5640,3979,"step1_similar_name_1km","HIGHLAND","HIGHLAND"
5641,3980,"step1_similar_name_1km","BRIGGSVILLE","BRIGGSVILLE"
5642,3981,"step1_similar_name_1km","KIEL","KIEL"
5643,3982,"step1_similar_name_1km","ANNATON","ANNATON"
5644,3983,"step1_similar_name_1km","BELOIT","BELOIT"
5645,3984,"step1_similar_name_1km","MUKWONAGO","MUKWONAGO"
5646,3985,"step1_similar_name_1km","HOLLAND","HOLLAND"
5647,3986,"step1_similar_name_1km","MUKWONAGO 2","MUKWONAGO 2"
5648,3987,"step1_similar_name_1km","NE ENTRANCE","NE ENTRANCE"
5649,3988,"step1_similar_name_1km","CODY","CODY"
5651,3990,"step1_similar_name_1km","BASIN","BASIN"
5652,3991,"step1_similar_name_1km","WYARNO","WYARNO"
5653,3992,"step1_similar_name_1km","CLARKELEN","CLARKELEN"
5654,3993,"step1_similar_name_1km","SUNDANCE","SUNDANCE"
5655,3994,"step1_similar_name_1km","COLTER BAY","COLTER BAY"
5656,3995,"step1_similar_name_1km","DUBOIS","DUBOIS"
5657,3996,"step1_similar_name_1km","MIDVALE","MIDVALE"
5658,3997,"step1_similar_name_1km","NOWOOD","NOWOOD"
5659,3998,"step1_similar_name_1km","NATRONA","NATRONA"
5660,3999,"step1_similar_name_1km","BILL","BILL"
5661,4000,"step1_similar_name_1km","REDBIRD","REDBIRD"
5662,4001,"step1_similar_name_1km","FONTENELLE","FONTENELLE"
5663,4002,"step1_similar_name_1km","ELK HORN","ELK HORN"
5664,4003,"step1_similar_name_1km","BEAR CREEK","BEAR CREEK"
5667,4006,"step1_similar_name_1km","GLENROCK","GLENROCK"
5668,4007,"step1_similar_name_1km","DWYER","DWYER"
5670,4009,"step1_similar_name_1km","MCKINNON","MCKINNON"
5671,4010,"step1_similar_name_1km","PATRICK DRAW","PATRICK DRAW"
5672,4011,"step1_similar_name_1km","SAVERY","SAVERY"
5673,4012,"step1_similar_name_1km","RIVERSIDE","RIVERSIDE"
5674,4013,"step1_similar_name_1km","BUFORD","BUFORD"
5675,4014,"step1_similar_name_1km","YODER","YODER"
5676,4015,"step1_similar_name_1km","CANYON","CANYON"
5677,4016,"step1_similar_name_1km","MAMMOTH","MAMMOTH"
5678,4017,"step1_similar_name_1km","WEST THUMB","WEST THUMB"
5679,4018,"step1_similar_name_1km","HUNTER PEAK","HUNTER PEAK"
5680,4019,"step1_similar_name_1km","CLARK","CLARK"
5681,4020,"step1_similar_name_1km","FRANNIE","FRANNIE"
5682,4021,"step1_similar_name_1km","MOOSE","MOOSE"
5683,4022,"step1_similar_name_1km","LOVELL","LOVELL"
5685,4024,"step1_similar_name_1km","TENSLEEP","TENSLEEP"
5686,4025,"step1_similar_name_1km","DAYTON","DAYTON"
5687,4026,"step1_similar_name_1km","BALD MTN","BALD MTN"
5688,4027,"step1_similar_name_1km","CRAZY WOMAN","CRAZY WOMAN"
5689,4028,"step1_similar_name_1km","SCHOONOVER","SCHOONOVER"
5690,4029,"step1_similar_name_1km","ARVADA","ARVADA"
5691,4030,"step1_similar_name_1km","RECLUSE","RECLUSE"
5693,4032,"step1_similar_name_1km","PINEY","PINEY"
5694,4033,"step1_similar_name_1km","SEELY","SEELY"
5695,4034,"step1_similar_name_1km","UPTON","UPTON"
5696,4035,"step1_similar_name_1km","MOSKEE","MOSKEE"
5698,4037,"step1_similar_name_1km","WILSON","WILSON"
5699,4038,"step1_similar_name_1km","HORSE CREEK","HORSE CREEK"
5700,4039,"step1_similar_name_1km","CROWHEART","CROWHEART"
5701,4040,"step1_similar_name_1km","ETHETE","ETHETE"
5702,4041,"step1_similar_name_1km","ANCHOR","ANCHOR"
5703,4042,"step1_similar_name_1km","GEBO","GEBO"
5704,4043,"step1_similar_name_1km","ARMINTO","ARMINTO"
5705,4044,"step1_similar_name_1km","LYSITE","LYSITE"
5706,4045,"step1_similar_name_1km","WORLAND","WORLAND"
5707,4046,"step1_similar_name_1km","TEAPOT DOME","TEAPOT DOME"
5709,4048,"step1_similar_name_1km","SUSSEX","SUSSEX"
5710,4049,"step1_similar_name_1km","HARLAND FLAT","HARLAND FLAT"
5711,4050,"step1_similar_name_1km","PINE TREE","PINE TREE"
5713,4052,"step1_similar_name_1km","RIVERVIEW","RIVERVIEW"
5714,4053,"step1_similar_name_1km","NEWCASTLE","NEWCASTLE"
5715,4054,"step1_similar_name_1km","RAVEN","RAVEN"
5716,4055,"step1_similar_name_1km","SODA LAKE","SODA LAKE"
5717,4056,"step1_similar_name_1km","BUCKSKIN MTN","BUCKSKIN MTN"
5718,4057,"step1_similar_name_1km","DANIEL","DANIEL"
5719,4058,"step1_similar_name_1km","BOULDER","BOULDER"
5720,4059,"step1_similar_name_1km","BIG SANDY","BIG SANDY"
5721,4060,"step1_similar_name_1km","FARSON","FARSON"
5722,4061,"step1_similar_name_1km","FIDDLER LK","FIDDLER LK"
5723,4062,"step1_similar_name_1km","SAND DRAW","SAND DRAW"
5724,4063,"step1_similar_name_1km","SWEETWATER","SWEETWATER"
5725,4064,"step1_similar_name_1km","GAS HILLS","GAS HILLS"
5726,4065,"step1_similar_name_1km","BAIROIL","BAIROIL"
5727,4066,"step1_similar_name_1km","LAMONT","LAMONT"
5728,4067,"step1_similar_name_1km","PATHFINDER","PATHFINDER"
5729,4068,"step1_similar_name_1km","LEO","LEO"
5730,4069,"step1_similar_name_1km","SHIRLEY","SHIRLEY"
5731,4070,"step1_similar_name_1km","WARBONNET","WARBONNET"
5732,4071,"step1_similar_name_1km","FLETCHER PK","FLETCHER PK"
5734,4073,"step1_similar_name_1km","MEADOWDALE","MEADOWDALE"
5735,4074,"step1_similar_name_1km","LUSK","LUSK"
5736,4075,"step1_similar_name_1km","LINGLE","LINGLE"
5737,4076,"step1_similar_name_1km","DIAMONDVILLE","DIAMONDVILLE"
5738,4077,"step1_similar_name_1km","MTN VIEW","MTN VIEW"
5739,4078,"step1_similar_name_1km","GREEN RIVER","GREEN RIVER"
5740,4079,"step1_similar_name_1km","RELIANCE","RELIANCE"
5741,4080,"step1_similar_name_1km","ROCK SPRINGS","ROCK SPRINGS"
5742,4081,"step1_similar_name_1km","BLACK ROCK","BLACK ROCK"
5744,4082,"step1_similar_name_1km","WAMSUTTER","WAMSUTTER"
5745,4083,"step1_similar_name_1km","RAWLINS","RAWLINS"
5746,4084,"step1_similar_name_1km","BAGGS","BAGGS"
5747,4085,"step1_similar_name_1km","WALCOTT","WALCOTT"
5748,4086,"step1_similar_name_1km","FOX PARK","FOX PARK"
5749,4087,"step1_similar_name_1km","RYAN PARK","RYAN PARK"
5750,4088,"step1_similar_name_1km","SYBILLE CYN","SYBILLE CYN"
5751,4089,"step1_similar_name_1km","ROCK RIVER","ROCK RIVER"
5752,4090,"step1_similar_name_1km","HARMONY","HARMONY"
5753,4091,"step1_similar_name_1km","CHEYENNE","CHEYENNE"
5754,4092,"step1_similar_name_1km","CHUGWATER","CHUGWATER"
5755,4093,"step1_similar_name_1km","PINE BLUFF","PINE BLUFF"
5757,4094,"step1_similar_name_1km","WELCH","WELCH"
5758,4095,"step1_similar_name_1km","FLAMIN GORGE","FLAMIN GORGE"
5759,4010,"step1_similar_name_1km","Patrick Draw 2","PATRICK DRAW"
5760,4011,"step1_similar_name_1km","Savery 2","SAVERY"
5761,4096,"step1_similar_name_1km","ROZET","ROZET"
5762,4097,"step1_similar_name_1km","SEELY 2","SEELY 2"
5763,4098,"step1_similar_name_1km","GVNT VALLEY","GVNT VALLEY"
5765,4099,"step1_similar_name_1km","Thunder Basin","THUNDER BASIN"
5766,4100,"step1_similar_name_1km","RYEGRASS","RYEGRASS"
5768,4101,"step1_similar_name_1km","CARTER","CARTER"
5769,4102,"step1_similar_name_1km","SEEDSKADEE","SEEDSKADEE"
5770,4080,"step1_similar_name_1km","ROCK SPRINGS 2","ROCK SPRINGS"
5772,4083,"step1_similar_name_1km","RAWLINS 2","RAWLINS"
5773,4104,"step1_similar_name_1km","CABALLA CRK","CABALLA CRK"
5774,4105,"step1_similar_name_1km","MORAN","MORAN"
5775,4106,"step1_similar_name_1km","BUCKNUM","BUCKNUM"
5776,4107,"step1_similar_name_1km","HAMPSHIRE","HAMPSHIRE"
5777,4010,"step1_similar_name_1km","Patrick Draw 3","PATRICK DRAW"
5778,4108,"step1_similar_name_1km","MOSKEE 2","MOSKEE 2"
5779,4101,"step1_similar_name_1km","CARTER 2","CARTER"
5780,4102,"step1_similar_name_1km","Seedskadee 2","SEEDSKADEE"
5781,3994,"step1_similar_name_1km","COLTER BAY 2","COLTER BAY"
5782,4010,"step1_similar_name_1km","Patrick Draw 4","PATRICK DRAW"
5784,4010,"step1_similar_name_1km","Patrick Draw 5","PATRICK DRAW"
5785,4010,"step1_similar_name_1km","Patrick Draw 6","PATRICK DRAW"
5787,4110,"step1_similar_name_1km","YELLOWSTONE","YELLOWSTONE"
5788,4111,"step1_similar_name_1km","PRIOR FLATS","PRIOR FLATS"
91,86,"step2_exact_name_40km_endpoint","VERNON","VERNON"
95,90,"step2_exact_name_40km_endpoint","WEDOWEE","WEDOWEE"
96,91,"step2_exact_name_40km_endpoint","GASTONBURG","GASTONBURG"
99,94,"step2_exact_name_40km_endpoint","CITRONELLE","CITRONELLE"
108,102,"step2_exact_name_40km_endpoint","RIVERSIDE","RIVERSIDE"
109,103,"step2_exact_name_40km_endpoint","SPROTT-CAHABA RIV","SPROTT-CAHABA RIV"
128,120,"step2_exact_name_40km_endpoint","SEWARD","SEWARD"
141,131,"step2_exact_name_40km_endpoint","KODIAK","KODIAK"
176,165,"step2_exact_name_40km_endpoint","WASILLA","WASILLA"
196,184,"step2_exact_name_40km_endpoint","GALBRAITH L.","GALBRAITH L."
197,185,"step2_exact_name_40km_endpoint","HAPPY VALLEY","HAPPY VALLEY"
199,187,"step2_exact_name_40km_endpoint","HOONAH","HOONAH"
205,193,"step2_exact_name_40km_endpoint","COTTONWOOD","COTTONWOOD"
211,199,"step2_exact_name_40km_endpoint","RUBY","RUBY"
220,208,"step2_exact_name_40km_endpoint","FT. RICHRDSN","FT. RICHRDSN"
223,211,"step2_exact_name_40km_endpoint","CHICHAGOF IS","CHICHAGOF IS"
227,215,"step2_exact_name_40km_endpoint","HYDER","HYDER"
228,216,"step2_exact_name_40km_endpoint","TATALINA","TATALINA"
569,329,"step2_exact_name_40km_endpoint","RAMSEY","RAMSEY"
577,337,"step2_exact_name_40km_endpoint","CROWS","CROWS"
835,402,"step2_exact_name_40km_endpoint","RIOVISTA","RIOVISTA"
882,449,"step2_exact_name_40km_endpoint","TRONA","TRONA"
948,512,"step2_exact_name_40km_endpoint","JOSHUA TREE","JOSHUA TREE"
1052,605,"step2_exact_name_40km_endpoint","HACKAMORE","HACKAMORE"
1064,617,"step2_exact_name_40km_endpoint","LITTLE TRUCKEE","LITTLE TRUCKEE"
1077,630,"step2_exact_name_40km_endpoint","MEDICINE MTN.","MEDICINE MTN."
1110,658,"step2_exact_name_40km_endpoint","CHEESMAN LK","CHEESMAN LK"
1121,669,"step2_exact_name_40km_endpoint","DOLORES","DOLORES"
1216,760,"step2_exact_name_40km_endpoint","SHERIDAN LAK","SHERIDAN LAK"
1226,770,"step2_exact_name_40km_endpoint","STILLWATER PASS","STILLWATER PASS"
1256,795,"step2_exact_name_40km_endpoint","MOUNT EVANS","MOUNT EVANS"
1322,855,"step2_exact_name_40km_endpoint","SUNNILAND GR","SUNNILAND GR"
1338,871,"step2_exact_name_40km_endpoint","DEFUNIAK SPR","DEFUNIAK SPR"
1349,882,"step2_exact_name_40km_endpoint","DEANVILLE","DEANVILLE"
1359,892,"step2_exact_name_40km_endpoint","ST LUCIE","ST LUCIE"
1366,899,"step2_exact_name_40km_endpoint","DEVILS GARDN","DEVILS GARDN"
1369,902,"step2_exact_name_40km_endpoint","CROSS CITY","CROSS CITY"
1386,912,"step2_exact_name_40km_endpoint","PUNTA GORDA","PUNTA GORDA"
1396,921,"step2_exact_name_40km_endpoint","VERO BEACH","VERO BEACH"
1401,907,"step2_exact_name_40km_endpoint","SEMINOLE HILLS 2","SEMINOLE HILLS 2"
1417,939,"step2_exact_name_40km_endpoint","MERRITT ISL","MERRITT ISL"
1423,945,"step2_exact_name_40km_endpoint","ST VINCENT I","ST VINCENT I"
1444,964,"step2_exact_name_40km_endpoint","NASHVILLE","NASHVILLE"
1460,980,"step2_exact_name_40km_endpoint","JACKSONBORO","JACKSONBORO"
1495,1014,"step2_exact_name_40km_endpoint","TARVER","TARVER"
1499,1016,"step2_exact_name_40km_endpoint","COUNCIL","COUNCIL"
1521,1038,"step2_exact_name_40km_endpoint","SHARON","SHARON"
1538,1053,"step2_exact_name_40km_endpoint","NAPLES","NAPLES"
1539,1054,"step2_exact_name_40km_endpoint","MIVODEN","MIVODEN"
1543,1058,"step2_exact_name_40km_endpoint","LOLO PASS","LOLO PASS"
1547,1061,"step2_exact_name_40km_endpoint","BAKER","BAKER"
1552,1066,"step2_exact_name_40km_endpoint","DUBOIS","DUBOIS"
1553,1067,"step2_exact_name_40km_endpoint","SQUIRREL","SQUIRREL"
1558,1072,"step2_exact_name_40km_endpoint","SPRINGFIELD","SPRINGFIELD"
1594,1106,"step2_exact_name_40km_endpoint","DANIELS RES","DANIELS RES"
1597,1108,"step2_exact_name_40km_endpoint","TWIN BUTTES","TWIN BUTTES"
1601,1112,"step2_exact_name_40km_endpoint","TRACTOR FLAT","TRACTOR FLAT"
1662,1173,"step2_exact_name_40km_endpoint","PULASKI","PULASKI"
1667,1178,"step2_exact_name_40km_endpoint","ROBINSON","ROBINSON"
1674,1185,"step2_exact_name_40km_endpoint","DUNCAN MILLS","DUNCAN MILLS"
1700,1210,"step2_exact_name_40km_endpoint","HARRISTOWN","HARRISTOWN"
1870,1375,"step2_exact_name_40km_endpoint","Lincolnville","Lincolnville"
1873,1378,"step2_exact_name_40km_endpoint","Ash Valley","Ash Valley"
1971,1471,"step2_exact_name_40km_endpoint","FISHVILLE","FISHVILLE"
1974,1474,"step2_exact_name_40km_endpoint","MER ROUGE","MER ROUGE"
2053,1549,"step2_exact_name_40km_endpoint","TENSAS NWR","TENSAS NWR"
2110,1576,"step2_exact_name_40km_endpoint","CASTINE","CASTINE"
2266,1638,"step2_exact_name_40km_endpoint","WILLIAMSPORT","WILLIAMSPORT"
2340,1706,"step2_exact_name_40km_endpoint","MARION","MARION"
2359,1725,"step2_exact_name_40km_endpoint","SHEFFIELD","SHEFFIELD"
2363,1727,"step2_exact_name_40km_endpoint","HOLDEN","HOLDEN"
2372,1735,"step2_exact_name_40km_endpoint","MARENISCO","MARENISCO"
2426,1789,"step2_exact_name_40km_endpoint","ADRIAN","ADRIAN"
2503,1862,"step2_exact_name_40km_endpoint","PINE RIVER","PINE RIVER"
2525,1884,"step2_exact_name_40km_endpoint","WASKISH","WASKISH"
2625,1978,"step2_exact_name_40km_endpoint","LATIMER","LATIMER"
2629,1981,"step2_exact_name_40km_endpoint","OKATIBBEE L.","OKATIBBEE L."
2747,2057,"step2_exact_name_40km_endpoint","SUNBURST","SUNBURST"
2764,2074,"step2_exact_name_40km_endpoint","JORDAN","JORDAN"
2788,2098,"step2_exact_name_40km_endpoint","BEAVERHEAD","BEAVERHEAD"
2860,2122,"step2_exact_name_40km_endpoint","PRYOR MTN.","PRYOR MTN."
2943,2178,"step2_exact_name_40km_endpoint","CALICO SPR","CALICO SPR"
2948,2183,"step2_exact_name_40km_endpoint","RYE PATCH","RYE PATCH"
2957,2192,"step2_exact_name_40km_endpoint","ILLIPAH","ILLIPAH"
2959,2194,"step2_exact_name_40km_endpoint","GARDNERVILLE","GARDNERVILLE"
2964,2199,"step2_exact_name_40km_endpoint","MINERVA","MINERVA"
2985,2217,"step2_exact_name_40km_endpoint","DESERT NWR","DESERT NWR"
2993,2221,"step2_exact_name_40km_endpoint","SHELDON NWR","SHELDON NWR"
2997,2225,"step2_exact_name_40km_endpoint","VIRGIN CREEK","VIRGIN CREEK"
3176,2295,"step2_exact_name_40km_endpoint","NAGEESI","NAGEESI"
3186,2304,"step2_exact_name_40km_endpoint","TUCUMCARI","TUCUMCARI"
3188,2306,"step2_exact_name_40km_endpoint","CORREO","CORREO"
3212,2330,"step2_exact_name_40km_endpoint","MCGAFFEY","MCGAFFEY"
3274,2387,"step2_exact_name_40km_endpoint","RIFTON","RIFTON"
3286,2399,"step2_exact_name_40km_endpoint","MERIDALE","MERIDALE"
3300,2413,"step2_exact_name_40km_endpoint","LISLE","LISLE"
3370,2483,"step2_exact_name_40km_endpoint","ELLENBURG","ELLENBURG"
3430,2531,"step2_exact_name_40km_endpoint","LINVILLE","LINVILLE"
3478,2577,"step2_exact_name_40km_endpoint","GUPTON","GUPTON"
3515,2614,"step2_exact_name_40km_endpoint","SYDNEY","SYDNEY"
3541,2640,"step2_exact_name_40km_endpoint","LARK","LARK"
3692,2745,"step2_exact_name_40km_endpoint","PIKE S.F.","PIKE S.F."
3732,2785,"step2_exact_name_40km_endpoint","SANDBLUFF","SANDBLUFF"
4113,2895,"step2_exact_name_40km_endpoint","CANBY","CANBY"
4115,2897,"step2_exact_name_40km_endpoint","MIKKALO","MIKKALO"
4123,2905,"step2_exact_name_40km_endpoint","OCHOCO","OCHOCO"
4149,2931,"step2_exact_name_40km_endpoint","DONNYBROOK","DONNYBROOK"
4151,2933,"step2_exact_name_40km_endpoint","DESOLATION","DESOLATION"
4155,2937,"step2_exact_name_40km_endpoint","PAUNINA","PAUNINA"
4159,2941,"step2_exact_name_40km_endpoint","SHEAVILLE","SHEAVILLE"
4160,2942,"step2_exact_name_40km_endpoint","SELMA","SELMA"
4205,2986,"step2_exact_name_40km_endpoint","ROSECRANS","ROSECRANS"
4274,3055,"step2_exact_name_40km_endpoint","BIG FLAT","BIG FLAT"
4756,3150,"step2_exact_name_40km_endpoint","ANDERSON","ANDERSON"
4768,3162,"step2_exact_name_40km_endpoint","GEDDES","GEDDES"
4795,3189,"step2_exact_name_40km_endpoint","CEDAR PASS","CEDAR PASS"
4808,3202,"step2_exact_name_40km_endpoint","WHITE RIVER","WHITE RIVER"
4810,3204,"step2_exact_name_40km_endpoint","HILL CITY","HILL CITY"
4811,3205,"step2_exact_name_40km_endpoint","BLACK FOX","BLACK FOX"
4822,3216,"step2_exact_name_40km_endpoint","PIONEER","PIONEER"
4827,3221,"step2_exact_name_40km_endpoint","FRENCH CREEK","FRENCH CREEK"
4889,3279,"step2_exact_name_40km_endpoint","KINGSVILLE","KINGSVILLE"
4891,3281,"step2_exact_name_40km_endpoint","RANDADO","RANDADO"
4905,3295,"step2_exact_name_40km_endpoint","STOWELL","STOWELL"
4913,3303,"step2_exact_name_40km_endpoint","LONE OAK","LONE OAK"
4915,3305,"step2_exact_name_40km_endpoint","UTOPIA","UTOPIA"
4925,3315,"step2_exact_name_40km_endpoint","VALLEY SPGS","VALLEY SPGS"
4949,3339,"step2_exact_name_40km_endpoint","GRAFORD","GRAFORD"
4959,3349,"step2_exact_name_40km_endpoint","GAINESVILLE","GAINESVILLE"
4963,3353,"step2_exact_name_40km_endpoint","WEINERT","WEINERT"
4970,3360,"step2_exact_name_40km_endpoint","RANKIN","RANKIN"
4974,3364,"step2_exact_name_40km_endpoint","DELAWARE CRK","DELAWARE CRK"
4984,3374,"step2_exact_name_40km_endpoint","CHANNING","CHANNING"
4986,3376,"step2_exact_name_40km_endpoint","TEXLINE","TEXLINE"
4988,3378,"step2_exact_name_40km_endpoint","BOOKER","BOOKER"
5038,3417,"step2_exact_name_40km_endpoint","MOON LAKE","MOON LAKE"
5045,3424,"step2_exact_name_40km_endpoint","CASTOLON","CASTOLON"
5074,3453,"step2_exact_name_40km_endpoint","EASTON","EASTON"
5083,3462,"step2_exact_name_40km_endpoint","SMYRNA","SMYRNA"
5138,3500,"step2_exact_name_40km_endpoint","SALT SPRINGS","SALT SPRINGS"
5140,3502,"step2_exact_name_40km_endpoint","BECK","BECK"
5154,3515,"step2_exact_name_40km_endpoint","NAVAJO LAKE","NAVAJO LAKE"
5160,3521,"step2_exact_name_40km_endpoint","SKYLINE DRIV","SKYLINE DRIV"
5210,3569,"step2_exact_name_40km_endpoint","PEPLIN MOUNTAIN","PEPLIN MOUNTAIN"
5226,3585,"step2_exact_name_40km_endpoint","WELLINGTON","WELLINGTON"
5232,3591,"step2_exact_name_40km_endpoint","CANYON RIMS","CANYON RIMS"
5233,3592,"step2_exact_name_40km_endpoint","NEWCASTLE","NEWCASTLE"
5266,3622,"step2_exact_name_40km_endpoint","MIDDLESEX","MIDDLESEX"
5273,3629,"step2_exact_name_40km_endpoint","HINESBURG","HINESBURG"
5298,3654,"step2_exact_name_40km_endpoint","BIG ISLAND","BIG ISLAND"
5327,3683,"step2_exact_name_40km_endpoint","MORAN","MORAN"
5447,3795,"step2_exact_name_40km_endpoint","RAINIER","RAINIER"
5449,3797,"step2_exact_name_40km_endpoint","YAKIMA","YAKIMA"
5474,3815,"step2_exact_name_40km_endpoint","CASCADE RIV","CASCADE RIV"
5504,3845,"step2_exact_name_40km_endpoint","OLCOTT","OLCOTT"
5549,3889,"step2_exact_name_40km_endpoint","GLADE RUN 2","GLADE RUN 2"
5596,3936,"step2_exact_name_40km_endpoint","CLINTONVILLE","CLINTONVILLE"
5650,3989,"step2_exact_name_40km_endpoint","OTTO","OTTO"
5665,4004,"step2_exact_name_40km_endpoint","ERVAY","ERVAY"
5666,4005,"step2_exact_name_40km_endpoint","BROOKHURST","BROOKHURST"
5669,4008,"step2_exact_name_40km_endpoint","CUMBERLAND","CUMBERLAND"
5684,4023,"step2_exact_name_40km_endpoint","MEETEETSE","MEETEETSE"
5692,4031,"step2_exact_name_40km_endpoint","SODA WELL","SODA WELL"
5697,4036,"step2_exact_name_40km_endpoint","ALPINE","ALPINE"
5708,4047,"step2_exact_name_40km_endpoint","MAYOWORTH","MAYOWORTH"
5712,4051,"step2_exact_name_40km_endpoint","HIGHLIGHT","HIGHLIGHT"
5733,4072,"step2_exact_name_40km_endpoint","SHAWNEE","SHAWNEE"
5786,4109,"step2_exact_name_40km_endpoint","HAYDEN VAL","HAYDEN VAL"
253,238,"step3_nearest_1km","KUSKULANA","MCCARTHY RD1"
1084,632,"step3_nearest_1km","Stonyford","HOUGH SPRINGS"
1199,651,"step3_nearest_1km","COMANCHE PK","HARMONY"
1242,772,"step3_nearest_1km","BLACK SULPHUR CR","PICEANCE BASIN"
1377,836,"step3_nearest_1km","NEW HOPE","SEMINOLE HLS"
1567,1060,"step3_nearest_1km","Baldy Mountain","GOLDEN"
1570,1068,"step3_nearest_1km","MORA","BLACKS CREEK"
1751,1282,"step3_nearest_1km","New Brunswick","MAPLEWOOD"
1897,1402,"step3_nearest_1km","WARFIELD","PAINTSVILLE"
1941,1416,"step3_nearest_1km","Brownsville","DEMUNBRUNS"
1998,1498,"step3_nearest_1km","FROGMORE","DUNBARTON"
2001,1501,"step3_nearest_1km","TRANSYLVANIA","HIGHLAND"
2316,1660,"step3_nearest_1km","Forest Grove","LA PLATA"
2319,1698,"step3_nearest_1km","Furnace Town","BERLIN"
2332,1652,"step3_nearest_1km","EARLTON","VAN BIBBER"
2337,1657,"step3_nearest_1km","Test Route 2019","BROOMES ISL"
2540,1899,"step3_nearest_1km","BROOK PARK","PINE CITY"
3442,2568,"step3_nearest_1km","AYDLETT","JARVISBURG"
4154,2936,"step3_nearest_1km","CINDERELLA","FISH LAKE"
5743,4047,"step3_nearest_1km","KAYCEE","MAYOWORTH"
5764,4050,"step3_nearest_1km","SAVAGETON","PINE TREE"
